Theme,Level 2,Level 3,Name,Key,Units,CDID,Link,Notes
"Business, Industry and Trade",Business,"Activity, Size and Location",UK businesses,Y,million,N/A,http://www.ons.gov.uk/ons/rel/bus-register/uk-business/2013/rft---table-1.xls,
"Business, Industry and Trade",Business,"Activity, Size and Location",GB businesses,Y,million,N/A,http://www.ons.gov.uk/ons/rel/bus-register/uk-business/2013/rft---table-1.xls,
"Business, Industry and Trade",Business,"Activity, Size and Location",England and Wales businesses,Y,million,N/A,http://www.ons.gov.uk/ons/rel/bus-register/uk-business/2013/rft---table-1.xls,
"Business, Industry and Trade",Business,"Activity, Size and Location",England businesses,Y,million,N/A,http://www.ons.gov.uk/ons/rel/bus-register/uk-business/2013/rft---table-1.xls,
"Business, Industry and Trade",Business,"Activity, Size and Location",Wales businesses,Y,million,N/A,http://www.ons.gov.uk/ons/rel/bus-register/uk-business/2013/rft---table-1.xls,
"Business, Industry and Trade",Business,Business Innovation,,,,,,Business investment would be more appropriate I think
"Business, Industry and Trade",Business,Business Services,,,,,,Not sure what this should cover - is this related to the service industry?
"Business, Industry and Trade",Changes to Business,Bankruptcy/Insolvency,,,,,,Not sure how this is different from the births/deaths node
"Business, Industry and Trade",Changes to Business,"Business Births, Deaths and Survival Rates",Business births,Y,number,N/A,http://www.ons.gov.uk/ons/rel/bus-register/business-demography/2012/rft-business-demography-2012-tables.xls,
"Business, Industry and Trade",Changes to Business,"Business Births, Deaths and Survival Rates",Business deaths,N,number,N/A,http://www.ons.gov.uk/ons/rel/bus-register/business-demography/2012/rft-business-demography-2012-tables.xls,
"Business, Industry and Trade",Changes to Business,"Business Births, Deaths and Survival Rates",Survival rate for businesses born in 2007 and 2012 ,N,%,N/A,http://www.ons.gov.uk/ons/rel/bus-register/business-demography/2012/rft-business-demography-2012-tables.xls,
"Business, Industry and Trade",Changes to Business,Mergers and Acquisitions,Number of acquisitions,Y,number,CBAQ,http://www.ons.gov.uk/ons/datasets-and-tables/data-selector.html?dataset=am,
"Business, Industry and Trade",Changes to Business,Mergers and Acquisitions,Value of acquisitions,N,£ million,CBBI,http://www.ons.gov.uk/ons/datasets-and-tables/data-selector.html?dataset=am,
"Business, Industry and Trade",Changes to Business,Mergers and Acquisitions,Number of dispOverseasals,N,number,CBAS,http://www.ons.gov.uk/ons/datasets-and-tables/data-selector.html?dataset=am,
"Business, Industry and Trade",Changes to Business,Mergers and Acquisitions,Value of dispOverseasals,N,£ million,CBBT,http://www.ons.gov.uk/ons/datasets-and-tables/data-selector.html?dataset=am,
"Business, Industry and Trade",International Trade,,Trade in goods and services defecit (or surplus),Y,£ million, IKBJ,http://www.ons.gov.uk/ons/datasets-and-tables/data-selector.html?dataset=mret,
"Business, Industry and Trade",International Trade,,Total imports in goods and services,N,£ million, IKBI,http://www.ons.gov.uk/ons/datasets-and-tables/data-selector.html?dataset=mret,
"Business, Industry and Trade",International Trade,,Totat exports in goods and services,N,£ million,IKBH,http://www.ons.gov.uk/ons/datasets-and-tables/data-selector.html?dataset=mret,
"Business, Industry and Trade",International Trade,,Balance of trade in goods from EMU member,Y,£ million,MHN9,http://www.ons.gov.uk/ons/datasets-and-tables/data-selector.html?dataset=mret,
"Business, Industry and Trade",International Trade,,Balance of trade in goods from all EU,N,£ million,L87Q,http://www.ons.gov.uk/ons/datasets-and-tables/data-selector.html?dataset=mret,
"Business, Industry and Trade",International Trade,,Balance of trade in goods from all Non-EU,N,£ million,L87K,http://www.ons.gov.uk/ons/datasets-and-tables/data-selector.html?dataset=mret,
"Business, Industry and Trade",Construction,,Value of construction output  - all new work,Y,£ Million,N/A,http://www.ons.gov.uk/ons/rel/construction/output-in-the-construction-industry/june-and-q2-2014/rft-output-tables-june-2014.xls,
"Business, Industry and Trade",Construction,,Value of construction output - all work,N,£ Million,N/A,http://www.ons.gov.uk/ons/rel/construction/output-in-the-construction-industry/june-and-q2-2014/rft-output-tables-june-2014.xls,
"Business, Industry and Trade",Construction,,Value of construction output - repariand mainanence,N,£ Million,N/A,http://www.ons.gov.uk/ons/rel/construction/output-in-the-construction-industry/june-and-q2-2014/rft-output-tables-june-2014.xls,
"Business, Industry and Trade",Construction,,Construction output - all new work,N,"Index, 2010 = 100",N/A,http://www.ons.gov.uk/ons/rel/construction/output-in-the-construction-industry/june-and-q2-2014/rft-output-tables-june-2014.xls,
"Business, Industry and Trade",Construction,,Construction output - all work,N,"Index, 2010 = 100",N/A,http://www.ons.gov.uk/ons/rel/construction/output-in-the-construction-industry/june-and-q2-2014/rft-output-tables-june-2014.xls,
"Business, Industry and Trade",Construction,,Construction output - repariand mainanence,N,"Index, 2010 = 100",N/A,http://www.ons.gov.uk/ons/rel/construction/output-in-the-construction-industry/june-and-q2-2014/rft-output-tables-june-2014.xls,
"Business, Industry and Trade",IT and Internet,,Total e-commerce sales,Y,£ billion,N/A,http://www.ons.gov.uk/ons/rel/rdit2/ict-activity-of-uk-businesses/2012/rft-ecom-2012.xls,
"Business, Industry and Trade",IT and Internet,,E-commerce sales (% turnover),N,%,N/A,http://www.ons.gov.uk/ons/rel/rdit2/ict-activity-of-uk-businesses/2012/rft-ecom-2012.xls,
"Business, Industry and Trade",IT and Internet,,Business with a website,N,%,N/A,http://www.ons.gov.uk/ons/rel/rdit2/ict-activity-of-uk-businesses/2012/rft-ecom-2012.xls,
"Business, Industry and Trade",IT and Internet,,Business with a broadband,N,%,N/A,http://www.ons.gov.uk/ons/rel/rdit2/ict-activity-of-uk-businesses/2012/rft-ecom-2012.xls,
"Business, Industry and Trade",Manufacturing and Production,,Index of Production,Y,%,K27Q,http://www.ons.gov.uk/ons/datasets-and-tables/data-selector.html?dataset=diop,
"Business, Industry and Trade",Manufacturing and Production,,Index of Production,N,"Index, 2010 = 100",K222,http://www.ons.gov.uk/ons/datasets-and-tables/data-selector.html?dataset=diop,
"Business, Industry and Trade",Manufacturing and Production,,Manufacturing,N,%,K27Y,http://www.ons.gov.uk/ons/datasets-and-tables/data-selector.html?dataset=diop,
"Business, Industry and Trade",Manufacturing and Production,,Manufacturing,N,"Index, 2010 = 100",K22A,http://www.ons.gov.uk/ons/datasets-and-tables/data-selector.html?dataset=diop,
"Business, Industry and Trade",Retail,,Retail Sales Value including automotive fuel ,Y,"Index, 2010 = 100",J5C4,http://www.ons.gov.uk/ons/datasets-and-tables/data-selector.html?dataset=drsi,
"Business, Industry and Trade",Retail,,Retail Sales Value excluding automotive fuel ,N,"Index, 2010 = 100",J468,http://www.ons.gov.uk/ons/datasets-and-tables/data-selector.html?dataset=drsi,
"Business, Industry and Trade",Retail,,Retail Sales Value including automotive fuel percentage change on same month a year earlier ,N,%,J5BS,http://www.ons.gov.uk/ons/datasets-and-tables/data-selector.html?dataset=drsi,
"Business, Industry and Trade",Retail,,Retail Sales Volume including automotive fuel ,N,"Index, 2010 = 100",J5EK,http://www.ons.gov.uk/ons/datasets-and-tables/data-selector.html?dataset=drsi,
"Business, Industry and Trade",Retail,,Retail Sales Volume excluding automotive fuel ,N,"Index, 2010 = 100",J467,http://www.ons.gov.uk/ons/datasets-and-tables/data-selector.html?dataset=drsi,
"Business, Industry and Trade",Retail,,Retail Sales Volume including automotive fuel percentage change on same month a year earlier ,N,%,J5EB,http://www.ons.gov.uk/ons/datasets-and-tables/data-selector.html?dataset=drsi,
"Business, Industry and Trade",Tourism,,Overseas visits to the UK,,000's,GMAT,http://www.ons.gov.uk/ons/datasets-and-tables/data-selector.html?dataset=ott,
"Business, Industry and Trade",Tourism,,UK visits abroad,,000's,GMAX,http://www.ons.gov.uk/ons/datasets-and-tables/data-selector.html?dataset=ott,
"Business, Industry and Trade",Tourism,,Overseas visits to UK Earnings ,,£ Million,GMAZ,http://www.ons.gov.uk/ons/datasets-and-tables/data-selector.html?dataset=ott,
"Business, Industry and Trade",Tourism,,UK visits abroad Expenditure  ,,£ Million,GMBB,http://www.ons.gov.uk/ons/datasets-and-tables/data-selector.html?dataset=ott,
,,,,,,,,
Economy,Economic Output,Output,Production Index ,Y,"Index, 2010 = 100",L2KQ,http://www.ons.gov.uk/ons/datasets-and-tables/data-selector.html?dataset=ukea,
Economy,Economic Output,Output,Manufacturing,N,"Index, 2010 = 100",L2KX,http://www.ons.gov.uk/ons/datasets-and-tables/data-selector.html?dataset=ukea,
Economy,Economic Output,Output,"Agriculture, Forestry and Fishing",N,"Index, 2010 = 100",L2KL,http://www.ons.gov.uk/ons/datasets-and-tables/data-selector.html?dataset=ukea,
Economy,Economic Output,Output,Construction Index ,N,"Index, 2010 = 100",L2N8,http://www.ons.gov.uk/ons/datasets-and-tables/data-selector.html?dataset=ukea,
Economy,Economic Output,Output,Services Index ,N,"Index, 2010 = 100",L2NC,http://www.ons.gov.uk/ons/datasets-and-tables/data-selector.html?dataset=ukea,
Economy,Economic Output,Productivity Measures,,,,,,
Economy,Economic Output,Public Services Productivity,,,,,,
Economy,Environmental Accounts,,Total energy consumption,Y,%,N/A,http://www.ons.gov.uk/ons/rel/environmental/uk-environmental-accounts/2014/rft-env-taxes.xls,
Economy,Environmental Accounts,,Greenhouse gas emissions (CO2 equivalent),N,million tonnes,N/A,http://www.ons.gov.uk/ons/rel/environmental/uk-environmental-accounts/2014/rft-ghg-emissions.xls,
Economy,Environmental Accounts,,Revenue from environmentally related taxes,N,£ billion,N/A,http://www.ons.gov.uk/ons/rel/environmental/uk-environmental-accounts/2014/rft-env-taxes.xls,
Economy,Environmental Accounts,,Spend on environmental protection activities,N,£ billion,N/A,http://www.ons.gov.uk/ons/rel/environmental/uk-environmental-accounts/2014/rft-epe-gov.xls,
Economy,"Government, Public Sector and Taxes",Local Government Finance,,,,,,
Economy,"Government, Public Sector and Taxes",Public Sector Finance,Public sector net borrowing excluding financial interventions,Y,£ million,ANNX,http://www.ons.gov.uk/ons/datasets-and-tables/data-selector.html?dataset=pusf,TO BE UPDATED IN OCTOBER
Economy,"Government, Public Sector and Taxes",Public Sector Finance,Public Sector net debt excluding banks,N,£ million,RUTN,http://www.ons.gov.uk/ons/datasets-and-tables/data-selector.html?dataset=pusf,TO BE UPDATED IN OCTOBER
Economy,"Government, Public Sector and Taxes",Public Sector Finance,Public Sector net debt excluding banks as a percentage of GDP,N,%,RUTO,http://www.ons.gov.uk/ons/datasets-and-tables/data-selector.html?dataset=pusf,TO BE UPDATED IN OCTOBER
Economy,"Government, Public Sector and Taxes",Public Sector Finance,Public Sector current budget excluding banks,N,£ million,HF6W,http://www.ons.gov.uk/ons/datasets-and-tables/data-selector.html?dataset=pusf,TO BE UPDATED IN OCTOBER
Economy,"Government, Public Sector and Taxes",Public Sector Finance,Public Sector net lending excluding banks,N,£ million,HF6X,http://www.ons.gov.uk/ons/datasets-and-tables/data-selector.html?dataset=pusf,TO BE UPDATED IN OCTOBER
Economy,"Government, Public Sector and Taxes",Public Sector Finance,Public Sector current budget,N,£ million,ANMU,http://www.ons.gov.uk/ons/datasets-and-tables/data-selector.html?dataset=pusf,TO BE UPDATED IN OCTOBER
Economy,"Government, Public Sector and Taxes",Public Sector Finance,Public Sector net investment,N,£ million,ANNW,http://www.ons.gov.uk/ons/datasets-and-tables/data-selector.html?dataset=pusf,TO BE UPDATED IN OCTOBER
Economy,"Government, Public Sector and Taxes",Public Sector Finance,Public Sector Net Cash Requirement (NCR),N,£ million,RURQ,http://www.ons.gov.uk/ons/datasets-and-tables/data-selector.html?dataset=pusf,TO BE UPDATED IN OCTOBER
Economy,"Government, Public Sector and Taxes",Public Spending,,,,,,
Economy,"Government, Public Sector and Taxes",Research and Development Expenditure,Gross domestic expenditure on research and development,Y,£ billion,GLBA,http://www.ons.gov.uk/ons/datasets-and-tables/data-selector.html?dataset=gerd,
Economy,"Government, Public Sector and Taxes",Research and Development Expenditure,Government expenditure on research and development,N,£ billion,GLBK,http://www.ons.gov.uk/ons/datasets-and-tables/data-selector.html?dataset=gerd,
Economy,"Government, Public Sector and Taxes",Research and Development Expenditure,Research Councils expenditure on research and development,N,£ billion,DMRS,http://www.ons.gov.uk/ons/datasets-and-tables/data-selector.html?dataset=gerd,
Economy,"Government, Public Sector and Taxes",Research and Development Expenditure,Business Enterprise expenditure on research and development,N,£ billion,GLBL,http://www.ons.gov.uk/ons/datasets-and-tables/data-selector.html?dataset=gerd,
Economy,"Government, Public Sector and Taxes",Research and Development Expenditure,Higher Education expenditure on research and development,N,£ billion,GLBM,http://www.ons.gov.uk/ons/datasets-and-tables/data-selector.html?dataset=gerd,
Economy,"Government, Public Sector and Taxes",Research and Development Expenditure,Private Non-Profit expenditure on research and development,N,£ billion,GLBN,http://www.ons.gov.uk/ons/datasets-and-tables/data-selector.html?dataset=gerd,
Economy,"Government, Public Sector and Taxes",Taxes and Revenue,,,,,,
Economy,GDP,,Chained Volume Measures - Gross Domestic Product,Y,£ million,ABMI    ,Various datasets dependent on latest month,Cut down to what we can - use full list as dataset
Economy,GDP,,Chained Volume Measures - GDP Quarter on Quarter growth ,N,%,IHYQ,Various datasets dependent on latest month,
Economy,GDP,,Chained Volume Measures - GDP Change on same Quarter a year ago ,N,%,IHYR,Various datasets dependent on latest month,
Economy,GDP,,Current Prices - Gross Domestic Product ,N,£ million,YBHA,Various datasets dependent on latest month,
Economy,GDP,,Current Prices - GDP Quarter on Quarter growth ,N,%,IHYN,Various datasets dependent on latest month,
Economy,GDP,,Current Prices - GDP Change on same Quarter a year ago ,N,%,IHYO,Various datasets dependent on latest month,
Economy,GDP,,Output Measure - Production Index ,N,"Index, 2010 = 100",L2KQ,Various datasets dependent on latest month,
Economy,GDP,,Output Measure - Manufacturing,N,"Index, 2010 = 100",L2KX,Various datasets dependent on latest month,
Economy,GDP,,"Output Measure - Agriculture, Forestry and Fishing",N,"Index, 2010 = 100",L2KL,Various datasets dependent on latest month,
Economy,GDP,,Output Measure - Construction Index ,N,"Index, 2010 = 100",L2N8,Various datasets dependent on latest month,
Economy,GDP,,Output Measure - Services Index ,N,"Index, 2010 = 100",L2NC,Various datasets dependent on latest month,
Economy,GDP,,Income Measure - Compensation of Employees ,N,£ million,DTWM,Various datasets dependent on latest month,
Economy,GDP,,Income Measure - Gross Operating Surplus ,N,£ million,CGBZ,Various datasets dependent on latest month,
Economy,GDP,,Income Measure - Other Income ,N,£ million,CGBX,Various datasets dependent on latest month,
Economy,GDP,,Income Measure - Taxes less Subsidies ,N,£ million,CMVL,Various datasets dependent on latest month,
Economy,GDP,,Expenditure Measure - Households ,N,£ million,ABPF,Various datasets dependent on latest month,
Economy,GDP,,Expenditure Measure - Non-profit institutions serving households (NPISHs) ,N,£ million,ABNU,Various datasets dependent on latest month,
Economy,GDP,,Expenditure Measure - General Government ,N,£ million,NMRU,Various datasets dependent on latest month,
Economy,GDP,,Expenditure Measure - Gross Fixed Capital Formation ,N,£ million,NPQR,Various datasets dependent on latest month,
Economy,GDP,,"GDP (average) per head, at current market prices ",N,£,IHXT,Various datasets dependent on latest month,
Economy,GDP,,"GDP (average) per head, Chained Volume Measures (CVM) market prices ",N,£,IHXW,Various datasets dependent on latest month,
Economy,GVA,,United Kingdom,Y,£ million,ABML,http://www.ons.gov.uk/ons/datasets-and-tables/data-selector.html?dataset=ragv,
Economy,GVA,,North East Gross Value Added,N,£ million,TMPW,http://www.ons.gov.uk/ons/datasets-and-tables/data-selector.html?dataset=ragv,
Economy,GVA,,North West Gross Value Added,N,£ million,TMPX,http://www.ons.gov.uk/ons/datasets-and-tables/data-selector.html?dataset=ragv,
Economy,GVA,,Yorkshire and The Humber Gross Value Added,N,£ million,TMPY,http://www.ons.gov.uk/ons/datasets-and-tables/data-selector.html?dataset=ragv,
Economy,GVA,,East Midlands Gross Value Added,N,£ million,TMPZ,http://www.ons.gov.uk/ons/datasets-and-tables/data-selector.html?dataset=ragv,
Economy,GVA,,West Midlands Gross Value Added,N,£ million,TMQA,http://www.ons.gov.uk/ons/datasets-and-tables/data-selector.html?dataset=ragv,
Economy,GVA,,East of England Gross Value Added,N,£ million,DGPH,http://www.ons.gov.uk/ons/datasets-and-tables/data-selector.html?dataset=ragv,
Economy,GVA,,London Gross Value Added,N,£ million,DGPI,http://www.ons.gov.uk/ons/datasets-and-tables/data-selector.html?dataset=ragv,
Economy,GVA,,South East Gross Value Added,N,£ million,DGPJ,http://www.ons.gov.uk/ons/datasets-and-tables/data-selector.html?dataset=ragv,
Economy,GVA,,South West Gross Value Added,N,£ million,TMQE,http://www.ons.gov.uk/ons/datasets-and-tables/data-selector.html?dataset=ragv,
Economy,GVA,,Wales Gross Value Added,N,£ million,TMQG,http://www.ons.gov.uk/ons/datasets-and-tables/data-selector.html?dataset=ragv,
Economy,GVA,,Scotland Gross Value Added,N,£ million,TMQH,http://www.ons.gov.uk/ons/datasets-and-tables/data-selector.html?dataset=ragv,
Economy,GVA,,Northern Ireland Gross Value Added,N,£ million,TMQI,http://www.ons.gov.uk/ons/datasets-and-tables/data-selector.html?dataset=ragv,
Economy,Inflation,,CPI,Y,%,D7BT,http://www.ons.gov.uk/ons/datasets-and-tables/data-selector.html?dataset=mm23,
Economy,Inflation,,CPI,N,"Index, 2005 = 100",D7G7,http://www.ons.gov.uk/ons/datasets-and-tables/data-selector.html?dataset=mm23,
Economy,Inflation,,CPIH ,N,%,L522,http://www.ons.gov.uk/ons/datasets-and-tables/data-selector.html?dataset=mm23,
Economy,Inflation,,CPIH ,N,"Index, 2005 = 100",L55O,http://www.ons.gov.uk/ons/datasets-and-tables/data-selector.html?dataset=mm23,
Economy,Inflation,,RPI,N,%,CHAW,http://www.ons.gov.uk/ons/datasets-and-tables/data-selector.html?dataset=mm23,
Economy,Inflation,,RPI,N,"Index, 2005 = 100",CZBH,http://www.ons.gov.uk/ons/datasets-and-tables/data-selector.html?dataset=mm23,
Economy,Inflation,,RPIJ,N,%,KVR8,http://www.ons.gov.uk/ons/datasets-and-tables/data-selector.html?dataset=mm23,
Economy,Inflation,,RPIJ,N,"Index, 2005 = 100",KVR9,http://www.ons.gov.uk/ons/datasets-and-tables/data-selector.html?dataset=mm23,
Economy,Investments,,Net investment flows into the UK,Y,£ billion,N/A,,
Economy,Investments,,Net flow of direct investment abroad by UK companies,N,£ billion,N/A,,
Economy,Investments,,Net investment flows to Europe,N,£ billion,N/A,,
Economy,National Accounts,Balance of Payments,Balance of Payments: Current balance,Y,£ million,HBOP,http://www.ons.gov.uk/ons/datasets-and-tables/data-selector.html?dataset=pnbp,
Economy,National Accounts,Balance of Payments,Balance of Payments: Total trade,N,£ million,IKBJ,http://www.ons.gov.uk/ons/datasets-and-tables/data-selector.html?dataset=pnbp,
Economy,National Accounts,Balance of Payments,Balance of Payments: Total income,N,£ million,HBOJ,http://www.ons.gov.uk/ons/datasets-and-tables/data-selector.html?dataset=pnbp,
Economy,National Accounts,Balance of Payments,Total exports of goods and services ,N,£ million,IKBH,http://www.ons.gov.uk/ons/datasets-and-tables/data-selector.html?dataset=pnbp,
Economy,National Accounts,Balance of Payments,Total imports of goods and services,N,£ million,IKBI,http://www.ons.gov.uk/ons/datasets-and-tables/data-selector.html?dataset=pnbp,
Economy,National Accounts,Balance of Payments,Current Transfers,N,£ million,IKBP,http://www.ons.gov.uk/ons/datasets-and-tables/data-selector.html?dataset=pnbp,
Economy,National Accounts,Satellite Accounts,,,,,,
Economy,National Accounts,Supply and Use Tables,,,,,,Not applicable
Economy,National Accounts,UK Sector Accounts,,,,,,
Economy,National Accounts,Gross Disposable Household Income,United Kingdom,Y,£ million,QWND,http://www.ons.gov.uk/ons/datasets-and-tables/data-selector.html?dataset=rghi,
Economy,National Accounts,Gross Disposable Household Income,North East,N,£ million,C92I,http://www.ons.gov.uk/ons/datasets-and-tables/data-selector.html?dataset=rghi,
Economy,National Accounts,Gross Disposable Household Income,North West,N,£ million,C92J,http://www.ons.gov.uk/ons/datasets-and-tables/data-selector.html?dataset=rghi,
Economy,National Accounts,Gross Disposable Household Income,Yorkshire and The Humber,N,£ million,C92K,http://www.ons.gov.uk/ons/datasets-and-tables/data-selector.html?dataset=rghi,
Economy,National Accounts,Gross Disposable Household Income,East Midlands,N,£ million,C92L,http://www.ons.gov.uk/ons/datasets-and-tables/data-selector.html?dataset=rghi,
Economy,National Accounts,Gross Disposable Household Income,West Midlands,N,£ million,C92M,http://www.ons.gov.uk/ons/datasets-and-tables/data-selector.html?dataset=rghi,
Economy,National Accounts,Gross Disposable Household Income,East of England,N,£ million,C92N,http://www.ons.gov.uk/ons/datasets-and-tables/data-selector.html?dataset=rghi,
Economy,National Accounts,Gross Disposable Household Income,London,N,£ million,C92O,http://www.ons.gov.uk/ons/datasets-and-tables/data-selector.html?dataset=rghi,
Economy,National Accounts,Gross Disposable Household Income,South East,N,£ million,C92P,http://www.ons.gov.uk/ons/datasets-and-tables/data-selector.html?dataset=rghi,
Economy,National Accounts,Gross Disposable Household Income,South West,N,£ million,C92Q,http://www.ons.gov.uk/ons/datasets-and-tables/data-selector.html?dataset=rghi,
Economy,National Accounts,Gross Disposable Household Income,England,N,£ million,C92R,http://www.ons.gov.uk/ons/datasets-and-tables/data-selector.html?dataset=rghi,
Economy,National Accounts,Gross Disposable Household Income,Wales,N,£ million,C92S,http://www.ons.gov.uk/ons/datasets-and-tables/data-selector.html?dataset=rghi,
Economy,National Accounts,Gross Disposable Household Income,Scotland,N,£ million,C92T,http://www.ons.gov.uk/ons/datasets-and-tables/data-selector.html?dataset=rghi,
Economy,National Accounts,Gross Disposable Household Income,Northern Ireland,N,£ million,C92U,http://www.ons.gov.uk/ons/datasets-and-tables/data-selector.html?dataset=rghi,
,,,,,,,,
Employment and Labour Market,People in Work,Earnings and Working Hours,Average weekly earning (total pay),Y,£,KAB9,http://www.ons.gov.uk/ons/datasets-and-tables/data-selector.html?dataset=lms,
Employment and Labour Market,People in Work,Earnings and Working Hours,Average weekly earning growth rate (total pay),N,%,KAF6,http://www.ons.gov.uk/ons/datasets-and-tables/data-selector.html?dataset=lms,
Employment and Labour Market,People in Work,Earnings and Working Hours,Average weekly earning (regular pay),N,£,KAI7,http://www.ons.gov.uk/ons/datasets-and-tables/data-selector.html?dataset=lms,
Employment and Labour Market,People in Work,Earnings and Working Hours,Average weekly earning growth rate (regular pay),N,%,KAI9,http://www.ons.gov.uk/ons/datasets-and-tables/data-selector.html?dataset=lms,
Employment and Labour Market,People in Work,Earnings and Working Hours,Average weekly earning (bonus pay),N,£,KAF4,http://www.ons.gov.uk/ons/datasets-and-tables/data-selector.html?dataset=lms,
Employment and Labour Market,People in Work,Earnings and Working Hours,Average weekly earning growth rate (bonus pay),N,%,KAF6,http://www.ons.gov.uk/ons/datasets-and-tables/data-selector.html?dataset=lms,
Employment and Labour Market,People in Work,Earnings and Working Hours,Average weekly hours worked – full time,N,hours,YBUY,http://www.ons.gov.uk/ons/datasets-and-tables/data-selector.html?dataset=lms,
Employment and Labour Market,People in Work,Earnings and Working Hours,Average weekly hours worked – part time,N,hours,YBVB,http://www.ons.gov.uk/ons/datasets-and-tables/data-selector.html?dataset=lms,
Employment and Labour Market,People in Work,Employment and Employee Types,Employment rate (aged 16-64),Y,%,LF24,http://www.ons.gov.uk/ons/datasets-and-tables/data-selector.html?dataset=lms,
Employment and Labour Market,People in Work,Employment and Employee Types,Employment 16+,N,000's,MGRZ,http://www.ons.gov.uk/ons/datasets-and-tables/data-selector.html?dataset=lms,
Employment and Labour Market,People in Work,Employment and Employee Types,Employment 16+ Female,N,000's,MGSB,http://www.ons.gov.uk/ons/datasets-and-tables/data-selector.html?dataset=lms,
Employment and Labour Market,People in Work,Employment and Employee Types,Employment 16+ Male,N,000's,MGSA,http://www.ons.gov.uk/ons/datasets-and-tables/data-selector.html?dataset=lms,
Employment and Labour Market,People in Work,Employment and Employee Types,Employment Rate (aged 16-64) Female,N,%,LF25,http://www.ons.gov.uk/ons/datasets-and-tables/data-selector.html?dataset=lms,
Employment and Labour Market,People in Work,Employment and Employee Types,Employment Rate (aged 16-64) Male,N,%,MGSV,http://www.ons.gov.uk/ons/datasets-and-tables/data-selector.html?dataset=lms,
Employment and Labour Market,People in Work,Employment and Employee Types,Vacancies,N,000's,AP2Y,http://www.ons.gov.uk/ons/datasets-and-tables/data-selector.html?dataset=lms,
Employment and Labour Market,People in Work,Labour Productivity,Output per worker,Y,"Index, 2010 = 100",A4YM,http://www.ons.gov.uk/ons/datasets-and-tables/data-selector.html?dataset=lms,
Employment and Labour Market,People in Work,Labour Productivity,Output per job,N,"Index, 2010 = 100",LNNN,http://www.ons.gov.uk/ons/datasets-and-tables/data-selector.html?dataset=lms,
Employment and Labour Market,People in Work,Labour Productivity,Output per hour,N,"Index, 2010 = 100",LZVB,http://www.ons.gov.uk/ons/datasets-and-tables/data-selector.html?dataset=lms,
Employment and Labour Market,People in Work,Workplace Disputes and Working Conditions,Working days lost,Y,000's,BBFW,http://www.ons.gov.uk/ons/datasets-and-tables/data-selector.html?dataset=lms,
Employment and Labour Market,People in Work,Workplace Disputes and Working Conditions,Working days lost in the Public Sector ,N,000's,F8XZ,http://www.ons.gov.uk/ons/datasets-and-tables/data-selector.html?dataset=lms,
Employment and Labour Market,People in Work,Workplace Disputes and Working Conditions,Working days lost in the Private Sector ,N,000's,F8Y2,http://www.ons.gov.uk/ons/datasets-and-tables/data-selector.html?dataset=lms,
Employment and Labour Market,People in Work,Workplace Disputes and Working Conditions,Number of stoppages,N,number,BLUU,http://www.ons.gov.uk/ons/datasets-and-tables/data-selector.html?dataset=lms,
Employment and Labour Market,People in Work,Workplace Pensions,,,,,,
Employment and Labour Market,People not in Work,Unemployment,Unemployment rate (aged 16-64),Y,%,MGSX,http://www.ons.gov.uk/ons/datasets-and-tables/data-selector.html?dataset=lms,
Employment and Labour Market,People not in Work,Unemployment,Unemployment 16+,N,000's,MGSC,http://www.ons.gov.uk/ons/datasets-and-tables/data-selector.html?dataset=lms,
Employment and Labour Market,People not in Work,Unemployment,Unemployment 16+ Female,N,000's,MGSE,http://www.ons.gov.uk/ons/datasets-and-tables/data-selector.html?dataset=lms,
Employment and Labour Market,People not in Work,Unemployment,Unemployment 16+ Male,N,000's,MGSD,http://www.ons.gov.uk/ons/datasets-and-tables/data-selector.html?dataset=lms,
Employment and Labour Market,People not in Work,Unemployment,Unemployment Rate (aged 16-64) Female,N,%,MDSZ,http://www.ons.gov.uk/ons/datasets-and-tables/data-selector.html?dataset=lms,
Employment and Labour Market,People not in Work,Unemployment,Unemployment Rate (aged 16-64) Male,N,%,MGSY,http://www.ons.gov.uk/ons/datasets-and-tables/data-selector.html?dataset=lms,
Employment and Labour Market,People not in Work,Unemployment,Total Claimant Count,N,000's,BCJD,http://www.ons.gov.uk/ons/datasets-and-tables/data-selector.html?dataset=lms,
Employment and Labour Market,People not in Work,Unemployment,Total Claimant Count Female,N,000's,DPAF,http://www.ons.gov.uk/ons/datasets-and-tables/data-selector.html?dataset=lms,
Employment and Labour Market,People not in Work,Unemployment,Total Claimant Count Male,N,000's,DPAE,http://www.ons.gov.uk/ons/datasets-and-tables/data-selector.html?dataset=lms,
Employment and Labour Market,Public Sector Personnel,,Total public sector employees: Head count,Y,000's,G7AU,http://www.ons.gov.uk/ons/datasets-and-tables/data-selector.html?dataset=pse,
Employment and Labour Market,Public Sector Personnel,,Total public sector employees: Full time equivalent,N,000's,G7G3,http://www.ons.gov.uk/ons/datasets-and-tables/data-selector.html?dataset=pse,
Employment and Labour Market,Public Sector Personnel,,Central government: Head count,N,000's,G6NQ,http://www.ons.gov.uk/ons/datasets-and-tables/data-selector.html?dataset=pse,
Employment and Labour Market,Public Sector Personnel,,Central government: Full time equivalent,N,000's,G7FP,http://www.ons.gov.uk/ons/datasets-and-tables/data-selector.html?dataset=pse,
Employment and Labour Market,Public Sector Personnel,,Local government: Head count,N,000's,G6NT,http://www.ons.gov.uk/ons/datasets-and-tables/data-selector.html?dataset=pse,
Employment and Labour Market,Public Sector Personnel,,Local government: Full time equivalent,N,000's,G7FS,http://www.ons.gov.uk/ons/datasets-and-tables/data-selector.html?dataset=pse,
,,,,,,,,
"People, Population and Community","Births, Deaths and Marriages",Adoption,Adoptions in England and Wales,Y,children,N/A,http://www.ons.gov.uk/ons/rel/vsob1/adoptions-in-england-and-wales/2012/rtd-adoptions-tables--2012.xls,
"People, Population and Community","Births, Deaths and Marriages",Adoption,Adoptions in England and Wales: Males,N,children,N/A,http://www.ons.gov.uk/ons/rel/vsob1/adoptions-in-england-and-wales/2012/rtd-adoptions-tables--2012.xls,
"People, Population and Community","Births, Deaths and Marriages",Adoption,Adoptions in England and Wales: Females,N,children,N/A,http://www.ons.gov.uk/ons/rel/vsob1/adoptions-in-england-and-wales/2012/rtd-adoptions-tables--2012.xls,
"People, Population and Community","Births, Deaths and Marriages",Adoption,Adoptions of children born within marriage,N,children,N/A,http://www.ons.gov.uk/ons/rel/vsob1/adoptions-in-england-and-wales/2012/rtd-adoptions-tables--2012.xls,
"People, Population and Community","Births, Deaths and Marriages",Adoption,Adoptions of children born outside marriage,N,children,N/A,http://www.ons.gov.uk/ons/rel/vsob1/adoptions-in-england-and-wales/2012/rtd-adoptions-tables--2012.xls,
"People, Population and Community","Births, Deaths and Marriages",Ageing,Centenarians in the UK,Y,number,N/A,http://www.ons.gov.uk/ons/rel/mortality-ageing/estimates-of-the-very-old--including-centenarians-/2002---2012--united-kingdom/rft-uk.xls,
"People, Population and Community","Births, Deaths and Marriages",Ageing,People aged 90 and over,N,number,N/A,http://www.ons.gov.uk/ons/rel/mortality-ageing/estimates-of-the-very-old--including-centenarians-/2002---2012--united-kingdom/rft-uk.xls,
"People, Population and Community","Births, Deaths and Marriages",Ageing,Men aged 90 and over,N,number,N/A,http://www.ons.gov.uk/ons/rel/mortality-ageing/estimates-of-the-very-old--including-centenarians-/2002---2012--united-kingdom/rft-uk.xls,
"People, Population and Community","Births, Deaths and Marriages",Ageing,Women aged 90 and over,N,number,N/A,http://www.ons.gov.uk/ons/rel/mortality-ageing/estimates-of-the-very-old--including-centenarians-/2002---2012--united-kingdom/rft-uk.xls,
"People, Population and Community","Births, Deaths and Marriages",Conception and Fertility Rates,Conceptions (all ages),Y,women,N/A,http://www.ons.gov.uk/ons/rel/vsob1/conception-statistics--england-and-wales/2012/rft-conception-statistics-2012.xls,
"People, Population and Community","Births, Deaths and Marriages",Conception and Fertility Rates,Under 18 conceptions,N,women,N/A,http://www.ons.gov.uk/ons/rel/vsob1/conception-statistics--england-and-wales/2012/rft-conception-statistics-2012.xls,
"People, Population and Community","Births, Deaths and Marriages",Conception and Fertility Rates,Under 18 conception rate,N,per 1000 women,N/A,http://www.ons.gov.uk/ons/rel/vsob1/conception-statistics--england-and-wales/2012/rft-conception-statistics-2012.xls,
"People, Population and Community","Births, Deaths and Marriages",Conception and Fertility Rates,Average completed family size,N,children,N/A,http://www.ons.gov.uk/ons/rel/fertility-analysis/cohort-fertility--england-and-wales/2012/rft-cohort-fertility-2012.xls,
"People, Population and Community","Births, Deaths and Marriages",Conception and Fertility Rates,Childlessness,N,%,N/A,http://www.ons.gov.uk/ons/rel/fertility-analysis/cohort-fertility--england-and-wales/2012/rft-cohort-fertility-2012.xls,
"People, Population and Community","Births, Deaths and Marriages",Deaths,UK deaths,Y,number,N/A,http://www.ons.gov.uk/ons/rel/vsob1/vital-statistics--population-and-health-reference-tables/winter-2013-update/annual-table.xls,
"People, Population and Community","Births, Deaths and Marriages",Deaths,England and Wales deaths,N,number,N/A,http://www.ons.gov.uk/ons/rel/vsob1/vital-statistics--population-and-health-reference-tables/winter-2013-update/annual-table.xls,
"People, Population and Community","Births, Deaths and Marriages",Deaths,England deaths,N,number,N/A,http://www.ons.gov.uk/ons/rel/vsob1/vital-statistics--population-and-health-reference-tables/winter-2013-update/annual-table.xls,
"People, Population and Community","Births, Deaths and Marriages",Deaths,Wales deaths,N,number,N/A,http://www.ons.gov.uk/ons/rel/vsob1/vital-statistics--population-and-health-reference-tables/winter-2013-update/annual-table.xls,
"People, Population and Community","Births, Deaths and Marriages",Deaths,Scotland deaths,N,number,N/A,http://www.ons.gov.uk/ons/rel/vsob1/vital-statistics--population-and-health-reference-tables/winter-2013-update/annual-table.xls,
"People, Population and Community","Births, Deaths and Marriages",Deaths,Northern Ireland deaths,N,number,N/A,http://www.ons.gov.uk/ons/rel/vsob1/vital-statistics--population-and-health-reference-tables/winter-2013-update/annual-table.xls,
"People, Population and Community","Births, Deaths and Marriages",Divorce,Number of Divorces,Y,couples,N/A,http://www.ons.gov.uk/ons/rel/vsob1/divorces-in-england-and-wales/2012/rtd-divorces---number-of-divorces-age-at-divorce-and-marital-status-before-marriage.xls,
"People, Population and Community","Births, Deaths and Marriages",Divorce,Average age at divorce: Men,N,years,N/A,http://www.ons.gov.uk/ons/rel/vsob1/divorces-in-england-and-wales/2012/rtd-divorces---number-of-divorces-age-at-divorce-and-marital-status-before-marriage.xls,
"People, Population and Community","Births, Deaths and Marriages",Divorce,Average age at divorce: Women,N,years,N/A,http://www.ons.gov.uk/ons/rel/vsob1/divorces-in-england-and-wales/2012/rtd-divorces---number-of-divorces-age-at-divorce-and-marital-status-before-marriage.xls,
"People, Population and Community","Births, Deaths and Marriages",Families,Families,Y,million,N/A,http://www.ons.gov.uk/ons/rel/family-demography/families-and-households/2013/rft-tables.xls,
"People, Population and Community","Births, Deaths and Marriages",Families,Married or civil partner couple families (with dependent children),N,million,N/A,http://www.ons.gov.uk/ons/rel/family-demography/families-and-households/2013/rft-tables.xls,
"People, Population and Community","Births, Deaths and Marriages",Families,Married or civil partner couple families (without dependent children),N,million,N/A,http://www.ons.gov.uk/ons/rel/family-demography/families-and-households/2013/rft-tables.xls,
"People, Population and Community","Births, Deaths and Marriages",Families,Cohabiting couple families (with dependent children),N,million,N/A,http://www.ons.gov.uk/ons/rel/family-demography/families-and-households/2013/rft-tables.xls,
"People, Population and Community","Births, Deaths and Marriages",Families,Cohabiting couple families (without dependent children),N,million,N/A,http://www.ons.gov.uk/ons/rel/family-demography/families-and-households/2013/rft-tables.xls,
"People, Population and Community","Births, Deaths and Marriages",Families,Lone parent families (with dependent children),N,million,N/A,http://www.ons.gov.uk/ons/rel/family-demography/families-and-households/2013/rft-tables.xls,
"People, Population and Community","Births, Deaths and Marriages",Families,Lone parent families (without dependent children),N,million,N/A,http://www.ons.gov.uk/ons/rel/family-demography/families-and-households/2013/rft-tables.xls,
"People, Population and Community","Births, Deaths and Marriages",Life Expectancies,Male Life expectancy at birth,Y,years,N/A,http://www.ons.gov.uk/ons/rel/subnational-health4/life-expec-at-birth-age-65/2006-08-to-2010-12/rft-table-1.xls,
"People, Population and Community","Births, Deaths and Marriages",Life Expectancies,Female Life expectancy at birth,Y,years,N/A,http://www.ons.gov.uk/ons/rel/subnational-health4/life-expec-at-birth-age-65/2006-08-to-2010-12/rft-table-1.xls,
"People, Population and Community","Births, Deaths and Marriages",Life Expectancies,Male Life expectancy at age 65,N,years,N/A,http://www.ons.gov.uk/ons/rel/subnational-health4/life-expec-at-birth-age-65/2006-08-to-2010-12/rft-table-1.xls,
"People, Population and Community","Births, Deaths and Marriages",Life Expectancies,Female Life expectancy at age 65,N,years,N/A,http://www.ons.gov.uk/ons/rel/subnational-health4/life-expec-at-birth-age-65/2006-08-to-2010-12/rft-table-1.xls,
"People, Population and Community","Births, Deaths and Marriages",Live Births,Live births in England and Wales ,Y,number,N/A,http://www.ons.gov.uk/ons/rel/vsob1/birth-summary-tables--england-and-wales/2013/rft-births-summary-tables-2013.xls,
"People, Population and Community","Births, Deaths and Marriages",Live Births,Total fertility rate,N,children per woman,N/A,http://www.ons.gov.uk/ons/rel/vsob1/birth-summary-tables--england-and-wales/2013/rft-births-summary-tables-2013.xls,
"People, Population and Community","Births, Deaths and Marriages",Live Births,Live births outside marriage,N,%,N/A,http://www.ons.gov.uk/ons/rel/vsob1/birth-summary-tables--england-and-wales/2013/rft-births-summary-tables-2013.xls,
"People, Population and Community","Births, Deaths and Marriages",Live Births,Live births to non-UK born mothers,N,%,N/A,http://www.ons.gov.uk/ons/rel/vsob1/birth-summary-tables--england-and-wales/2013/rft-births-summary-tables-2013.xls,
"People, Population and Community","Births, Deaths and Marriages","Marriage, Cohabitation and Civil Partnerships",Marriages,Y,number,N/A,http://www.ons.gov.uk/ons/rel/vsob1/marriages-in-england-and-wales--provisional-/2012/rtd-marriage-summary-statistics-2012--provisional-.xls,
"People, Population and Community","Births, Deaths and Marriages","Marriage, Cohabitation and Civil Partnerships",Civil partnerships,N,number,N/A,http://www.ons.gov.uk/ons/rel/vsob2/civil-partnership-statistics--united-kingdom/2012/rtd-formations.xls,
"People, Population and Community","Births, Deaths and Marriages","Marriage, Cohabitation and Civil Partnerships",General Marriage Rate,N,%,N/A,http://www.ons.gov.uk/ons/rel/vsob1/marriages-in-england-and-wales--provisional-/2012/rtd-marriage-summary-statistics-2012--provisional-.xls,
"People, Population and Community","Births, Deaths and Marriages",Maternities,Number of maternities,Y,number,N/A,http://www.ons.gov.uk/ons/rel/vsob1/birth-summary-tables--england-and-wales/2013/rft-births-summary-tables-2013.xls,
"People, Population and Community","Births, Deaths and Marriages",Stillbirths,Number of stillbirths,Y,number,N/A,http://www.ons.gov.uk/ons/rel/vsob1/birth-summary-tables--england-and-wales/2013/rft-births-summary-tables-2013.xls,
"People, Population and Community",Community,Cohesion and Participation,,,,,,Not applicable
"People, Population and Community",Community,Neighbourhoods,,,,,,Not applicable
"People, Population and Community",Crime and Justice,,Crimes recorded by police,Y,million,N/A,http://www.ons.gov.uk/ons/rel/crime-stats/crime-statistics/period-ending-march-2014/rft-table-1.xls,
"People, Population and Community",Crime and Justice,,Incidents of anti-social behaviour,N,million,N/A,http://www.ons.gov.uk/ons/rel/crime-stats/crime-statistics/period-ending-march-2014/rft-table-1.xls,
"People, Population and Community",Crime and Justice,,Crimes against households,N,million,N/A,http://www.ons.gov.uk/ons/rel/crime-stats/crime-statistics/period-ending-march-2014/rft-table-1.xls,
"People, Population and Community",Cultural Identity,Ethnicity,White,Y,%,N/A,http://www.ons.gov.uk/ons/rel/census/2011-census/key-statistics-for-local-authorities-in-england-and-wales/rft-table-ks201ew.xls,
"People, Population and Community",Cultural Identity,Ethnicity,Mixed/ Multiple Ethnic Groups,N,%,N/A,http://www.ons.gov.uk/ons/rel/census/2011-census/key-statistics-for-local-authorities-in-england-and-wales/rft-table-ks201ew.xls,
"People, Population and Community",Cultural Identity,Ethnicity,Asian/Asian British,N,%,N/A,http://www.ons.gov.uk/ons/rel/census/2011-census/key-statistics-for-local-authorities-in-england-and-wales/rft-table-ks201ew.xls,
"People, Population and Community",Cultural Identity,Ethnicity,Black/African/Caribbean/Black British,N,%,N/A,http://www.ons.gov.uk/ons/rel/census/2011-census/key-statistics-for-local-authorities-in-england-and-wales/rft-table-ks201ew.xls,
"People, Population and Community",Cultural Identity,Ethnicity,Other Ethnic Group,N,%,N/A,http://www.ons.gov.uk/ons/rel/census/2011-census/key-statistics-for-local-authorities-in-england-and-wales/rft-table-ks201ew.xls,
"People, Population and Community",Cultural Identity,Language,English as main language,Y,%,N/A,http://www.ons.gov.uk/ons/rel/census/2011-census/key-statistics-and-quick-statistics-for-wards-and-output-areas-in-england-and-wales/rft-qs204ew.xls,
"People, Population and Community",Cultural Identity,Language,English as main language,N,million,N/A,http://www.ons.gov.uk/ons/rel/census/2011-census/key-statistics-and-quick-statistics-for-wards-and-output-areas-in-england-and-wales/rft-qs204ew.xls,
"People, Population and Community",Cultural Identity,Language,English not main language,N,%,N/A,http://www.ons.gov.uk/ons/rel/census/2011-census/key-statistics-and-quick-statistics-for-wards-and-output-areas-in-england-and-wales/rft-qs204ew.xls,
"People, Population and Community",Cultural Identity,Language,English not main language,N,million,N/A,http://www.ons.gov.uk/ons/rel/census/2011-census/key-statistics-and-quick-statistics-for-wards-and-output-areas-in-england-and-wales/rft-qs204ew.xls,
"People, Population and Community",Cultural Identity,Religion,Christian ,Y,000's,N/A,http://www.ons.gov.uk/ons/rel/census/2011-census/key-statistics-for-local-authorities-in-england-and-wales/rft-table-ks209ew.xls,
"People, Population and Community",Cultural Identity,Religion,No religion,N,000's,N/A,http://www.ons.gov.uk/ons/rel/census/2011-census/key-statistics-for-local-authorities-in-england-and-wales/rft-table-ks209ew.xls,
"People, Population and Community",Cultural Identity,Religion,Muslim,N,000's,N/A,http://www.ons.gov.uk/ons/rel/census/2011-census/key-statistics-for-local-authorities-in-england-and-wales/rft-table-ks209ew.xls,
"People, Population and Community",Cultural Identity,Religion,Hindu,N,000's,N/A,http://www.ons.gov.uk/ons/rel/census/2011-census/key-statistics-for-local-authorities-in-england-and-wales/rft-table-ks209ew.xls,
"People, Population and Community",Cultural Identity,Religion,Sikh,N,000's,N/A,http://www.ons.gov.uk/ons/rel/census/2011-census/key-statistics-for-local-authorities-in-england-and-wales/rft-table-ks209ew.xls,
"People, Population and Community",Cultural Identity,Religion,Jewish,N,000's,N/A,http://www.ons.gov.uk/ons/rel/census/2011-census/key-statistics-for-local-authorities-in-england-and-wales/rft-table-ks209ew.xls,
"People, Population and Community",Cultural Identity,Religion,Buddhist,N,000's,N/A,http://www.ons.gov.uk/ons/rel/census/2011-census/key-statistics-for-local-authorities-in-england-and-wales/rft-table-ks209ew.xls,
"People, Population and Community",Cultural Identity,Sexuality,"Adults identifying themselves as Gay, Lesbian or Bisexual",Y,%,N/A,http://www.ons.gov.uk/ons/rel/integrated-household-survey/integrated-household-survey/april-2011-to-march-2012/prt-2-sexual-identity-by-age-group.xls,Data only available in bulletin (link to table download)
"People, Population and Community",Cultural Identity,Sexuality,Heterosexual / Straight,N,%,N/A,http://www.ons.gov.uk/ons/rel/integrated-household-survey/integrated-household-survey/april-2011-to-march-2012/prt-2-sexual-identity-by-age-group.xls,Data only available in bulletin
"People, Population and Community",Cultural Identity,Sexuality,Gay / Lesbian,N,%,N/A,http://www.ons.gov.uk/ons/rel/integrated-household-survey/integrated-household-survey/april-2011-to-march-2012/prt-2-sexual-identity-by-age-group.xls,Data only available in bulletin
"People, Population and Community",Cultural Identity,Sexuality,Bisexual,N,%,N/A,http://www.ons.gov.uk/ons/rel/integrated-household-survey/integrated-household-survey/april-2011-to-march-2012/prt-2-sexual-identity-by-age-group.xls,Data only available in bulletin
"People, Population and Community",Cultural Identity,Sexuality,Other,N,%,N/A,http://www.ons.gov.uk/ons/rel/integrated-household-survey/integrated-household-survey/april-2011-to-march-2012/prt-2-sexual-identity-by-age-group.xls,Data only available in bulletin
"People, Population and Community",Cultural Identity,Sexuality,Don't know / Refusal,N,%,N/A,http://www.ons.gov.uk/ons/rel/integrated-household-survey/integrated-household-survey/april-2011-to-march-2012/prt-2-sexual-identity-by-age-group.xls,Data only available in bulletin
"People, Population and Community",Education and Childcare,,,,,,,
"People, Population and Community",Elections,Electoral Registration,Parliamentary electors ,Y,number,N/A,http://www.ons.gov.uk/ons/rel/pop-estimate/electoral-statistics-for-uk/2013/rft---2013-uk-electoral-statistics-unformatted.xls,
"People, Population and Community",Elections,Electoral Registration,European\local government electors ,N,number,N/A,http://www.ons.gov.uk/ons/rel/pop-estimate/electoral-statistics-for-uk/2013/rft---2013-uk-electoral-statistics-unformatted.xls,
"People, Population and Community",Elections,General Elections,,,,,,
"People, Population and Community",Elections,Local Government Elections,,,,,,
"People, Population and Community",Health and Social Care,Causes of Death,,,,,,Should this be part of/linked to Deaths page?
"People, Population and Community",Health and Social Care,Child Health,,,,,,
"People, Population and Community",Health and Social Care,Conditions and Diseases,Cancer survival rate,Y,%,N/A,http://www.ons.gov.uk/ons/rel/vsob1/cancer-statistics-registrations--england--series-mb1-/no--42--2011/info-lung-cancer.html,
"People, Population and Community",Health and Social Care,Conditions and Diseases,Cancer mortality,N,%,N/A,http://www.ons.gov.uk/ons/rel/vsob1/cancer-statistics-registrations--england--series-mb1-/no--42--2011/info-lung-cancer.html,
"People, Population and Community",Health and Social Care,Conditions and Diseases,Cancer Incidence,N,%,N/A,http://www.ons.gov.uk/ons/rel/vsob1/cancer-statistics-registrations--england--series-mb1-/no--42--2011/info-lung-cancer.html,
"People, Population and Community",Health and Social Care,Conditions and Diseases,Deaths from MRSA,N,number,N/A,http://www.ons.gov.uk/ons/rel/subnational-health2/deaths-involving-mrsa/2008-to-2012/rft-table-1.xls,
"People, Population and Community",Health and Social Care,Conditions and Diseases,Deaths Involving Clostridium difficile,N,number,N/A,http://www.ons.gov.uk/ons/rel/subnational-health2/deaths-involving-clostridium-difficile/2012/reference-tables.xls,
"People, Population and Community",Health and Social Care,Disability,Long-term health problem or disability,Y,number,N/A,http://www.ons.gov.uk/ons/rel/census/2011-census/key-statistics-and-quick-statistics-for-local-authorities-in-the-united-kingdom---part-1/rft-qs303uk.xls,
"People, Population and Community",Health and Social Care,Disability,Day-to-day activities limited a lot,N,number,N/A,http://www.ons.gov.uk/ons/rel/census/2011-census/key-statistics-and-quick-statistics-for-local-authorities-in-the-united-kingdom---part-1/rft-qs303uk.xls,
"People, Population and Community",Health and Social Care,Disability,Day-to-day activities limited1 a little,N,number,N/A,http://www.ons.gov.uk/ons/rel/census/2011-census/key-statistics-and-quick-statistics-for-local-authorities-in-the-united-kingdom---part-1/rft-qs303uk.xls,
"People, Population and Community",Health and Social Care,Disability,Day-to-day activities not limited,N,number,N/A,http://www.ons.gov.uk/ons/rel/census/2011-census/key-statistics-and-quick-statistics-for-local-authorities-in-the-united-kingdom---part-1/rft-qs303uk.xls,
"People, Population and Community",Health and Social Care,"Drug use, Alcohol and Smoking",Deaths from drug-related poisoning,Y,number,N/A,http://www.ons.gov.uk/ons/rel/subnational-health3/deaths-related-to-drug-poisoning/2012/drugs-reference-tables.xls,
"People, Population and Community",Health and Social Care,"Drug use, Alcohol and Smoking",Deaths from drug misuse,N,number,N/A,http://www.ons.gov.uk/ons/rel/subnational-health3/deaths-related-to-drug-poisoning/2012/drugs-reference-tables.xls,
"People, Population and Community",Health and Social Care,"Drug use, Alcohol and Smoking",Alcohol-related deaths,N,number,N/A,http://www.ons.gov.uk/ons/rel/subnational-health4/alcohol-related-deaths-in-the-united-kingdom/2012/rft-table-1.xls,
"People, Population and Community",Health and Social Care,Health Care System,,,,,,
"People, Population and Community",Health and Social Care,Health Inequalities,,,,,,
"People, Population and Community",Health and Social Care,Health and Life Expectancies,,,,,,Should this be part of/linked to Life expectancies page?
"People, Population and Community",Health and Social Care,Health and Well-being,,,,,,Should this be part of/linked to Well-being page?
"People, Population and Community",Health and Social Care,Mental Health,,,,,,
"People, Population and Community",Health and Social Care,Social Care,,,,,,
"People, Population and Community",Household Characteristics,Home Internet and Social Media Usage,Adults in the UK that have used the Internet,Y,%,N/A,http://www.ons.gov.uk/ons/rel/rdit2/internet-access-quarterly-update/q1-2014/rft-ia-q1-2014.xls,
"People, Population and Community",Household Characteristics,Home Internet and Social Media Usage,Adults that have never used the Internet,N,%,N/A,http://www.ons.gov.uk/ons/rel/rdit2/internet-access-quarterly-update/q1-2014/rft-ia-q1-2014.xls,
"People, Population and Community",Housing,,UK average house price,Y,£,N/A,http://www.ons.gov.uk/ons/rel/hpi/house-price-index/may-2014/rft-monthly-and-qtly-may14.xls,
"People, Population and Community",Housing,,UK  house price,N,%,N/A,http://www.ons.gov.uk/ons/rel/hpi/house-price-index/may-2014/rft-monthly-and-qtly-may14.xls,
"People, Population and Community",Housing,,England average house price,N,£,N/A,http://www.ons.gov.uk/ons/rel/hpi/house-price-index/may-2014/rft-monthly-and-qtly-may14.xls,
"People, Population and Community",Housing,,Wales average house price,N,£,N/A,http://www.ons.gov.uk/ons/rel/hpi/house-price-index/may-2014/rft-monthly-and-qtly-may14.xls,
"People, Population and Community",Housing,,Scotland average house price,N,£,N/A,http://www.ons.gov.uk/ons/rel/hpi/house-price-index/may-2014/rft-monthly-and-qtly-may14.xls,
"People, Population and Community",Housing,,Northern Ireland average house price,N,£,N/A,http://www.ons.gov.uk/ons/rel/hpi/house-price-index/may-2014/rft-monthly-and-qtly-may14.xls,
"People, Population and Community",Leisure and Tourism,,Overseas visits to the UK,Y,000's,GMAA,http://www.ons.gov.uk/ons/datasets-and-tables/data-selector.html?dataset=ott,
"People, Population and Community",Leisure and Tourism,,UK visits abroad,N,000's,GMAF,http://www.ons.gov.uk/ons/datasets-and-tables/data-selector.html?dataset=ott,
"People, Population and Community",Leisure and Tourism,,Overseas visits to the UK: earnings,N,£ million,GMAK,http://www.ons.gov.uk/ons/datasets-and-tables/data-selector.html?dataset=ott,
"People, Population and Community",Leisure and Tourism,,UK visits abroad: expenditure,N,£ million,GMAM,http://www.ons.gov.uk/ons/datasets-and-tables/data-selector.html?dataset=ott,
"People, Population and Community",Personal and Household Finances,Debt,Total household debt,Y,£ billion,N/A,http://www.ons.gov.uk/ons/rel/was/wealth-in-great-britain-wave-2/the-burden-of-property-debt-in-great-britain/sty-household-debt--for-theme-page-.html,Cant find data tables for these
"People, Population and Community",Personal and Household Finances,Debt,Financial debt,N,£ billion,N/A,http://www.ons.gov.uk/ons/rel/was/wealth-in-great-britain-wave-2/the-burden-of-property-debt-in-great-britain/sty-household-debt--for-theme-page-.html,Cant find data tables for these
"People, Population and Community",Personal and Household Finances,Debt,Property debt,N,£ billion,N/A,http://www.ons.gov.uk/ons/rel/was/wealth-in-great-britain-wave-2/the-burden-of-property-debt-in-great-britain/sty-household-debt--for-theme-page-.html,Cant find data tables for these
"People, Population and Community",Personal and Household Finances,Debt,Median household financial debt,N,£ billion,N/A,http://www.ons.gov.uk/ons/rel/was/wealth-in-great-britain-wave-2/the-burden-of-property-debt-in-great-britain/sty-household-debt--for-theme-page-.html,Cant find data tables for these
"People, Population and Community",Personal and Household Finances,Debt,Median household property debt,N,£ billion,N/A,http://www.ons.gov.uk/ons/rel/was/wealth-in-great-britain-wave-2/the-burden-of-property-debt-in-great-britain/sty-household-debt--for-theme-page-.html,Cant find data tables for these
"People, Population and Community",Personal and Household Finances,Expenditure,Average total housing expenditure,Y,£ per week,N/A,http://www.ons.gov.uk/ons/rel/family-spending/family-spending/2013-edition/rft-2-2-final.xls,
"People, Population and Community",Personal and Household Finances,Income and Wealth,Median household income,Y,£,N/A,http://www.ons.gov.uk/ons/rel/was/wealth-in-great-britain-wave-3/wealth-and-income--2010-12/prt---table-1.xls,
"People, Population and Community",Personal and Household Finances,Income and Wealth,Median household wealth,N,£,N/A,http://www.ons.gov.uk/ons/rel/was/wealth-in-great-britain-wave-3/wealth-and-income--2010-12/prt---table-1.xls,
"People, Population and Community",Personal and Household Finances,"Pensions, Savings and Investments",,,,,,
"People, Population and Community",Population and Migration,International Migration,Net long-term migration to the UK,Y,number,N/A,http://www.ons.gov.uk/ons/rel/migration1/migration-statistics-quarterly-report/may-2014/provisional-13q4.xls,
"People, Population and Community",Population and Migration,International Migration,Immigration to the UK,N,number,N/A,http://www.ons.gov.uk/ons/rel/migration1/migration-statistics-quarterly-report/may-2014/provisional-13q4.xls,
"People, Population and Community",Population and Migration,International Migration,Emigration from the UK,N,number,N/A,http://www.ons.gov.uk/ons/rel/migration1/migration-statistics-quarterly-report/may-2014/provisional-13q4.xls,
"People, Population and Community",Population and Migration,Migration within the UK,Residents moving between local authorities ,Y,million,N/A,http://www.ons.gov.uk/ons/rel/migration1/internal-migration-by-local-authorities-in-england-and-wales/year-ending-june-2013/chd-figure-1.xls,
"People, Population and Community",Population and Migration,Population Estimates,UK population ,Y,million,N/A,http://www.ons.gov.uk/ons/rel/pop-estimate/population-estimates-for-uk--england-and-wales--scotland-and-northern-ireland/2013/rft---mid-2013-uk-population-estimates.zip,
"People, Population and Community",Population and Migration,Population Estimates,Great Britain population,N,million,N/A,http://www.ons.gov.uk/ons/rel/pop-estimate/population-estimates-for-uk--england-and-wales--scotland-and-northern-ireland/2013/rft---mid-2013-uk-population-estimates.zip,
"People, Population and Community",Population and Migration,Population Estimates,England and Wales population,N,million,N/A,http://www.ons.gov.uk/ons/rel/pop-estimate/population-estimates-for-uk--england-and-wales--scotland-and-northern-ireland/2013/rft---mid-2013-uk-population-estimates.zip,
"People, Population and Community",Population and Migration,Population Estimates,England population,N,million,N/A,http://www.ons.gov.uk/ons/rel/pop-estimate/population-estimates-for-uk--england-and-wales--scotland-and-northern-ireland/2013/rft---mid-2013-uk-population-estimates.zip,
"People, Population and Community",Population and Migration,Population Estimates,Scotland population,N,million,N/A,http://www.ons.gov.uk/ons/rel/pop-estimate/population-estimates-for-uk--england-and-wales--scotland-and-northern-ireland/2013/rft---mid-2013-uk-population-estimates.zip,
"People, Population and Community",Population and Migration,Population Estimates,Wales population,N,million,N/A,http://www.ons.gov.uk/ons/rel/pop-estimate/population-estimates-for-uk--england-and-wales--scotland-and-northern-ireland/2013/rft---mid-2013-uk-population-estimates.zip,
"People, Population and Community",Population and Migration,Population Estimates,Northern Ireland population,N,million,N/A,http://www.ons.gov.uk/ons/rel/pop-estimate/population-estimates-for-uk--england-and-wales--scotland-and-northern-ireland/2013/rft---mid-2013-uk-population-estimates.zip,
"People, Population and Community",Population and Migration,Population Estimates,Males in the UK,N,million,N/A,http://www.ons.gov.uk/ons/rel/pop-estimate/population-estimates-for-uk--england-and-wales--scotland-and-northern-ireland/2013/rft---mid-2013-uk-population-estimates.zip,
"People, Population and Community",Population and Migration,Population Estimates,Females in the UK,N,million,N/A,http://www.ons.gov.uk/ons/rel/pop-estimate/population-estimates-for-uk--england-and-wales--scotland-and-northern-ireland/2013/rft---mid-2013-uk-population-estimates.zip,
"People, Population and Community",Population and Migration,Population Projections,Mid-2037 UK population projected to reach,Y,million,N/A,http://www.ons.gov.uk/ons/rel/npp/national-population-projections/2012-based-projections/rft-table-a1-1-principal-projection---uk-summary.xls,
"People, Population and Community",Well-being,,Life Satisfaction,N,/10,N/A,http://www.ons.gov.uk/ons/rel/wellbeing/measuring-national-well-being/personal-well-being-across-the-uk--2012-13/rft-table-3.xls,
"People, Population and Community",Well-being,,Worthwhile,N,/10,N/A,http://www.ons.gov.uk/ons/rel/wellbeing/measuring-national-well-being/personal-well-being-across-the-uk--2012-13/rft-table-3.xls,
"People, Population and Community",Well-being,,Happiness,N,/10,N/A,http://www.ons.gov.uk/ons/rel/wellbeing/measuring-national-well-being/personal-well-being-across-the-uk--2012-13/rft-table-3.xls,
"People, Population and Community",Well-being,,Anxiety,N,/10,N/A,http://www.ons.gov.uk/ons/rel/wellbeing/measuring-national-well-being/personal-well-being-across-the-uk--2012-13/rft-table-3.xls,
