,AIHA,AIHD,AIHE,CBAQ,CBAS,CBAU,CBAW,CBAY,CBAZ,CBBA,CBBB,CBBI,CBBJ,CBBK,CBBL,CBBM,CBBT,CBBU,CBBV,CBBW,CBBX,CBBY,CBBZ,CBCA,CBCB,CBCC,CBCD,CBCE,CBCF,CBCG,CBCH,CBCI,CBCJ,CBCQ,CBCR,CBCS,CBCT,CBCU,CBDB,CBDC,CBDD,CBHZ,CBIA,CBIB,CBIC,CBID,CBIE,CBIF,CBIG,CBIH,CBII,DUCM,DWVH,DWVL,DWVW,DWVX,DWVY,DWVZ,DWWA,HCI7,HCI8,HCI9,HCJ2,HCJ3,HCJ4,HCJ5,HCJ6,HCJ7,HCJ8,HCJ9,HCK2,HCK3,HCK4,HCK5,HCK6,HCK7,HCK8,HCK9,HCL2,HCL3,HCL4,HCL5,HCL6,HCL7,HCL8,HCL9,HCM2,HCM3,HCM4,HCM5,HCM6,HCM7,HCM8,HCM9,HCN2,HCN3,HCN4,HCN5,HCN6,HCN7,HCN8,HCN9,HCO2,HCO3,HCO4,HCO5,HCO6,HCO7,HCO8,HCO9,HCP2,HCP3,HCP4,HCP5,HCP6,HIKB,HIKC
"1969",846,,,,,,,,,,,,,,,,,,,,,,,,,,,,,,,,,,,,,,,,,,,,,,,,,,,1069,,,,,,,,,,,,,,,,,,,,,,,,,,,,,,,,,,,,,,,,,,,,,,,,,,,,,,,,,,,,,,,,,
"1970",793,,,,,,,,,,,,,,,,,,,,,,,,,,,,,,,,,,,,,,,,,,,,,,,,,,,1122,,,,,,,,,,,,,,,,,,,,,,,,,,,,,,,,,,,,,,,,,,,,,,,,,,,,,,,,,,,,,,,,,
"1971",884,,,,,,,,,,,,,,,,,,,,,,,,,,,,,,,,,,,,,,,,,,,,,,,,,,,911,,,,,,,,,,,,,,,,,,,,,,,,,,,,,,,,,,,,,,,,,,,,,,,,,,,,,,,,,,,,,,,,,
"1972",1210,1459,580,,,,,,,,,,,,,,,,,,,,,,,,,,,,,,,,,,,,,,,,,,,,,,,,,2532,938,272,373,120,19,58,23,,,,,,,,,,,,,,,,,,,,,,,,,,,,,,,,,,,,,,,,,,,,,,,,,,,,,,,,,,
"1973",1205,466,147,,,,,,,,,,,,,,,,,,,,,,,,,,,,,,,,,,,,,,,,,,,,,,,,,1304,951,254,473,218,53,36,11,,,,,,,,,,,,,,,,,,,,,,,,,,,,,,,,,,,,,,,,,,,,,,,,,,,,,,,,,,
"1974",504,114,47,,,,,,,,,,,,,,,,,,,,,,,,,,,,,,,,,,,,,,,,,,,,,,,,,508,367,137,284,63,68,22,9,,,,,,,,,,,,,,,,,,,,,,,,,,,,,,,,,,,,,,,,,,,,,,,,,,,,,,,,,,
"1975",315,93,25,,,,,,,,,,,,,,,,,,,,,,,,,,,,,,,,,,,,,,,,,,,,,,,,,291,200,115,113,60,59,32,9,,,,,,,,,,,,,,,,,,,,,,,,,,,,,,,,,,,,,,,,,,,,,,,,,,,,,,,,,,
"1976",353,120,7,,,,,,,,,,,,,,,,,,,,,,,,,,,,,,,,,,,,,,,,,,,,,,,,,448,242,111,240,81,72,27,2,,,,,,,,,,,,,,,,,,,,,,,,,,,,,,,,,,,,,,,,,,,,,,,,,,,,,,,,,,
"1977",481,304,8,,,,,,,,,,,,,,,,,,,,,,,,,,,,,,,,,,,,,,,,,,,,,,,,,824,372,109,433,79,62,37,1,,,,,,,,,,,,,,,,,,,,,,,,,,,,,,,,,,,,,,,,,,,,,,,,,,,,,,,,,,
"1978",567,463,23,,,,,,,,,,,,,,,,,,,,,,,,,,,,,,,,,,,,,,,,,,,,,,,,,1140,441,126,505,149,57,41,2,,,,,,,,,,,,,,,,,,,,,,,,,,,,,,,,,,,,,,,,,,,,,,,,,,,,,,,,,,
"1979",534,515,208,,,,,,,,,,,,,,,,,,,,,,,,,,,,,,,,,,,,,,,,,,,,,,,,,1656,417,117,780,153,56,31,13,,,,,,,,,,,,,,,,,,,,,,,,,,,,,,,,,,,,,,,,,,,,,,,,,,,,,,,,,,
"1980",469,669,46,,,,,,,,,,,,,,,,,,,,,,,,,,,,,,,,,,,,,,,,,,,,,,,,,1475,368,101,623,137,52,45,3,,,,,,,,,,,,,,,,,,,,,,,,,,,,,,,,,,,,,,,,,,,,,,,,,,,,,,,,,,
"1981",452,338,31,,,,,,,,,,,,,,,,,,,,,,,,,,,,,,,,,,,,,,,,,,,,,,,,,1144,327,125,545,230,68,30,3,,,,,,,,,,,,,,,,,,,,,,,,,,,,,,,,,,,,,,,,,,,,,,,,,,,,,,,,,,
"1982",463,701,222,,,,,,,,,,,,,,,,,,,,,,,,,,,,,,,,,,,,,,,,,,,,,,,,,2206,299,164,641,642,58,32,10,,,,,,,,,,,,,,,,,,,,,,,,,,,,,,,,,,,,,,,,,,,,,,,,,,,,,,,,,,
"1983",447,1261,56,,,,,,,,,,,,,,,,,,,,,,,,,,,,,,,,,,,,,,,,,,,,,,,,,2343,305,142,689,337,44,54,2,,,,,,,,,,,,,,,,,,,,,,,,,,,,,,,,,,,,,,,,,,,,,,,,,,,,,,,,,,
"1984",568,1838,690,,,,,,,,,,,,,,,,,,,,,,,,,,,,,,,,,,,,,,,,,,,,,,,,,5474,398,170,2120,826,54,34,13,,,,,,,,,,,,,,,,,,,,,,,,,,,,,,,,,,,,,,,,,,,,,,,,,,,,,,,,,,
"1985",474,3708,525,,,,,,,,,,,,,,,,,,,,,,,,,,,,,,,,,,,,,,,,,,,,,,,,,7090,340,134,2473,384,40,52,7,,,,,,,,,,,,,,,,,,,,,,,,,,,,,,,,,,,,,,,,,,,,,,,,,,,,,,,,,,
"1986",842,8761,2548,,,54,13,,,,,,,,,,,,,,,,,,,,,,,14,1097,18,265,1552,2,136,8,309,536,42,1077,3,119,10,359,11,448,1,86,1,2,15370,621,221,1669,2393,26,57,17,,,,,,,,,,,,,,,,,,,,,,,,,,,,,,,,,,,,,,,,,,,,,,,,,,,,,,,,,,
"1987",1528,9974,853,431,118,61,15,124,1615,195,9141,12058,30,613,36,2781,3961,292,6136,61,3377,97,2547,92,1257,6,160,22,2544,12,979,22,225,2701,3,282,8,898,1198,52,1935,3,433,7,335,13,1059,0,0,2,139,16539,1188,340,3192,2519,35,60,5,,,,,,,,,,,,,,,,,,,,,,,,,,,,,,,,,,,,,,,,,,,,,,,,,,,,,,,,,11871,4667
"1988",1499,4993,1853,648,112,99,16,179,1758,320,13729,17300,23,172,45,3139,3880,442,6310,124,4375,132,6616,76,2375,4,99,38,1406,33,1158,25,872,5690,2,78,7,151,668,78,2301,15,341,11,3049,9,488,0,0,8,181,22839,1123,376,11572,4421,70,22,8,,,,,,,,,,,,,,,,,,,,,,,,,,,,,,,,,,,,,,,,,,,,,,,,,,,,,,,,,17307,5532
"1989",1337,3520,1374,681,134,168,17,283,2730,266,17544,22622,28,494,60,1785,3659,434,6593,111,4956,193,11073,111,2980,2,30,24,649,59,3831,42,5475,12130,4,845,9,1802,3017,122,6196,41,4608,9,1327,15,2678,0,0,2,339,27250,896,441,17049,5307,82,13,5,,,,,,,,,,,,,,,,,,,,,,,,,,,,,,,,,,,,,,,,,,,,,,,,,,,,,,,,,21572,5677
"1990",779,1533,393,586,134,143,19,245,3943,183,7169,12952,47,1479,40,3986,6175,433,7092,68,3339,128,2521,101,3162,3,5,33,3008,53,3409,32,1785,10958,1,8,7,320,1200,113,7006,35,2925,23,1029,13,1118,1,8,5,75,8329,437,342,3731,2671,77,18,5,,,,,,,,,,,,,,,,,,,,,,,,,,,,,,,,,,,,,,,,,,,,,,,,,,,,,,,,,5388,2941
"1991",506,3034,121,550,157,146,17,208,3839,144,4043,9688,48,398,50,942,1757,461,8037,55,891,97,764,140,1297,4,50,19,410,61,1749,39,1782,6667,6,53,7,879,1027,120,3679,10,589,23,2400,15,488,0,0,3,539,10434,292,214,4482,2796,70,29,1,,,,,,,,,,,,,,,,,,,,,,,,,,,,,,,,,,,,,,,,,,,,,,,,,,,,,,,,,7487,2945
"1992",432,2122,47,679,219,210,29,272,2994,138,2139,7264,78,1180,59,1158,3536,578,5766,45,578,67,921,180,2758,5,33,38,745,96,1603,64,1591,4139,11,601,7,206,1407,171,3157,15,220,38,762,17,859,0,0,13,548,5941,232,200,2028,1744,64,36,1,,,,,,,,,,,,,,,,,,,,,,,,,,,,,,,,,,,,,,,,,,,,,,,,,,,,,,,,,4108,1833
"1993",526,1162,211,521,221,267,73,206,2978,136,4683,9213,70,860,70,2369,4779,380,5971,46,911,86,2331,172,3509,2,7,35,1264,67,941,128,2764,5187,28,305,26,400,1111,204,3874,19,225,45,1087,58,689,4,126,15,295,7063,337,189,1799,3891,81,17,3,,,,,,,,,,,,,,,,,,,,,,,,,,,,,,,,,,,,,,,,,,,,,,,,,,,,,,,,,2986,4078
"1994",674,2823,144,422,149,202,38,175,5012,114,8366,15164,50,627,39,2746,5733,296,7853,51,1423,70,5888,124,3934,2,522,26,1277,59,2312,93,2115,5213,15,119,12,342,1476,132,3615,24,883,30,715,25,679,4,105,12,692,8269,465,209,3063,2239,64,34,2,,,,,,,,,,,,,,,,,,,,,,,,,,,,,,,,,,,,,,,,,,,,,,,,,,,,,,,,,5743,2526
"1995",505,6617,459,365,117,131,21,127,2927,130,6979,11967,44,1165,46,4132,5989,275,5174,68,4210,53,2583,89,4191,11,366,27,1432,42,6697,64,4793,12817,10,253,6,801,1511,96,8697,27,2465,26,1655,16,1273,0,0,7,238,32600,299,206,19802,5722,78,20,2,,,,,,,,,,,,,,,,,,,,,,,,,,,,,,,,,,,,,,,,,,,,,,,,,,,,,,,,,25647,6953
"1996",584,10926,265,442,178,133,18,182,3100,108,6754,13377,59,933,52,5929,7807,321,6982,85,3764,64,2631,144,5497,17,1034,35,1276,39,1890,67,5824,9513,9,607,5,265,1033,102,4555,20,1820,21,3138,13,961,1,53,4,19,30742,336,248,11567,7984,64,36,1,,,,,,,,,,,,,,,,,,,,,,,,,,,,,,,,,,,,,,,,,,,,,,,,,,,,,,,,,23348,7394
"1997",506,15583,323,464,176,193,28,183,6564,135,8928,19176,76,2250,39,1786,7348,340,14152,81,2567,70,2457,134,3707,20,1274,39,2367,51,4084,106,9823,15717,11,394,11,645,1478,146,8594,27,3030,31,4093,16,582,5,156,10,740,26829,384,122,6851,4072,41,58,1,,,,,,,,,,,,,,,,,,,,,,,,,,,,,,,,,,,,,,,,,,,,,,,,,,,,,,,,,22453,4376
"1998",635,13160,595,569,218,252,46,225,5642,165,45273,54917,87,2779,52,3907,12814,403,43671,112,7923,88,3323,175,6405,24,1609,41,4800,60,5559,152,21898,32413,22,1623,19,1701,3471,207,21052,38,5991,32,5368,39,3186,,,,,29525,485,150,10471,5298,53,45,2,,,,,,,,,,,,,,,,,,,,,,,,,,,,,,,,,,,,,,,,,,,,,,,,,,,,,,,,,24086,5439
"1999",493,9592,351,590,198,252,39,218,35016,196,68939,111193,77,2482,65,6408,12586,414,95209,116,9788,108,6196,139,8021,29,1250,52,3315,108,36875,117,22597,60860,17,1433,,,5518,179,34888,59,19949,36,6023,22,4323,11,232,12,963,26163,400,93,12605,3615,62,37,1,,,,,,,,,,,,,,,,,,,,,,,,,,,,,,,,,,,,,,,,,,,,,,,,,,,,,,,,,22211,3952
"2000",587,65570,1272,557,168,227,43,231,125868,190,39567,181285,62,4896,61,8097,29857,384,159630,114,12393,93,9262,127,14741,20,6347,44,8769,105,41554,81,18844,64618,16,3152,15,754,4899,172,56892,54,4223,34,3503,29,3985,8,471,10,443,106916,466,121,33906,6168,37,62,1,,,,,,,,,,,,,,,,,,,,,,,,,,,,,,,,,,,,,,,,,,,,,,,,,,,,,,,,,100513,6403
"2001",492,12356,1445,371,139,162,62,137,18340,117,9496,41473,61,12040,36,11113,28494,268,29545,90,8003,35,3925,102,22875,17,582,40,5037,70,15820,55,7061,24382,23,1638,22,2119,4464,113,11697,33,7797,36,4888,40,1528,7,504,23,2432,28994,319,173,8489,6704,52,43,5,,,,,,,,,,,,,,,,,,,,,,,,,,,,,,,,,,,,,,,,,,,,,,,,,,,,,,,,,21029,7965
"2002",430,6780,891,262,128,117,60,106,10297,69,9804,26626,43,1823,34,3810,7074,185,17000,52,5556,44,4070,103,5709,,,,,55,11628,45,4192,16798,18,1933,31,4274,7912,93,13729,25,2179,9,890,49,4217,3,85,14,3610,25236,323,107,9574,7991,69,27,4,,,,,,,,,,,,,,,,,,,,,,,,,,,,,,,,,,,,,,,,,,,,,,,,,,,,,,,,,16998,8238
"2003",558,1667,873,243,136,129,55,99,4630,57,12903,20756,47,830,43,2046,8643,161,13043,54,5422,47,2291,105,6920,12,1264,28,459,41,920,49,5803,9309,25,1553,,,3620,76,2978,37,3033,34,3298,39,994,,,,,18679,392,166,8956,7183,86,9,5,,,,,,,,,,,,,,,,,,,,,,,,,,,,,,,,,,,,,,,,,,,,,,,,,,,,,,,,,10954,7725
"2004",741,10338,1168,305,118,178,54,117,3466,101,10757,18709,40,1078,24,2438,5485,186,9250,69,8076,71,1383,87,3294,17,931,21,1260,51,13936,75,11809,29928,23,1507,21,3064,5514,128,23527,39,2897,36,3504,38,3564,9,369,17,1581,31408,577,164,12080,7822,63,33,4,,,,,,,,,,,,,,,,,,,,,,,,,,,,,,,,,,,,,,,,,,,,,,,,,,,,,,,,,22882,8526
"2005",769,2768,431,365,110,242,61,157,5056,112,15683,32732,47,2059,24,7033,12668,239,20234,69,5511,83,6987,85,6530,13,923,22,5215,89,23907,73,11741,50280,27,1873,15,4736,8387,175,32193,61,11379,45,6708,47,4659,10,1488,17,2240,25134,604,165,13425,8510,87,11,2,113,27485,35,2389,175,6822,58,2168,24,3578,8,516,18,1766,11,109,14,6126,3,0,28,3957,2,,87,17867,18,4736,140,19640,26,,22,,3,,26,2893,12,760,17,3589,4,1242,14,738,5,,3,,1,,8,2639,9,460,16276,8858
"2006",779,,335,405,89,259,55,131,12966,138,7348,37412,33,3198,25,7273,21214,277,28800,96,5498,54,3114,65,17602,20,1860,21,1752,92,42412,84,7606,77750,16,8670,22,1953,14208,178,53578,63,6123,57,18049,39,6246,12,1923,15,6039,28511,628,151,,8131,,,2,119,45031,21,,170,18928,40,5217,27,2619,5,,39,5962,7,2019,14,3268,3,1703,25,,10,,98,10874,25,3656,163,,35,,24,14017,6,204,37,1643,9,8085,13,,2,,14,692,4,14,5,,1,1,21,,1,,20180,8331
"2007",869,4909,1691,441,104,269,66,170,7397,115,21676,57814,44,3583,28,4654,10221,289,34880,105,14814,66,8120,87,7650,8,1393,20,1178,94,27489,79,14270,82121,12,2851,31,3063,7524,200,62475,52,6941,63,12705,49,4038,10,226,25,3260,26778,698,171,13671,6507,76,18,6,127,39896,16,,199,8459,50,4615,33,12407,4,,29,1062,6,1032,28,5245,13,701,38,25040,10,195,107,19515,44,3764,153,46716,38,4849,19,15490,5,,35,422,8,195,13,6900,1,,28,1306,3,533,3,320,0,0,26,911,5,29,19779,6999
"2008",558,1910,375,298,71,252,49,102,13613,88,7244,29670,30,3598,22,6197,12062,196,17972,75,6688,44,5010,54,7384,9,1021,15,3657,85,17918,74,8269,52552,18,2628,12,1359,5139,179,36101,50,8739,53,7712,29,1485,9,682,15,2972,36469,445,113,31333,2851,94,5,1,125,28981,27,3075,131,15333,32,,40,11063,9,447,29,1720,2,,16,9307,4,,17,394,6,1033,90,17576,16,,105,7638,28,7230,26,4839,3,,29,809,7,388,7,,1,,22,5224,2,234,4,,2,93,11,666,2,,33469,3000
"2009",286,8435,114,118,37,112,38,36,1800,34,3250,10148,15,2134,7,1277,5101,97,7456,17,2530,11,162,33,4198,2,,3,,32,15277,31,11594,31984,12,1370,10,4648,7820,87,21091,20,,10,,32,6572,0,0,7,1248,12195,198,88,2937,709,30,69,1,51,19216,18,,44,1969,18,2198,19,3939,6,,8,169,3,64,14,886,4,42,7,1746,2,536,45,12480,14,4690,41,4996,9,1813,12,199,2,,14,964,3,,4,89,1,,13,609,3,1002,0,0,3,0,6,1610,4,,11455,740
"2010",325,1560,350,199,73,212,58,66,2979,53,6223,12414,27,1529,15,7465,11411,149,10507,38,1166,26,741,59,8423,4,71,15,2917,47,3856,85,19124,36643,19,6722,15,1216,9891,161,33540,36,1687,34,1416,43,4961,5,928,15,4002,12605,243,82,6175,4520,85,12,3,76,7935,29,6993,84,3450,32,1792,29,4079,10,271,18,471,5,263,30,5156,8,642,20,918,4,897,115,24280,23,1858,73,7141,19,8362,16,4210,3,1033,16,630,11,117,3,14,3,7,19,667,5,609,2,204,0,0,7,526,6,531,7775,4830
"2011",373,719,271,286,80,237,69,75,20666,83,9342,50234,32,4857,18,4715,14111,223,36912,47,4999,35,8323,66,12533,6,598,13,980,69,6238,87,21489,32967,26,6539,18,2993,11748,158,17112,50,12598,49,3257,49,8589,9,1190,22,1969,8089,276,97,4432,2667,87,10,4,92,7633,35,6933,104,23426,36,4914,23,1395,9,394,29,2760,4,57,22,1690,6,687,30,2410,9,1559,109,23179,24,3680,113,11752,27,6274,18,1367,8,,33,6807,10,,14,762,2,,16,7666,5,,4,26,0,0,19,583,2,,5265,2824
"2012",266,419,268,122,40,161,27,34,7932,41,5384,17933,,,7,1038,,83,9523,29,8094,19,316,30,5817,3,,11,,53,3533,50,6217,17414,11,1054,4,,,103,11659,48,4217,35,1538,23,5821,,,6,96,3413,216,50,1937,789,82,10,8,74,4627,18,,46,8774,17,2764,21,1094,7,,12,842,,,21,4256,3,,18,2640,6,2189,71,10473,7,3601,59,8024,13,3227,12,2277,,,7,458,2,1220,1,,0,0,5,,3,,3,,,,5,,6,46,2536,877
"2013",238,353,147,58,,141,26,16,6216,8,600,,12,1589,9,3691,,44,2935,11,,4,,28,5682,2,,,,35,,54,3408,31839,9,862,8,,1913,94,8391,39,,25,,19,1541,3,,9,,7665,175,63,3690,3475,92,6,2,53,24172,12,898,23,6592,15,1717,18,,3,36,7,376,3,128,16,1529,2,,13,323,0,0,70,4937,10,611,21,923,9,3691,13,,3,328,,,,,2,,1,,,,4,,3,,0,0,,,,,4135,3530
"1969 Q1",235,,,,,,,,,,,,,,,,,,,,,,,,,,,,,,,,,,,,,,,,,,,,,,,,,,,0,,,,,,,,,,,,,,,,,,,,,,,,,,,,,,,,,,,,,,,,,,,,,,,,,,,,,,,,,,,,,,,,,
"1969 Q2",236,,,,,,,,,,,,,,,,,,,,,,,,,,,,,,,,,,,,,,,,,,,,,,,,,,,0,,,,,,,,,,,,,,,,,,,,,,,,,,,,,,,,,,,,,,,,,,,,,,,,,,,,,,,,,,,,,,,,,
"1969 Q3",187,,,,,,,,,,,,,,,,,,,,,,,,,,,,,,,,,,,,,,,,,,,,,,,,,,,0,,,,,,,,,,,,,,,,,,,,,,,,,,,,,,,,,,,,,,,,,,,,,,,,,,,,,,,,,,,,,,,,,
"1969 Q4",188,,,,,,,,,,,,,,,,,,,,,,,,,,,,,,,,,,,,,,,,,,,,,,,,,,,1069,,,,,,,,,,,,,,,,,,,,,,,,,,,,,,,,,,,,,,,,,,,,,,,,,,,,,,,,,,,,,,,,,
"1970 Q1",206,,,,,,,,,,,,,,,,,,,,,,,,,,,,,,,,,,,,,,,,,,,,,,,,,,,0,,,,,,,,,,,,,,,,,,,,,,,,,,,,,,,,,,,,,,,,,,,,,,,,,,,,,,,,,,,,,,,,,
"1970 Q2",203,,,,,,,,,,,,,,,,,,,,,,,,,,,,,,,,,,,,,,,,,,,,,,,,,,,0,,,,,,,,,,,,,,,,,,,,,,,,,,,,,,,,,,,,,,,,,,,,,,,,,,,,,,,,,,,,,,,,,
"1970 Q3",178,,,,,,,,,,,,,,,,,,,,,,,,,,,,,,,,,,,,,,,,,,,,,,,,,,,0,,,,,,,,,,,,,,,,,,,,,,,,,,,,,,,,,,,,,,,,,,,,,,,,,,,,,,,,,,,,,,,,,
"1970 Q4",206,,,,,,,,,,,,,,,,,,,,,,,,,,,,,,,,,,,,,,,,,,,,,,,,,,,1122,,,,,,,,,,,,,,,,,,,,,,,,,,,,,,,,,,,,,,,,,,,,,,,,,,,,,,,,,,,,,,,,,
"1971 Q1",159,,,,,,,,,,,,,,,,,,,,,,,,,,,,,,,,,,,,,,,,,,,,,,,,,,,0,,,,,,,,,,,,,,,,,,,,,,,,,,,,,,,,,,,,,,,,,,,,,,,,,,,,,,,,,,,,,,,,,
"1971 Q2",219,,,,,,,,,,,,,,,,,,,,,,,,,,,,,,,,,,,,,,,,,,,,,,,,,,,0,,,,,,,,,,,,,,,,,,,,,,,,,,,,,,,,,,,,,,,,,,,,,,,,,,,,,,,,,,,,,,,,,
"1971 Q3",225,,,,,,,,,,,,,,,,,,,,,,,,,,,,,,,,,,,,,,,,,,,,,,,,,,,0,,,,,,,,,,,,,,,,,,,,,,,,,,,,,,,,,,,,,,,,,,,,,,,,,,,,,,,,,,,,,,,,,
"1971 Q4",281,,,,,,,,,,,,,,,,,,,,,,,,,,,,,,,,,,,,,,,,,,,,,,,,,,,911,,,,,,,,,,,,,,,,,,,,,,,,,,,,,,,,,,,,,,,,,,,,,,,,,,,,,,,,,,,,,,,,,
"1972 Q1",278,0,0,,,,,,,,,,,,,,,,,,,,,,,,,,,,,,,,,,,,,,,,,,,,,,,,,0,0,0,0,0,0,0,0,,,,,,,,,,,,,,,,,,,,,,,,,,,,,,,,,,,,,,,,,,,,,,,,,,,,,,,,,,
"1972 Q2",326,0,0,,,,,,,,,,,,,,,,,,,,,,,,,,,,,,,,,,,,,,,,,,,,,,,,,0,0,0,0,0,0,0,0,,,,,,,,,,,,,,,,,,,,,,,,,,,,,,,,,,,,,,,,,,,,,,,,,,,,,,,,,,
"1972 Q3",285,0,0,,,,,,,,,,,,,,,,,,,,,,,,,,,,,,,,,,,,,,,,,,,,,,,,,0,0,0,0,0,0,0,0,,,,,,,,,,,,,,,,,,,,,,,,,,,,,,,,,,,,,,,,,,,,,,,,,,,,,,,,,,
"1972 Q4",321,1459,580,,,,,,,,,,,,,,,,,,,,,,,,,,,,,,,,,,,,,,,,,,,,,,,,,2532,938,272,373,120,0,0,0,,,,,,,,,,,,,,,,,,,,,,,,,,,,,,,,,,,,,,,,,,,,,,,,,,,,,,,,,,
"1973 Q1",362,0,0,,,,,,,,,,,,,,,,,,,,,,,,,,,,,,,,,,,,,,,,,,,,,,,,,0,0,0,0,0,0,0,0,,,,,,,,,,,,,,,,,,,,,,,,,,,,,,,,,,,,,,,,,,,,,,,,,,,,,,,,,,
"1973 Q2",256,0,0,,,,,,,,,,,,,,,,,,,,,,,,,,,,,,,,,,,,,,,,,,,,,,,,,0,0,0,0,0,0,0,0,,,,,,,,,,,,,,,,,,,,,,,,,,,,,,,,,,,,,,,,,,,,,,,,,,,,,,,,,,
"1973 Q3",276,0,0,,,,,,,,,,,,,,,,,,,,,,,,,,,,,,,,,,,,,,,,,,,,,,,,,0,0,0,0,0,0,0,0,,,,,,,,,,,,,,,,,,,,,,,,,,,,,,,,,,,,,,,,,,,,,,,,,,,,,,,,,,
"1973 Q4",311,466,147,,,,,,,,,,,,,,,,,,,,,,,,,,,,,,,,,,,,,,,,,,,,,,,,,1304,951,254,473,218,0,0,0,,,,,,,,,,,,,,,,,,,,,,,,,,,,,,,,,,,,,,,,,,,,,,,,,,,,,,,,,,
"1974 Q1",191,0,0,,,,,,,,,,,,,,,,,,,,,,,,,,,,,,,,,,,,,,,,,,,,,,,,,0,0,0,0,0,0,0,0,,,,,,,,,,,,,,,,,,,,,,,,,,,,,,,,,,,,,,,,,,,,,,,,,,,,,,,,,,
"1974 Q2",128,0,0,,,,,,,,,,,,,,,,,,,,,,,,,,,,,,,,,,,,,,,,,,,,,,,,,0,0,0,0,0,0,0,0,,,,,,,,,,,,,,,,,,,,,,,,,,,,,,,,,,,,,,,,,,,,,,,,,,,,,,,,,,
"1974 Q3",101,0,0,,,,,,,,,,,,,,,,,,,,,,,,,,,,,,,,,,,,,,,,,,,,,,,,,0,0,0,0,0,0,0,0,,,,,,,,,,,,,,,,,,,,,,,,,,,,,,,,,,,,,,,,,,,,,,,,,,,,,,,,,,
"1974 Q4",84,114,47,,,,,,,,,,,,,,,,,,,,,,,,,,,,,,,,,,,,,,,,,,,,,,,,,508,367,137,284,63,0,0,0,,,,,,,,,,,,,,,,,,,,,,,,,,,,,,,,,,,,,,,,,,,,,,,,,,,,,,,,,,
"1975 Q1",56,0,0,,,,,,,,,,,,,,,,,,,,,,,,,,,,,,,,,,,,,,,,,,,,,,,,,0,0,0,0,0,0,0,0,,,,,,,,,,,,,,,,,,,,,,,,,,,,,,,,,,,,,,,,,,,,,,,,,,,,,,,,,,
"1975 Q2",99,0,0,,,,,,,,,,,,,,,,,,,,,,,,,,,,,,,,,,,,,,,,,,,,,,,,,0,0,0,0,0,0,0,0,,,,,,,,,,,,,,,,,,,,,,,,,,,,,,,,,,,,,,,,,,,,,,,,,,,,,,,,,,
"1975 Q3",88,0,0,,,,,,,,,,,,,,,,,,,,,,,,,,,,,,,,,,,,,,,,,,,,,,,,,0,0,0,0,0,0,0,0,,,,,,,,,,,,,,,,,,,,,,,,,,,,,,,,,,,,,,,,,,,,,,,,,,,,,,,,,,
"1975 Q4",72,93,25,,,,,,,,,,,,,,,,,,,,,,,,,,,,,,,,,,,,,,,,,,,,,,,,,291,200,115,113,60,0,0,0,,,,,,,,,,,,,,,,,,,,,,,,,,,,,,,,,,,,,,,,,,,,,,,,,,,,,,,,,,
"1976 Q1",93,0,0,,,,,,,,,,,,,,,,,,,,,,,,,,,,,,,,,,,,,,,,,,,,,,,,,0,0,0,0,0,0,0,0,,,,,,,,,,,,,,,,,,,,,,,,,,,,,,,,,,,,,,,,,,,,,,,,,,,,,,,,,,
"1976 Q2",93,0,0,,,,,,,,,,,,,,,,,,,,,,,,,,,,,,,,,,,,,,,,,,,,,,,,,0,0,0,0,0,0,0,0,,,,,,,,,,,,,,,,,,,,,,,,,,,,,,,,,,,,,,,,,,,,,,,,,,,,,,,,,,
"1976 Q3",95,0,0,,,,,,,,,,,,,,,,,,,,,,,,,,,,,,,,,,,,,,,,,,,,,,,,,0,0,0,0,0,0,0,0,,,,,,,,,,,,,,,,,,,,,,,,,,,,,,,,,,,,,,,,,,,,,,,,,,,,,,,,,,
"1976 Q4",72,120,7,,,,,,,,,,,,,,,,,,,,,,,,,,,,,,,,,,,,,,,,,,,,,,,,,448,242,111,240,81,0,0,0,,,,,,,,,,,,,,,,,,,,,,,,,,,,,,,,,,,,,,,,,,,,,,,,,,,,,,,,,,
"1977 Q1",101,0,0,,,,,,,,,,,,,,,,,,,,,,,,,,,,,,,,,,,,,,,,,,,,,,,,,0,0,0,0,0,0,0,0,,,,,,,,,,,,,,,,,,,,,,,,,,,,,,,,,,,,,,,,,,,,,,,,,,,,,,,,,,
"1977 Q2",112,0,0,,,,,,,,,,,,,,,,,,,,,,,,,,,,,,,,,,,,,,,,,,,,,,,,,0,0,0,0,0,0,0,0,,,,,,,,,,,,,,,,,,,,,,,,,,,,,,,,,,,,,,,,,,,,,,,,,,,,,,,,,,
"1977 Q3",144,0,0,,,,,,,,,,,,,,,,,,,,,,,,,,,,,,,,,,,,,,,,,,,,,,,,,0,0,0,0,0,0,0,0,,,,,,,,,,,,,,,,,,,,,,,,,,,,,,,,,,,,,,,,,,,,,,,,,,,,,,,,,,
"1977 Q4",124,304,8,,,,,,,,,,,,,,,,,,,,,,,,,,,,,,,,,,,,,,,,,,,,,,,,,824,372,109,433,79,0,0,0,,,,,,,,,,,,,,,,,,,,,,,,,,,,,,,,,,,,,,,,,,,,,,,,,,,,,,,,,,
"1978 Q1",137,0,0,,,,,,,,,,,,,,,,,,,,,,,,,,,,,,,,,,,,,,,,,,,,,,,,,0,0,0,0,0,0,0,0,,,,,,,,,,,,,,,,,,,,,,,,,,,,,,,,,,,,,,,,,,,,,,,,,,,,,,,,,,
"1978 Q2",131,0,0,,,,,,,,,,,,,,,,,,,,,,,,,,,,,,,,,,,,,,,,,,,,,,,,,0,0,0,0,0,0,0,0,,,,,,,,,,,,,,,,,,,,,,,,,,,,,,,,,,,,,,,,,,,,,,,,,,,,,,,,,,
"1978 Q3",141,0,0,,,,,,,,,,,,,,,,,,,,,,,,,,,,,,,,,,,,,,,,,,,,,,,,,0,0,0,0,0,0,0,0,,,,,,,,,,,,,,,,,,,,,,,,,,,,,,,,,,,,,,,,,,,,,,,,,,,,,,,,,,
"1978 Q4",158,463,23,,,,,,,,,,,,,,,,,,,,,,,,,,,,,,,,,,,,,,,,,,,,,,,,,1140,441,126,505,149,0,0,0,,,,,,,,,,,,,,,,,,,,,,,,,,,,,,,,,,,,,,,,,,,,,,,,,,,,,,,,,,
"1979 Q1",134,0,0,,,,,,,,,,,,,,,,,,,,,,,,,,,,,,,,,,,,,,,,,,,,,,,,,0,0,0,0,0,0,0,0,,,,,,,,,,,,,,,,,,,,,,,,,,,,,,,,,,,,,,,,,,,,,,,,,,,,,,,,,,
"1979 Q2",136,0,0,,,,,,,,,,,,,,,,,,,,,,,,,,,,,,,,,,,,,,,,,,,,,,,,,0,0,0,0,0,0,0,0,,,,,,,,,,,,,,,,,,,,,,,,,,,,,,,,,,,,,,,,,,,,,,,,,,,,,,,,,,
"1979 Q3",124,0,0,,,,,,,,,,,,,,,,,,,,,,,,,,,,,,,,,,,,,,,,,,,,,,,,,0,0,0,0,0,0,0,0,,,,,,,,,,,,,,,,,,,,,,,,,,,,,,,,,,,,,,,,,,,,,,,,,,,,,,,,,,
"1979 Q4",140,515,208,,,,,,,,,,,,,,,,,,,,,,,,,,,,,,,,,,,,,,,,,,,,,,,,,1656,417,117,780,153,0,0,0,,,,,,,,,,,,,,,,,,,,,,,,,,,,,,,,,,,,,,,,,,,,,,,,,,,,,,,,,,
"1980 Q1",138,0,0,,,,,,,,,,,,,,,,,,,,,,,,,,,,,,,,,,,,,,,,,,,,,,,,,0,0,0,0,0,0,0,0,,,,,,,,,,,,,,,,,,,,,,,,,,,,,,,,,,,,,,,,,,,,,,,,,,,,,,,,,,
"1980 Q2",99,0,0,,,,,,,,,,,,,,,,,,,,,,,,,,,,,,,,,,,,,,,,,,,,,,,,,0,0,0,0,0,0,0,0,,,,,,,,,,,,,,,,,,,,,,,,,,,,,,,,,,,,,,,,,,,,,,,,,,,,,,,,,,
"1980 Q3",116,0,0,,,,,,,,,,,,,,,,,,,,,,,,,,,,,,,,,,,,,,,,,,,,,,,,,0,0,0,0,0,0,0,0,,,,,,,,,,,,,,,,,,,,,,,,,,,,,,,,,,,,,,,,,,,,,,,,,,,,,,,,,,
"1980 Q4",116,669,46,,,,,,,,,,,,,,,,,,,,,,,,,,,,,,,,,,,,,,,,,,,,,,,,,1475,368,101,623,137,0,0,0,,,,,,,,,,,,,,,,,,,,,,,,,,,,,,,,,,,,,,,,,,,,,,,,,,,,,,,,,,
"1981 Q1",120,0,0,,,,,,,,,,,,,,,,,,,,,,,,,,,,,,,,,,,,,,,,,,,,,,,,,0,0,0,0,0,0,0,0,,,,,,,,,,,,,,,,,,,,,,,,,,,,,,,,,,,,,,,,,,,,,,,,,,,,,,,,,,
"1981 Q2",110,0,0,,,,,,,,,,,,,,,,,,,,,,,,,,,,,,,,,,,,,,,,,,,,,,,,,0,0,0,0,0,0,0,0,,,,,,,,,,,,,,,,,,,,,,,,,,,,,,,,,,,,,,,,,,,,,,,,,,,,,,,,,,
"1981 Q3",102,0,0,,,,,,,,,,,,,,,,,,,,,,,,,,,,,,,,,,,,,,,,,,,,,,,,,0,0,0,0,0,0,0,0,,,,,,,,,,,,,,,,,,,,,,,,,,,,,,,,,,,,,,,,,,,,,,,,,,,,,,,,,,
"1981 Q4",120,338,31,,,,,,,,,,,,,,,,,,,,,,,,,,,,,,,,,,,,,,,,,,,,,,,,,1144,327,125,545,230,0,0,0,,,,,,,,,,,,,,,,,,,,,,,,,,,,,,,,,,,,,,,,,,,,,,,,,,,,,,,,,,
"1982 Q1",128,0,0,,,,,,,,,,,,,,,,,,,,,,,,,,,,,,,,,,,,,,,,,,,,,,,,,0,0,0,0,0,0,0,0,,,,,,,,,,,,,,,,,,,,,,,,,,,,,,,,,,,,,,,,,,,,,,,,,,,,,,,,,,
"1982 Q2",108,0,0,,,,,,,,,,,,,,,,,,,,,,,,,,,,,,,,,,,,,,,,,,,,,,,,,0,0,0,0,0,0,0,0,,,,,,,,,,,,,,,,,,,,,,,,,,,,,,,,,,,,,,,,,,,,,,,,,,,,,,,,,,
"1982 Q3",108,0,0,,,,,,,,,,,,,,,,,,,,,,,,,,,,,,,,,,,,,,,,,,,,,,,,,0,0,0,0,0,0,0,0,,,,,,,,,,,,,,,,,,,,,,,,,,,,,,,,,,,,,,,,,,,,,,,,,,,,,,,,,,
"1982 Q4",119,701,222,,,,,,,,,,,,,,,,,,,,,,,,,,,,,,,,,,,,,,,,,,,,,,,,,2206,299,164,641,642,0,0,0,,,,,,,,,,,,,,,,,,,,,,,,,,,,,,,,,,,,,,,,,,,,,,,,,,,,,,,,,,
"1983 Q1",95,0,0,,,,,,,,,,,,,,,,,,,,,,,,,,,,,,,,,,,,,,,,,,,,,,,,,0,0,0,0,0,0,0,0,,,,,,,,,,,,,,,,,,,,,,,,,,,,,,,,,,,,,,,,,,,,,,,,,,,,,,,,,,
"1983 Q2",111,0,0,,,,,,,,,,,,,,,,,,,,,,,,,,,,,,,,,,,,,,,,,,,,,,,,,0,0,0,0,0,0,0,0,,,,,,,,,,,,,,,,,,,,,,,,,,,,,,,,,,,,,,,,,,,,,,,,,,,,,,,,,,
"1983 Q3",93,0,0,,,,,,,,,,,,,,,,,,,,,,,,,,,,,,,,,,,,,,,,,,,,,,,,,0,0,0,0,0,0,0,0,,,,,,,,,,,,,,,,,,,,,,,,,,,,,,,,,,,,,,,,,,,,,,,,,,,,,,,,,,
"1983 Q4",148,1261,56,,,,,,,,,,,,,,,,,,,,,,,,,,,,,,,,,,,,,,,,,,,,,,,,,2343,305,142,689,337,0,0,0,,,,,,,,,,,,,,,,,,,,,,,,,,,,,,,,,,,,,,,,,,,,,,,,,,,,,,,,,,
"1984 Q1",141,0,0,,,,,,,,,,,,,,,,,,,,,,,,,,,,,,,,,,,,,,,,,,,,,,,,,0,0,0,0,0,0,0,0,,,,,,,,,,,,,,,,,,,,,,,,,,,,,,,,,,,,,,,,,,,,,,,,,,,,,,,,,,
"1984 Q2",153,0,0,,,,,,,,,,,,,,,,,,,,,,,,,,,,,,,,,,,,,,,,,,,,,,,,,0,0,0,0,0,0,0,0,,,,,,,,,,,,,,,,,,,,,,,,,,,,,,,,,,,,,,,,,,,,,,,,,,,,,,,,,,
"1984 Q3",97,0,0,,,,,,,,,,,,,,,,,,,,,,,,,,,,,,,,,,,,,,,,,,,,,,,,,0,0,0,0,0,0,0,0,,,,,,,,,,,,,,,,,,,,,,,,,,,,,,,,,,,,,,,,,,,,,,,,,,,,,,,,,,
"1984 Q4",177,1838,690,,,,,,,,,,,,,,,,,,,,,,,,,,,,,,,,,,,,,,,,,,,,,,,,,5474,398,170,2120,826,0,0,0,,,,,,,,,,,,,,,,,,,,,,,,,,,,,,,,,,,,,,,,,,,,,,,,,,,,,,,,,,
"1985 Q1",104,0,0,,,,,,,,,,,,,,,,,,,,,,,,,,,,,,,,,,,,,,,,,,,,,,,,,0,0,0,0,0,0,0,0,,,,,,,,,,,,,,,,,,,,,,,,,,,,,,,,,,,,,,,,,,,,,,,,,,,,,,,,,,
"1985 Q2",100,0,0,,,,,,,,,,,,,,,,,,,,,,,,,,,,,,,,,,,,,,,,,,,,,,,,,0,0,0,0,0,0,0,0,,,,,,,,,,,,,,,,,,,,,,,,,,,,,,,,,,,,,,,,,,,,,,,,,,,,,,,,,,
"1985 Q3",148,0,0,,,,,,,,,,,,,,,,,,,,,,,,,,,,,,,,,,,,,,,,,,,,,,,,,0,0,0,0,0,0,0,0,,,,,,,,,,,,,,,,,,,,,,,,,,,,,,,,,,,,,,,,,,,,,,,,,,,,,,,,,,
"1985 Q4",122,3708,525,,,,,,,,,,,,,,,,,,,,,,,,,,,,,,,,,,,,,,,,,,,,,,,,,7090,340,134,2473,384,0,0,0,,,,,,,,,,,,,,,,,,,,,,,,,,,,,,,,,,,,,,,,,,,,,,,,,,,,,,,,,,
"1986 Q1",134,1747,22,,,13,3,,,,,,,,,,,,,,,,,,,,,,,,,,,507,,,,,,,,,,,,,,,,,,2139,102,32,220,151,17,82,1,,,,,,,,,,,,,,,,,,,,,,,,,,,,,,,,,,,,,,,,,,,,,,,,,,,,,,,,,,
"1986 Q2",147,4193,1842,,,15,3,,,,,,,,,,,,,,,,,,,,,,,,,,,314,,,,,,,,,,,,,,,,,,6830,113,34,598,197,12,61,27,,,,,,,,,,,,,,,,,,,,,,,,,,,,,,,,,,,,,,,,,,,,,,,,,,,,,,,,,,
"1986 Q3",241,1348,560,,,14,4,,,,,,,,,,,,,,,,,,,,,,,,,,,264,,,,,,,,,,,,,,,,,,2733,185,56,488,337,30,49,20,,,,,,,,,,,,,,,,,,,,,,,,,,,,,,,,,,,,,,,,,,,,,,,,,,,,,,,,,,
"1986 Q4",320,1473,124,,,12,3,,,,,,,,,,,,,,,,,,,,,,,,,,,467,,,,,,,,,,,,,,,,,,3668,221,99,363,1708,56,40,3,,,,,,,,,,,,,,,,,,,,,,,,,,,,,,,,,,,,,,,,,,,,,,,,,,,,,,,,,,
"1987 Q1",301,2749,621,66,31,15,2,,,,,1699,,,,,431,,,,,,,,,,,,,,,,,469,,,,,683,,,,,,,,,,,,,4143,226,75,607,165,19,66,15,,,,,,,,,,,,,,,,,,,,,,,,,,,,,,,,,,,,,,,,,,,,,,,,,,,,,,,,,2809,1334
"1987 Q2",382,3247,48,97,26,11,4,,,,,1717,,,,,1401,,,,,,,,,,,,,,,,,211,,,,,267,,,,,,,,,,,,,5015,302,80,1162,559,34,65,1,,,,,,,,,,,,,,,,,,,,,,,,,,,,,,,,,,,,,,,,,,,,,,,,,,,,,,,,,4147,868
"1987 Q3",456,2292,43,132,29,21,5,,,,,5144,,,,,1630,,,,,,,,,,,,,,,,,739,,,,,71,,,,,,,,,,,,,3613,362,94,619,659,35,63,1,,,,,,,,,,,,,,,,,,,,,,,,,,,,,,,,,,,,,,,,,,,,,,,,,,,,,,,,,2527,1086
"1987 Q4",389,1686,141,136,32,14,4,,,,,3498,,,,,499,,,,,,,,,,,,,,,,,1282,,,,,177,,,,,,,,,,,,,3768,298,91,804,1136,52,45,4,,,,,,,,,,,,,,,,,,,,,,,,,,,,,,,,,,,,,,,,,,,,,,,,,,,,,,,,,2388,1379
"1988 Q1",339,1423,290,140,34,16,6,,,,,2240,,,,,379,,,,,,,,,,,,,,,,,599,,,,,139,,,,,,,,,,,,,6263,235,104,3788,762,73,23,5,,,,,,,,,,,,,,,,,,,,,,,,,,,,,,,,,,,,,,,,,,,,,,,,,,,,,,,,,5208,1055
"1988 Q2",331,1085,411,178,28,25,3,,,,,4515,,,,,635,,,,,,,,,,,,,,,,,976,,,,,331,,,,,,,,,,,,,3077,250,81,804,776,51,35,13,,,,,,,,,,,,,,,,,,,,,,,,,,,,,,,,,,,,,,,,,,,,,,,,,,,,,,,,,1866,1211
"1988 Q3",464,1383,262,164,25,26,2,,,,,2439,,,,,989,,,,,,,,,,,,,,,,,3449,,,,,27,,,,,,,,,,,,,8433,360,104,4596,2193,80,16,3,,,,,,,,,,,,,,,,,,,,,,,,,,,,,,,,,,,,,,,,,,,,,,,,,,,,,,,,,5946,2487
"1988 Q4",365,1102,890,166,25,32,5,,,,,8106,,,,,1877,,,,,,,,,,,,,,,,,666,,,,,171,,,,,,,,,,,,,5066,278,87,2384,690,61,22,18,,,,,,,,,,,,,,,,,,,,,,,,,,,,,,,,,,,,,,,,,,,,,,,,,,,,,,,,,4287,779
"1989 Q1",279,602,343,171,29,24,3,,,,,5553,,,,,593,,,,,,,,,,,,,,,,,1453,,,,,66,,,,,,,,,,,,,3603,184,95,1806,853,74,17,10,,,,,,,,,,,,,,,,,,,,,,,,,,,,,,,,,,,,,,,,,,,,,,,,,,,,,,,,,2595,1008
"1989 Q2",288,678,38,183,36,44,7,,,,,6146,,,,,1013,,,,,,,,,,,,,,,,,2457,,,,,1431,,,,,,,,,,,,,3022,187,101,799,1506,76,22,1,,,,,,,,,,,,,,,,,,,,,,,,,,,,,,,,,,,,,,,,,,,,,,,,,,,,,,,,,1480,1541
"1989 Q3",359,1582,594,193,47,52,2,,,,,8431,,,,,1608,,,,,,,,,,,,,,,,,1898,,,,,662,,,,,,,,,,,,,13257,252,107,10102,979,84,12,4,,,,,,,,,,,,,,,,,,,,,,,,,,,,,,,,,,,,,,,,,,,,,,,,,,,,,,,,,12149,1108
"1989 Q4",411,658,399,134,22,48,5,,,,,2492,,,,,445,,,,,,,,,,,,,,,,,6322,,,,,858,,,,,,,,,,,,,7368,273,138,4342,1969,86,9,5,,,,,,,,,,,,,,,,,,,,,,,,,,,,,,,,,,,,,,,,,,,,,,,,,,,,,,,,,5348,2020
"1990 Q1",230,544,53,138,36,46,3,,,,,2752,,,,,1989,,,,,,,,,,,,,,,,,5095,,,,,264,,,,,,,,,,,,,2502,133,97,1108,798,76,22,2,,,,,,,,,,,,,,,,,,,,,,,,,,,,,,,,,,,,,,,,,,,,,,,,,,,,,,,,,1559,943
"1990 Q2",181,121,19,121,21,21,6,,,,,2660,,,,,1223,,,,,,,,,,,,,,,,,1247,,,,,760,,,,,,,,,,,,,1722,124,57,1176,406,92,7,1,,,,,,,,,,,,,,,,,,,,,,,,,,,,,,,,,,,,,,,,,,,,,,,,,,,,,,,,,1305,417
"1990 Q3",202,635,297,173,31,49,6,,,,,3251,,,,,1511,,,,,,,,,,,,,,,,,2702,,,,,127,,,,,,,,,,,,,2438,100,102,683,823,62,26,12,,,,,,,,,,,,,,,,,,,,,,,,,,,,,,,,,,,,,,,,,,,,,,,,,,,,,,,,,1500,938
"1990 Q4",166,233,24,154,46,27,4,,,,,4289,,,,,1452,,,,,,,,,,,,,,,,,1914,,,,,49,,,,,,,,,,,,,1667,80,86,764,644,84,14,2,,,,,,,,,,,,,,,,,,,,,,,,,,,,,,,,,,,,,,,,,,,,,,,,,,,,,,,,,1024,643
"1991 Q1",102,701,30,127,35,30,2,,,,,1859,,,,,340,,,,,,,,,,,,,,,,,2167,,,,,47,,,,,,,,,,,,,3468,60,42,1974,763,79,20,1,,,,,,,,,,,,,,,,,,,,,,,,,,,,,,,,,,,,,,,,,,,,,,,,,,,,,,,,,2700,767
"1991 Q2",162,248,24,113,43,41,5,,,,,2361,,,,,459,,,,,,,,,,,,,,,,,1952,,,,,318,,,,,,,,,,,,,1526,88,74,498,755,82,16,2,,,,,,,,,,,,,,,,,,,,,,,,,,,,,,,,,,,,,,,,,,,,,,,,,,,,,,,,,731,794
"1991 Q3",115,341,5,162,42,41,3,,,,,3191,,,,,539,,,,,,,,,,,,,,,,,1581,,,,,536,,,,,,,,,,,,,1002,73,42,440,216,65,34,0,,,,,,,,,,,,,,,,,,,,,,,,,,,,,,,,,,,,,,,,,,,,,,,,,,,,,,,,,762,240
"1991 Q4",127,1744,62,148,37,34,7,,,,,2277,,,,,419,,,,,,,,,,,,,,,,,967,,,,,126,,,,,,,,,,,,,4438,71,56,1570,1062,59,39,1,,,,,,,,,,,,,,,,,,,,,,,,,,,,,,,,,,,,,,,,,,,,,,,,,,,,,,,,,3294,1144
"1992 Q1",119,990,9,191,46,48,5,,,,,1807,,,,,634,,,,,,,,,,,,,,,,,889,,,,,556,,,,,,,,,,,,,2162,67,52,297,866,54,46,0,,,,,,,,,,,,,,,,,,,,,,,,,,,,,,,,,,,,,,,,,,,,,,,,,,,,,,,,,1281,881
"1992 Q2",111,575,5,146,52,43,3,,,,,2141,,,,,1031,,,,,,,,,,,,,,,,,642,,,,,113,,,,,,,,,,,,,1795,70,41,875,340,68,32,0,,,,,,,,,,,,,,,,,,,,,,,,,,,,,,,,,,,,,,,,,,,,,,,,,,,,,,,,,1443,352
"1992 Q3",96,96,22,167,21,47,9,,,,,1369,,,,,783,,,,,,,,,,,,,,,,,1166,,,,,377,,,,,,,,,,,,,545,58,38,211,216,78,18,4,,,,,,,,,,,,,,,,,,,,,,,,,,,,,,,,,,,,,,,,,,,,,,,,,,,,,,,,,309,236
"1992 Q4",106,461,11,175,100,72,12,,,,,1947,,,,,1088,,,,,,,,,,,,,,,,,1442,,,,,361,,,,,,,,,,,,,1439,37,69,645,322,67,32,1,,,,,,,,,,,,,,,,,,,,,,,,,,,,,,,,,,,,,,,,,,,,,,,,,,,,,,,,,1075,364
"1993 Q1",103,144,62,139,65,63,16,,,,,1582,,,,,1106,,,,,,,,,,,,,,,,,1082,,,,,343,,,,,,,,,,,,,1615,52,51,294,1115,87,9,4,,,,,,,,,,,,,,,,,,,,,,,,,,,,,,,,,,,,,,,,,,,,,,,,,,,,,,,,,427,1189
"1993 Q2",139,283,19,149,51,52,13,,,,,3945,,,,,1053,,,,,,,,,,,,,,,,,1613,,,,,158,,,,,,,,,,,,,1367,81,58,690,376,78,21,1,,,,,,,,,,,,,,,,,,,,,,,,,,,,,,,,,,,,,,,,,,,,,,,,,,,,,,,,,927,440
"1993 Q3",120,386,114,90,27,68,19,,,,,1541,,,,,1246,,,,,,,,,,,,,,,,,1441,,,,,272,,,,,,,,,,,,,1239,81,39,231,508,60,31,9,,,,,,,,,,,,,,,,,,,,,,,,,,,,,,,,,,,,,,,,,,,,,,,,,,,,,,,,,715,524
"1993 Q4",164,349,16,143,78,84,25,,,,,2145,,,,,1374,,,,,,,,,,,,,,,,,1051,,,,,338,,,,,,,,,,,,,2842,123,41,584,1892,87,12,1,,,,,,,,,,,,,,,,,,,,,,,,,,,,,,,,,,,,,,,,,,,,,,,,,,,,,,,,,917,1925
"1994 Q1",182,1434,8,112,48,65,15,,,,,1204,,,,,1707,,,,,,,,,,,,,,,,,1953,,,,,747,,,,,,,,,,,,,2717,106,76,981,294,47,53,0,,,,,,,,,,,,,,,,,,,,,,,,,,,,,,,,,,,,,,,,,,,,,,,,,,,,,,,,,2365,352
"1994 Q2",185,444,53,115,25,44,11,,,,,4903,,,,,952,,,,,,,,,,,,,,,,,651,,,,,289,,,,,,,,,,,,,1652,134,51,736,419,70,27,3,,,,,,,,,,,,,,,,,,,,,,,,,,,,,,,,,,,,,,,,,,,,,,,,,,,,,,,,,1130,522
"1994 Q3",157,645,10,88,36,45,6,,,,,3535,,,,,971,,,,,,,,,,,,,,,,,1176,,,,,328,,,,,,,,,,,,,2012,117,40,855,502,68,32,0,,,,,,,,,,,,,,,,,,,,,,,,,,,,,,,,,,,,,,,,,,,,,,,,,,,,,,,,,1483,529
"1994 Q4",150,300,73,107,40,48,6,,,,,5522,,,,,2103,,,,,,,,,,,,,,,,,1433,,,,,112,,,,,,,,,,,,,1888,108,42,491,1024,80,16,4,,,,,,,,,,,,,,,,,,,,,,,,,,,,,,,,,,,,,,,,,,,,,,,,,,,,,,,,,765,1123
"1995 Q1",139,3324,21,99,35,30,6,,,,,4075,,,,,1592,,,,,,,,,,,,,,,,,2423,,,,,84,,,,,,,,,,,,,11350,89,50,7089,916,71,29,0,,,,,,,,,,,,,,,,,,,,,,,,,,,,,,,,,,,,,,,,,,,,,,,,,,,,,,,,,10328,1022
"1995 Q2",114,760,23,102,22,34,2,,,,,3544,,,,,580,,,,,,,,,,,,,,,,,1326,,,,,219,,,,,,,,,,,,,2236,63,51,703,750,65,34,1,,,,,,,,,,,,,,,,,,,,,,,,,,,,,,,,,,,,,,,,,,,,,,,,,,,,,,,,,1424,812
"1995 Q3",110,521,224,75,12,25,5,,,,,1924,,,,,203,,,,,,,,,,,,,,,,,3469,,,,,182,,,,,,,,,,,,,9489,65,45,7383,1361,93,5,2,,,,,,,,,,,,,,,,,,,,,,,,,,,,,,,,,,,,,,,,,,,,,,,,,,,,,,,,,8052,1437
"1995 Q4",142,2012,191,89,48,42,8,,,,,2424,,,,,3614,,,,,,,,,,,,,,,,,5599,,,,,1026,,,,,,,,,,,,,9525,82,60,4627,2695,76,22,2,,,,,,,,,,,,,,,,,,,,,,,,,,,,,,,,,,,,,,,,,,,,,,,,,,,,,,,,,5843,3682
"1996 Q1",138,3584,25,101,29,26,1,,,,,1961,,,,,1322,,,,,,,,,,,,,,,,,1724,,,,,2,,,,,,,,,,,,,9294,69,69,3573,2112,61,39,0,,,,,,,,,,,,,,,,,,,,,,,,,,,,,,,,,,,,,,,,,,,,,,,,,,,,,,,,,6979,2315
"1996 Q2",148,2251,92,113,38,34,4,,,,,4539,,,,,2658,,,,,,,,,,,,,,,,,5492,,,,,542,,,,,,,,,,,,,7417,75,73,2402,2672,68,30,1,,,,,,,,,,,,,,,,,,,,,,,,,,,,,,,,,,,,,,,,,,,,,,,,,,,,,,,,,5661,1756
"1996 Q3",148,3881,99,100,44,34,6,,,,,2937,,,,,2912,,,,,,,,,,,,,,,,,1020,,,,,264,,,,,,,,,,,,,9100,85,63,3650,1470,56,43,1,,,,,,,,,,,,,,,,,,,,,,,,,,,,,,,,,,,,,,,,,,,,,,,,,,,,,,,,,7534,1566
"1996 Q4",150,1210,49,128,67,39,7,,,,,3940,,,,,915,,,,,,,,,,,,,,,,,1277,,,,,225,,,,,,,,,,,,,4931,107,43,1942,1730,74,25,1,,,,,,,,,,,,,,,,,,,,,,,,,,,,,,,,,,,,,,,,,,,,,,,,,,,,,,,,,3174,1757
"1997 Q1",115,500,70,110,43,37,3,,,,,3869,,,,,1732,,,,,,,,,,,,,,,,,6350,,,,,119,,,,,,,,,,,,,2310,85,30,667,1073,75,22,3,,,,,,,,,,,,,,,,,,,,,,,,,,,,,,,,,,,,,,,,,,,,,,,,,,,,,,,,,1144,1166
"1997 Q2",120,1290,68,99,36,44,6,,,,,2616,,,,,1385,,,,,,,,,,,,,,,,,3201,,,,,140,,,,,,,,,,,,,3501,94,26,1716,427,61,37,2,,,,,,,,,,,,,,,,,,,,,,,,,,,,,,,,,,,,,,,,,,,,,,,,,,,,,,,,,3046,455
"1997 Q3",142,995,65,118,48,47,8,,,,,6411,,,,,2001,,,,,,,,,,,,,,,,,2378,,,,,358,,,,,,,,,,,,,4288,109,33,2943,285,75,23,2,,,,,,,,,,,,,,,,,,,,,,,,,,,,,,,,,,,,,,,,,,,,,,,,,,,,,,,,,3920,368
"1997 Q4",129,12798,120,137,49,65,11,,,,,6280,,,,,2230,,,,,,,,,,,,,,,,,3788,,,,,861,,,,,,,,,,,,,16730,96,33,1525,2287,23,76,1,,,,,,,,,,,,,,,,,,,,,,,,,,,,,,,,,,,,,,,,,,,,,,,,,,,,,,,,,14343,2387
"1998 Q1",140,1156,113,132,55,49,11,,,,,4842,,,,,2055,,,,,,,,,,,,,,,,,8976,,,,,566,,,,,,,,,,,,,4790,103,37,1760,1761,74,24,2,,,,,,,,,,,,,,,,,,,,,,,,,,,,,,,,,,,,,,,,,,,,,,,,,,,,,,,,,3012,1779
"1998 Q2",155,7932,195,144,63,75,12,,,,,6048,,,,,6469,,,,,,,,,,,,,,,,,9488,,,,,1490,,,,,,,,,,,,,11956,114,41,3091,738,32,66,2,,,,,,,,,,,,,,,,,,,,,,,,,,,,,,,,,,,,,,,,,,,,,,,,,,,,,,,,,11150,806
"1998 Q3",178,817,228,128,51,61,11,,,,,5589,,,,,3092,,,,,,,,,,,,,,,,,9458,,,,,1176,,,,,,,,,,,,,6193,143,35,3530,1618,83,13,4,,,,,,,,,,,,,,,,,,,,,,,,,,,,,,,,,,,,,,,,,,,,,,,,,,,,,,,,,4546,1647
"1998 Q4",162,3255,59,165,49,67,12,,,,,38438,,,,,1198,,,,,,,,,,,,,,,,,4491,,,,,239,,,,,,,,,,,,,6586,125,37,2090,1181,50,49,1,,,,,,,,,,,,,,,,,,,,,,,,,,,,,,,,,,,,,,,,,,,,,,,,,,,,,,,,,5378,1207
"1999 Q1",117,5735,76,141,47,75,11,,,,,4021,,,,,2188,,,,,,,,,,,,,,,,,8179,,,,,482,,,,,,,,,,,,,8735,95,22,2299,625,33,66,1,,,,,,,,,,,,,,,,,,,,,,,,,,,,,,,,,,,,,,,,,,,,,,,,,,,,,,,,,7891,844
"1999 Q2",127,1509,82,147,75,56,5,,,,,81224,,,,,6573,,,,,,,,,,,,,,,,,7774,,,,,335,,,,,,,,,,,,,7212,101,26,4893,728,78,21,1,,,,,,,,,,,,,,,,,,,,,,,,,,,,,,,,,,,,,,,,,,,,,,,,,,,,,,,,,6477,735
"1999 Q3",145,2098,81,133,43,52,9,,,,,6725,,,,,2271,,,,,,,,,,,,,,,,,10744,,,,,236,,,,,,,,,,,,,6479,115,30,2618,1682,66,32,1,,,,,,,,,,,,,,,,,,,,,,,,,,,,,,,,,,,,,,,,,,,,,,,,,,,,,,,,,4747,1732
"1999 Q4",104,250,112,169,33,69,14,,,,,19223,,,,,1554,,,,,,,,,,,,,,,,,34163,,,,,4465,,,,,,,,,,,,,3737,89,15,2795,580,90,7,3,,,,,,,,,,,,,,,,,,,,,,,,,,,,,,,,,,,,,,,,,,,,,,,,,,,,,,,,,3096,641
"2000 Q1",139,14960,160,188,48,54,12,,,,,13401,,,,,8290,,,,,,,,,,,,,,,,,4920,,,,,898,,,,,,,,,,,,,33739,115,24,17483,1136,56,44,0,,,,,,,,,,,,,,,,,,,,,,,,,,,,,,,,,,,,,,,,,,,,,,,,,,,,,,,,,32533,1206
"2000 Q2",133,15045,319,127,34,61,12,,,,,129390,,,,,2367,,,,,,,,,,,,,,,,,14097,,,,,2743,,,,,,,,,,,,,21469,111,22,4224,1881,28,71,1,,,,,,,,,,,,,,,,,,,,,,,,,,,,,,,,,,,,,,,,,,,,,,,,,,,,,,,,,19510,1959
"2000 Q3",163,7367,314,127,50,64,6,,,,,19749,,,,,15314,,,,,,,,,,,,,,,,,38192,,,,,367,,,,,,,,,,,,,16852,125,38,6934,2237,54,44,2,,,,,,,,,,,,,,,,,,,,,,,,,,,,,,,,,,,,,,,,,,,,,,,,,,,,,,,,,14583,2269
"2000 Q4",152,28198,479,115,36,48,13,,,,,18745,,,,,3886,,,,,,,,,,,,,,,,,7409,,,,,891,,,,,,,,,,,,,34856,115,37,5265,914,18,81,1,,,,,,,,,,,,,,,,,,,,,,,,,,,,,,,,,,,,,,,,,,,,,,,,,,,,,,,,,33887,969
"2001 Q1",131,982,338,109,30,54,27,,,,,13473,,,,,7601,,,,,,,,,,,,,,,,,9373,,,,,2076,,,,,,,,,,,,,6181,69,62,2606,2255,79,16,5,,,,,,,,,,,,,,,,,,,,,,,,,,,,,,,,,,,,,,,,,,,,,,,,,,,,,,,,,3495,2686
"2001 Q2",108,555,442,111,39,36,12,,,,,12208,,,,,7675,,,,,,,,,,,,,,,,,6948,,,,,747,,,,,,,,,,,,,4890,79,29,1679,2214,80,11,9,,,,,,,,,,,,,,,,,,,,,,,,,,,,,,,,,,,,,,,,,,,,,,,,,,,,,,,,,2292,2598
"2001 Q3",129,10649,447,85,26,42,9,,,,,7555,,,,,7750,,,,,,,,,,,,,,,,,4148,,,,,557,,,,,,,,,,,,,16079,87,42,3457,1526,31,66,3,,,,,,,,,,,,,,,,,,,,,,,,,,,,,,,,,,,,,,,,,,,,,,,,,,,,,,,,,14164,1915
"2001 Q4",124,170,218,66,44,30,14,,,,,8237,,,,,5468,,,,,,,,,,,,,,,,,3913,,,,,1084,,,,,,,,,,,,,1844,84,40,747,709,79,9,12,,,,,,,,,,,,,,,,,,,,,,,,,,,,,,,,,,,,,,,,,,,,,,,,,,,,,,,,,1078,766
"2002 Q1",83,104,250,68,24,30,19,,,,,8826,,,,,1014,,,,,,,,,,,,,,,,,2820,,,,,3524,,,,,,,,,,,,,3853,58,25,2201,1298,91,3,6,,,,,,,,,,,,,,,,,,,,,,,,,,,,,,,,,,,,,,,,,,,,,,,,,,,,,,,,,2511,1342
"2002 Q2",120,78,170,68,38,27,9,,,,,8285,,,,,1489,,,,,,,,,,,,,,,,,4771,,,,,1645,,,,,,,,,,,,,4228,95,25,801,3179,94,2,4,,,,,,,,,,,,,,,,,,,,,,,,,,,,,,,,,,,,,,,,,,,,,,,,,,,,,,,,,1006,3222
"2002 Q3",88,184,28,74,35,40,19,,,,,6020,,,,,1016,,,,,,,,,,,,,,,,,8529,,,,,1770,,,,,,,,,,,,,6333,66,22,4695,1426,97,3,0,,,,,,,,,,,,,,,,,,,,,,,,,,,,,,,,,,,,,,,,,,,,,,,,,,,,,,,,,4880,1453
"2002 Q4",139,6414,443,52,31,20,13,,,,,3495,,,,,3555,,,,,,,,,,,,,,,,,678,,,,,973,,,,,,,,,,,,,10822,104,35,1877,2088,37,59,4,,,,,,,,,,,,,,,,,,,,,,,,,,,,,,,,,,,,,,,,,,,,,,,,,,,,,,,,,8601,2221
"2003 Q1",107,609,353,60,26,33,8,,,,,12597,,,,,1130,,,,,,,,,,,,,,,,,769,,,,,313,,,,,,,,,,,,,3857,72,35,1003,1892,75,16,9,,,,,,,,,,,,,,,,,,,,,,,,,,,,,,,,,,,,,,,,,,,,,,,,,,,,,,,,,1625,2232
"2003 Q2",122,258,345,53,26,34,16,,,,,2030,,,,,1218,,,,,,,,,,,,,,,,,2298,,,,,1098,,,,,,,,,,,,,3753,81,41,1437,1713,84,7,9,,,,,,,,,,,,,,,,,,,,,,,,,,,,,,,,,,,,,,,,,,,,,,,,,,,,,,,,,1877,1876
"2003 Q3",153,153,133,63,40,35,15,,,,,2612,,,,,1702,,,,,,,,,,,,,,,,,2798,,,,,1631,,,,,,,,,,,,,4700,111,42,2495,1919,94,3,3,,,,,,,,,,,,,,,,,,,,,,,,,,,,,,,,,,,,,,,,,,,,,,,,,,,,,,,,,2778,1922
"2003 Q4",176,647,42,67,44,27,16,,,,,3517,,,,,4593,,,,,,,,,,,,,,,,,3444,,,,,578,,,,,,,,,,,,,6369,128,48,4021,1659,89,10,1,,,,,,,,,,,,,,,,,,,,,,,,,,,,,,,,,,,,,,,,,,,,,,,,,,,,,,,,,4674,1695
"2004 Q1",151,8807,358,64,42,38,16,,,,,2302,,,,,816,,,,,,,,,,,,,,,,,2598,,,,,983,,,,,,,,,,,,,12639,111,40,2819,655,27,70,3,,,,,,,,,,,,,,,,,,,,,,,,,,,,,,,,,,,,,,,,,,,,,,,,,,,,,,,,,11757,882
"2004 Q2",169,822,300,81,18,57,14,,,,,3279,,,,,2353,,,,,,,,,,,,,,,,,9410,,,,,271,,,,,,,,,,,,,5359,120,49,2555,1682,79,15,6,,,,,,,,,,,,,,,,,,,,,,,,,,,,,,,,,,,,,,,,,,,,,,,,,,,,,,,,,3642,1717
"2004 Q3",211,240,374,74,35,47,14,,,,,9781,,,,,1305,,,,,,,,,,,,,,,,,5666,,,,,3246,,,,,,,,,,,,,8109,173,38,3469,4026,92,3,5,,,,,,,,,,,,,,,,,,,,,,,,,,,,,,,,,,,,,,,,,,,,,,,,,,,,,,,,,3819,4290
"2004 Q4",210,469,136,86,23,36,10,,,,,3347,,,,,1011,,,,,,,,,,,,,,,,,12254,,,,,1014,,,,,,,,,,,,,5301,173,37,3237,1459,88,9,3,,,,,,,,,,,,,,,,,,,,,,,,,,,,,,,,,,,,,,,,,,,,,,,,,,,,,,,,,3664,1637
"2005 Q1",166,166,98,91,20,51,19,,,,,3601,,,,,1435,,,,,,,,,,,,,,,,,11912,,,,,3328,,,,,,,,,,,,,3516,128,38,1334,1918,92,5,3,,,,,,,,,,,,,,,2,14,,,,,,,,,,,,,,,,,,,,,,,,,,,,,,,,,,,,,,,,,1581,1935
"2005 Q2",215,1285,114,74,22,65,12,,,,,7762,,,,,909,,,,,,,,,,,,,,,,,9019,,,,,544,,,,,,,,,,,,,8983,166,49,4869,2715,85,14,1,,,,,,,,,,,,,,,3,64,,,,,,,,,,,,,,,,,,,,,,,,,,,,,,,,,,,,,,,,,6009,2974
"2005 Q3",211,1207,96,109,42,67,18,,,,,7600,,,,,1136,,,,,,,,,,,,,,,,,13854,,,,,1639,,,,,,,,,,,,,7287,174,37,4106,1878,82,17,1,,,,,,,,,,,,,,,4,25,,,,,,,,,,,,,,,,,,,,,,,,,,,,,,,,,,,,,,,,,5367,1920
"2005 Q4",177,110,123,91,26,59,12,,,,,13769,,,,,9188,,,,,,,,,,,,,,,,,15495,,,,,2876,,,,,,,,,,,,,5348,136,41,3116,1999,96,2,2,,,,,,,,,,,,,,,2,6,,,,,,,,,,,,,,,,,,,,,,,,,,,,,,,,,,,,,,,,,3319,2029
"2006 Q1",207,431,42,94,18,54,16,,,,,7629,,,,,5456,,,,,,,,,,,,,,,,,24192,,,,,431,,,,,,,,,,,,,6969,163,44,4069,2427,93,6,1,,,,,,,,,,,,,,,1,517,,,,,,,,,,,,,,,,,,,,,,,,,,,,,,,,,,,,,,,,,4455,2514
"2006 Q2",208,384,13,98,18,62,13,,,,,6517,,,,,9454,,,,,,,,,,,,,,,,,18530,,,,,1837,,,,,,,,,,,,,4222,166,42,3298,527,91,9,0,,,,,,,,,,,,,,,2,9,,,,,,,,,,,,,,,,,,,,,,,,,,,,,,,,,,,,,,,,,3673,549
"2006 Q3",163,,216,98,24,71,11,,,,,15171,,,,,2836,,,,,,,,,,,,,,,,,19317,,,,,5715,,,,,,,,,,,,,11376,135,28,,4580,,,2,,,,,,,,,,,,,,,2,800,,,,,,,,,,,,,,,,,,,,,,,,,,,,,,,,,,,,,,,,,6725,4651
"2006 Q4",201,593,64,115,29,72,15,,,,,8095,,,,,3468,,,,,,,,,,,,,,,,,15711,,,,,6225,,,,,,,,,,,,,5944,164,37,4690,597,89,10,1,,,,,,,,,,,,,,,2,693,,,,,,,,,,,,,,,,,,,,,,,,,,,,,,,,,,,,,,,,,5327,617
"2007 Q1",191,2407,142,108,23,61,14,,,,,4506,,,,,3468,,,,,,,,,,,,,,,,,6394,,,,,638,,,,,,,,,,,,,5649,159,32,2824,276,54,43,3,,,,,,,,,,,,,,,0,0,,,,,,,,,,,,,,,,,,,,,,,,,,,,,,,,,,,,,,,,,5264,385
"2007 Q2",212,1874,282,105,39,75,26,,,,,17617,,,,,1798,,,,,,,,,,,,,,,,,51511,,,,,5274,,,,,,,,,,,,,10122,158,54,3605,4361,78,19,3,,,,,,,,,,,,,,,4,94,,,,,,,,,,,,,,,,,,,,,,,,,,,,,,,,,,,,,,,,,5543,4579
"2007 Q3",258,358,1110,141,23,80,12,,,,,9873,,,,,3887,,,,,,,,,,,,,,,,,15044,,,,,903,,,,,,,,,,,,,7846,209,49,5545,833,81,5,14,,,,,,,,,,,,,,,1,758,,,,,,,,,,,,,,,,,,,,,,,,,,,,,,,,,,,,,,,,,6904,942
"2007 Q4",208,270,157,87,19,53,14,,,,,25818,,,,,1068,,,,,,,,,,,,,,,,,9172,,,,,709,,,,,,,,,,,,,3161,172,36,1697,1037,86,9,5,,,,,,,,,,,,,,,1,180,,,,,,,,,,,,,,,,,,,,,,,,,,,,,,,,,,,,,,,,,2068,1093
"2008 Q1",172,786,268,86,15,86,16,,,,,15946,,,,,787,,,,,,,,,,,,,,,,,21086,,,,,766,,,,,,,,,,,,,4545,136,36,2578,913,77,17,6,,,,,,,,,,,,,,,1,,,,,,,,,,,,,,,,,,,,,,,,,,,,,,,,,,,,,,,,,,3506,1039
"2008 Q2",183,187,41,91,19,63,17,25,958,33,2401,5729,7,1127,,,5210,52,2930,32,1884,17,915,16,4757,1,7,3,446,22,1036,18,946,19964,6,697,4,1054,2140,43,11082,16,5324,12,3558,9,439,3,371,7,1330,9593,158,25,8845,520,98,2,0,30,9870,9,892,36,1443,7,1127,8,8834,3,195,11,485,0,,3,7879,1,87,6,278,3,84,21,8825,5,1141,39,2679,8,3713,11,1268,1,0,4,38,2,136,1,1,1,88,9,1565,2,234,0,0,1,19,3,4,0,0,9069,524
"2008 Q3",104,341,56,72,19,54,11,25,466,21,2215,4247,8,1854,,,4691,48,1022,16,693,10,2532,13,1378,3,443,7,2870,12,912,16,568,3228,3,47,3,134,568,39,2829,10,180,11,219,8,529,1,26,3,13,4133,77,27,3408,328,91,8,1,26,2318,5,173,32,1107,9,2465,14,1406,2,126,7,641,1,,7,77,2,187,5,51,1,434,23,645,5,321,26,2266,7,2206,4,222,0,0,7,291,3,20,1,43,0,0,3,39,0,0,0,0,1,74,4,544,0,0,3789,344
"2008 Q4",99,596,10,49,18,49,5,18,848,14,328,3748,11,219,,,1374,32,1198,11,2440,7,110,16,1237,2,133,2,4,18,3865,13,1790,8274,2,1607,1,41,1665,36,6337,9,737,8,1200,1,6,1,39,3,1620,18198,74,25,16502,1090,97,3,0,30,4581,3,1619,22,925,11,219,12,716,1,12,4,77,0,,0,7,1,5,3,19,1,514,13,1797,2,46,17,347,6,938,5,1893,0,0,8,275,1,217,0,0,0,0,2,2201,0,0,1,3,0,0,0,0,0,0,17105,1093
"2009 Q1",88,7699,47,17,13,28,6,4,861,6,727,3744,4,578,,,1299,10,3541,6,147,1,56,11,698,1,74,1,527,11,12031,9,254,12354,1,1,2,2012,2157,17,1995,8,10274,4,85,4,1125,0,0,2,1032,8206,59,29,332,128,6,93,1,13,12065,2,1,4,861,6,642,2,34,1,0,0,0,2,64,3,12,1,0,1,1574,1,534,12,266,3,2012,7,2301,3,633,2,12,1,144,2,67,0,10,1,11,0,0,3,512,0,0,0,0,0,0,1,3,4,14,8072,134
"2009 Q2",59,437,12,32,7,22,11,11,130,6,101,2811,3,7,,,726,27,854,4,1934,4,23,6,488,1,70,1,168,6,136,7,206,645,4,148,2,4,236,17,500,3,94,2,51,10,169,0,0,2,67,729,41,18,130,150,38,60,2,10,296,6,148,15,240,3,7,4,160,2,0,4,110,0,0,0,8,1,42,0,0,0,0,7,214,3,46,6,101,2,168,4,131,0,0,5,864,1,0,1,4,1,42,4,3,1,551,0,0,1,0,2,1603,0,0,579,150
"2009 Q3",62,254,9,28,7,28,8,7,575,9,1863,2574,2,186,,,,24,2439,4,75,2,60,6,188,0,0,1,64,7,2561,4,458,3934,2,118,4,2597,2715,24,3822,4,111,2,1,7,2597,0,0,1,118,1886,43,19,1409,214,87,13,0,11,2666,2,118,8,605,3,186,4,105,0,0,1,30,1,0,9,768,1,0,4,63,1,2,13,1226,5,2597,13,1926,1,2,4,42,0,0,3,26,2,64,0,0,0,0,2,15,1,0,0,0,1,0,2,2,0,0,1652,234
"2009 Q4",77,45,46,41,10,34,13,14,234,13,559,1019,6,1363,,,,36,622,3,374,4,23,10,2824,0,0,0,0,8,549,11,10676,15051,5,1103,2,35,2712,29,14774,5,181,2,96,11,2681,0,0,2,31,1374,55,22,1066,217,94,3,3,17,4189,8,2677,17,263,6,1363,9,3640,3,1574,3,29,0,0,2,98,1,0,2,109,0,0,13,10774,3,35,15,668,3,1010,2,14,1,0,4,7,0,0,2,74,0,0,4,79,1,451,0,0,1,0,1,2,0,0,1152,222
"2010 Q1",67,58,13,30,13,54,8,4,466,7,131,1027,6,78,,,2790,23,720,5,257,3,50,10,2460,0,0,3,330,8,103,28,13523,14371,4,256,1,2,332,41,13649,8,396,9,326,7,294,0,0,1,38,1361,50,17,765,525,95,4,1,15,410,7,330,10,579,6,78,7,307,3,74,6,113,0,0,8,366,0,0,5,77,2,296,36,13889,1,2,12,208,4,2417,3,72,0,0,2,194,0,7,0,0,0,0,4,35,2,286,0,0,0,0,2,11,1,2,825,536
"2010 Q2",95,275,57,49,18,48,15,29,1606,5,266,2293,7,540,,,866,33,1816,12,385,6,92,16,794,0,0,2,72,18,3859,13,1058,2841,4,67,5,805,1092,33,1983,11,357,11,501,11,918,1,109,4,65,2032,70,25,986,714,83,14,3,24,4139,8,178,32,1774,9,563,6,280,4,111,3,168,2,23,8,191,1,109,3,172,0,0,30,2054,6,914,8,438,1,290,3,4,1,0,3,50,7,12,0,0,0,0,4,30,0,0,0,0,0,0,2,1,1,1,1272,760
"2010 Q3",80,839,131,54,18,59,19,18,669,18,3875,5308,8,648,,,4189,42,4724,9,128,9,456,13,2671,2,64,5,1454,10,516,17,5805,12405,8,3137,6,243,3448,47,11659,9,414,7,332,11,1931,3,804,8,713,2949,58,22,1165,814,68,28,4,17,1825,10,3202,20,718,9,852,7,1309,2,65,2,49,1,204,8,3553,0,0,6,363,0,0,27,5264,6,243,24,4238,7,3053,3,1892,1,0,7,340,1,67,1,6,2,3,2,9,1,217,1,138,0,0,1,3,0,0,2017,932
"2010 Q4",83,388,149,66,24,51,16,15,238,23,1951,3786,6,263,,,3566,51,3247,12,396,8,143,20,2498,2,7,5,1061,0,339,16,2027,7026,3,3262,3,166,5019,40,6249,8,520,7,257,14,1818,1,15,2,3186,6263,65,18,3259,2467,92,6,2,19,1637,4,3283,22,379,8,299,3,37,1,21,7,141,2,36,6,1046,7,533,6,306,2,601,22,3073,10,699,29,2257,7,2602,7,2242,1,1033,4,46,3,31,2,8,1,4,9,593,2,106,1,66,0,0,2,511,4,528,3661,2602
"2011 Q1",76,240,57,70,18,54,15,18,16100,21,436,19848,5,1422,,,3268,50,20666,8,95,13,374,15,2745,2,125,4,398,20,3900,18,1250,5765,6,303,5,341,925,33,4237,10,1065,13,449,12,477,1,5,4,443,1500,51,25,552,651,80,16,4,26,4180,8,519,28,17149,6,1428,6,280,2,216,10,1049,1,6,1,84,1,46,3,300,4,1399,19,1334,6,387,24,736,7,1605,5,177,1,19,6,750,3,28,2,55,0,0,2,2144,0,0,1,5,0,0,8,356,2,207,829,671
"2011 Q2",94,204,83,75,19,68,15,24,3444,20,5643,10982,11,1042,,,3110,57,6500,13,4101,10,254,16,3072,0,0,2,24,19,694,25,6537,9712,5,4617,6,874,6102,45,6653,17,2378,11,261,12,4718,5,1114,3,270,3346,75,19,2355,704,92,6,2,26,1613,7,4716,30,3482,12,1068,7,919,2,99,6,38,1,27,6,472,1,373,9,1172,1,17,31,7009,7,1247,29,6815,4,1948,6,500,1,139,10,506,2,80,4,164,0,0,3,41,0,0,1,6,0,0,2,11,0,0,2571,775
"2011 Q3",97,75,87,77,22,68,17,23,911,13,1249,6816,11,1966,,,3620,67,6338,10,469,2,9,18,2882,2,234,3,459,22,1073,26,3037,5108,6,194,4,1220,1887,48,3554,12,1536,16,135,14,1767,3,71,3,38,1452,71,26,828,462,89,5,6,25,1161,8,224,29,2360,12,1989,3,88,2,30,6,1449,1,24,7,319,2,266,11,163,3,133,33,3356,6,1486,24,1412,7,1551,6,674,3,166,9,2889,2,18,5,27,0,0,7,137,2,17,1,7,0,0,6,18,0,0,941,511
"2011 Q4",106,200,44,64,21,47,22,6,148,21,1882,12588,3,245,,,4113,31,3970,14,324,8,7663,15,3758,1,18,3,11,7,148,18,10641,12382,6,1027,5,766,2834,26,4000,10,7578,5,124,13,2032,0,0,6,763,1791,79,27,697,850,87,11,2,13,376,10,1275,11,247,4,245,6,228,4,248,5,99,1,0,3,191,0,0,4,338,1,6,21,10832,5,766,25,2220,7,957,0,2,2,158,8,2662,4,2564,2,484,1,596,3,6757,2,21,1,8,0,0,1,71,0,0,924,867
"2012 Q1",62,323,30,25,8,51,8,8,167,7,260,772,,,1,1,2122,18,604,4,113,4,55,9,2194,0,,0,,13,1018,13,1189,4235,3,26,1,,,35,3123,13,588,12,524,8,1184,,,0,0,1070,49,13,518,199,67,30,3,26,1139,5,,12,220,6,2119,13,121,2,,4,53,,,7,1231,1,,2,121,0,0,20,2420,2,9,9,381,1,1,4,665,,,1,23,0,0,0,,0,0,1,,1,,1,,,,2,,1,0,871,199
"2012 Q2",81,54,143,41,14,48,7,8,1700,15,1420,6243,,,2,30,1375,31,5486,9,657,5,100,11,295,0,,3,,19,384,14,1408,2514,2,77,1,,,25,1870,17,336,14,308,5,713,,,3,61,1041,65,16,575,269,81,5,14,25,722,5,,13,2035,5,218,6,338,3,,5,335,,,4,323,1,,8,2365,4,1112,18,1731,2,676,23,3785,6,1142,3,47,,,3,388,0,0,1,,0,0,2,,1,,1,,,,0,,2,11,695,346
"2012 Q3",62,8,93,21,7,39,4,7,5489,8,2450,8231,,,2,224,632,15,2666,4,5483,2,82,3,401,1,,3,,12,1699,15,3097,8778,1,183,2,,,29,5421,9,2770,7,587,4,2809,,,0,0,610,55,7,409,100,84,1,15,13,1708,2,,8,5635,4,387,1,9,1,,1,146,,,7,2647,0,,5,124,0,0,22,5744,2,2582,13,2574,2,224,3,1325,,,0,0,0,0,0,,0,0,0,,0,,1,,,,0,,1,21,510,100
"2012 Q4",61,34,2,35,11,23,8,11,576,11,1254,2687,,,2,783,,19,767,12,1841,8,79,7,2927,2,,5,,9,432,8,523,1887,5,768,0,,1150,14,1245,9,523,2,119,6,1115,,,3,35,692,47,14,435,221,95,5,0,10,1058,6,,13,884,2,40,1,626,1,,2,308,,,3,55,1,,3,30,2,1077,11,578,1,334,14,1284,4,1860,2,240,,,3,47,2,1220,0,,0,0,2,,1,,0,,,,3,,2,14,460,232
"2013 Q1",39,26,16,27,10,19,4,7,796,2,261,1977,2,80,5,415,5546,22,1669,4,,2,,7,765,1,,,,10,,3,242,3528,1,13,1,,89,14,2908,4,,3,,3,55,0,,2,,2825,23,16,567,2216,98,1,1,13,876,2,17,8,825,2,80,3,,1,4,1,29,0,0,1,22,0,,9,219,0,0,4,264,1,40,11,480,5,415,2,,1,32,,,,,0,,0,,,,2,,0,,0,0,,,,,593,2232
"2013 Q2",68,80,50,13,13,33,8,4,417,3,47,1045,5,1232,2,1672,3572,10,850,2,,1,,12,3558,0,,,,6,,11,664,23506,2,199,0,,710,25,2544,9,,4,,5,402,2,,4,,2438,53,15,1992,316,95,3,2,13,22265,3,212,5,642,7,1315,7,,1,13,1,225,2,83,6,487,2,,1,70,0,0,17,1151,2,128,4,117,2,1672,1,,2,294,,,,,1,,1,,,,2,,1,,0,0,,,,,2104,334
"2013 Q3",72,230,17,7,5,59,8,1,85,2,256,474,3,260,1,134,439,5,273,2,,0,,5,433,0,,,,12,,24,1402,2783,3,224,5,,623,40,1892,17,,7,,6,612,1,,2,,1166,55,17,587,332,79,20,1,19,506,3,224,4,185,4,305,7,,0,0,3,100,1,45,5,645,0,,1,31,0,0,29,2047,5,398,3,287,1,134,9,,0,1,,,,,0,,0,,,,0,,2,,0,0,,,,,829,337
"2013 Q4",59,17,64,11,,30,6,4,4918,1,36,,2,17,1,1470,,7,143,3,,1,,4,926,1,,,,7,,16,1100,2022,3,426,2,,491,15,1047,9,,11,,5,472,0,,1,,1236,44,15,544,611,94,1,5,8,525,4,445,6,4940,2,17,1,,1,19,2,22,0,0,4,375,0,,2,3,0,0,20,1475,2,45,3,39,1,1470,1,,0,1,,,,,1,,0,,,,0,,0,,0,0,,,,,609,627
"2014 Q1",39,612,2,34,9,25,,,,,,2893,,,,,1412,,,,,,,,,,,,,,,,,5504,,,,,,,,,,,,,,,,,,1609,31,8,899,96,62,37,0,,,,,,,,,,,,,,,,,,,,,,,,,,,,,,,,,,,,,,,,,,,,,,,,,,,,,,,,,1487,122
"2014 Q2",37,31,0,17,,19,,,,,,2117,,,,,,,,,,,,,,,,,,,,,,1503,,,,,,,,,,,,,,,,,,1167,24,13,292,844,97,3,0,,,,,,,,,,,,,,,,,,,,,,,,,,,,,,,,,,,,,,,,,,,,,,,,,,,,,,,,,283,885

© Crown Copyright

AIHA,"M&A : Domestic : Number of companies acquired"
,seasonal_adjustment='NSA'
,base_period='-'
,price='NONE'
,index_period='-'
AIHD,"M&A : Domestic : Value of ordinary shares : £m"
,seasonal_adjustment='NSA'
,base_period='-'
,price='CURR'
,index_period='-'
AIHE,"M&A : Domestic : Value of preference & loan stock : £m"
,seasonal_adjustment='NSA'
,base_period='-'
,price='CURR'
,index_period='-'
CBAQ,"M&A : Outward : Number of acquisitions"
,seasonal_adjustment='NSA'
,base_period='-'
,price='CURR'
,index_period='-'
CBAS,"M&A : Outward : Number of disposals"
,seasonal_adjustment='NSA'
,base_period='-'
,price='CURR'
,index_period='-'
CBAU,"M&A : Inward : Number of acquisitions"
,seasonal_adjustment='NSA'
,base_period='-'
,price='CURR'
,index_period='-'
CBAW,"M&A : Inward : Number of disposals"
,seasonal_adjustment='NSA'
,base_period='-'
,price='CURR'
,index_period='-'
CBAY,"M&A : Outward : Number of acquisitions in EU : Annual"
,seasonal_adjustment='NSA'
,base_period='-'
,price='CURR'
,index_period='-'
CBAZ,"M&A : Outward : Value of acquisitions in EU : Annual : £m"
,seasonal_adjustment='NSA'
,base_period='-'
,price='CURR'
,index_period='-'
CBBA,"M&A : Outward : Number of acquisitions in USA : Annual"
,seasonal_adjustment='NSA'
,base_period='-'
,price='CURR'
,index_period='-'
CBBB,"M&A : Outward : Value of acquisitions in USA : Annual : £m"
,seasonal_adjustment='NSA'
,base_period='-'
,price='CURR'
,index_period='-'
CBBI,"M&A : Outward : Value of acquisitions : £m"
,seasonal_adjustment='NSA'
,base_period='-'
,price='CURR'
,index_period='-'
CBBJ,"M&A : Outward : Number of disposals in EU : Annual"
,seasonal_adjustment='NSA'
,base_period='-'
,price='CURR'
,index_period='-'
CBBK,"M&A : Outward : Value of disposals in EU : Annual : £m"
,seasonal_adjustment='NSA'
,base_period='-'
,price='CURR'
,index_period='-'
CBBL,"M&A : Outward : Number of disposals in USA : Annual"
,seasonal_adjustment='NSA'
,base_period='-'
,price='CURR'
,index_period='-'
CBBM,"M&A : Outward : Value of disposals in USA : Annual : £m"
,seasonal_adjustment='NSA'
,base_period='-'
,price='CURR'
,index_period='-'
CBBT,"M&A : Outward : Value of disposals : £m"
,seasonal_adjustment='NSA'
,base_period='-'
,price='CURR'
,index_period='-'
CBBU,"M&A : Outward : Number of acquisitions - direct transactions : Annual"
,seasonal_adjustment='NSA'
,base_period='-'
,price='CURR'
,index_period='-'
CBBV,"M&A : Outward : Value of acquisitions - direct transactions : Annual : £m"
,seasonal_adjustment='NSA'
,base_period='-'
,price='CURR'
,index_period='-'
CBBW,"M&A : Outward : Number of acquisitions - indirect funded in UK : Annual"
,seasonal_adjustment='NSA'
,base_period='-'
,price='CURR'
,index_period='-'
CBBX,"M&A : Outward : Value of acquisitions - indirect funded in UK : Annual : £m"
,seasonal_adjustment='NSA'
,base_period='-'
,price='CURR'
,index_period='-'
CBBY,"M&A : Outward : Number of acquisitions - indirect funded locally : Annual"
,seasonal_adjustment='NSA'
,base_period='-'
,price='CURR'
,index_period='-'
CBBZ,"M&A : Outward : Value of acquisitions - indirect funded locally : Annual : £m"
,seasonal_adjustment='NSA'
,base_period='-'
,price='CURR'
,index_period='-'
CBCA,"M&A : Outward : Number of disposals - direct transactions : Annual"
,seasonal_adjustment='NSA'
,base_period='-'
,price='CURR'
,index_period='-'
CBCB,"M&A : Outward : Value of disposals - direct transactions : Annual : £m"
,seasonal_adjustment='NSA'
,base_period='-'
,price='CURR'
,index_period='-'
CBCC,"M&A : Outward : Number of disposals - indirect funded in UK : Annual"
,seasonal_adjustment='NSA'
,base_period='-'
,price='CURR'
,index_period='-'
CBCD,"M&A : Outward : Value of disposals - indirect funded in UK : Annual : £m"
,seasonal_adjustment='NSA'
,base_period='-'
,price='CURR'
,index_period='-'
CBCE,"M&A : Outward : Number of disposals - indirect funded locally : Annual"
,seasonal_adjustment='NSA'
,base_period='-'
,price='CURR'
,index_period='-'
CBCF,"M&A : Outward : Value of disposals - indirect funded locally : Annual : £m"
,seasonal_adjustment='NSA'
,base_period='-'
,price='CURR'
,index_period='-'
CBCG,"M&A : Inward : Number of acquisitions in EU : Annual"
,seasonal_adjustment='NSA'
,base_period='-'
,price='CURR'
,index_period='-'
CBCH,"M&A : Inward : Value of acquisitions in EU : Annual : £m"
,seasonal_adjustment='NSA'
,base_period='-'
,price='CURR'
,index_period='-'
CBCI,"M&A : Inward : Number of acquisitions in USA : Annual"
,seasonal_adjustment='NSA'
,base_period='-'
,price='CURR'
,index_period='-'
CBCJ,"M&A : Inward : Value of acquisitions in USA : Annual : £m"
,seasonal_adjustment='NSA'
,base_period='-'
,price='CURR'
,index_period='-'
CBCQ,"M&A : Inward : Value of acquisitions : £m"
,seasonal_adjustment='NSA'
,base_period='-'
,price='CURR'
,index_period='-'
CBCR,"M&A : Inward : Number of disposals in EU : Annual"
,seasonal_adjustment='NSA'
,base_period='-'
,price='CURR'
,index_period='-'
CBCS,"M&A : Inward : Value of disposals in EU : Annual : £m"
,seasonal_adjustment='NSA'
,base_period='-'
,price='CURR'
,index_period='-'
CBCT,"M&A : Inward : Number of disposals in USA : Annual"
,seasonal_adjustment='NSA'
,base_period='-'
,price='CURR'
,index_period='-'
CBCU,"M&A : Inward : Value of disposals in USA : Annual : £m"
,seasonal_adjustment='NSA'
,base_period='-'
,price='CURR'
,index_period='-'
CBDB,"M&A : Inward : Value of disposals : £m"
,seasonal_adjustment='NSA'
,base_period='-'
,price='CURR'
,index_period='-'
CBDC,"M&A : Inward : Number of acquisitions - direct transactions : Annual"
,seasonal_adjustment='NSA'
,base_period='-'
,price='CURR'
,index_period='-'
CBDD,"M&A : Inward : Value of acquisitions - direct transactions : Annual : £m"
,seasonal_adjustment='NSA'
,base_period='-'
,price='CURR'
,index_period='-'
CBHZ,"M&A : Inward : Number of acquisitions - indirect by overseas parent : Annual"
,seasonal_adjustment='NSA'
,base_period='-'
,price='CURR'
,index_period='-'
CBIA,"M&A : Inward : Value of acquisitions - indirect by overseas parent : Annual : £m"
,seasonal_adjustment='NSA'
,base_period='-'
,price='CURR'
,index_period='-'
CBIB,"M&A : Inward : Number of acquisitions - indirect funded locally : Annual"
,seasonal_adjustment='NSA'
,base_period='-'
,price='CURR'
,index_period='-'
CBIC,"M&A : Inward : Value of acquisitions - indirect funded locally : Annual : £m"
,seasonal_adjustment='NSA'
,base_period='-'
,price='CURR'
,index_period='-'
CBID,"M&A : Inward : Number of disposals - direct transactions : Annual"
,seasonal_adjustment='NSA'
,base_period='-'
,price='CURR'
,index_period='-'
CBIE,"M&A : Inward : Value of disposals - direct transactions : Annual : £m"
,seasonal_adjustment='NSA'
,base_period='-'
,price='CURR'
,index_period='-'
CBIF,"M&A : Inward : Number of disposals - indirect by overseas parent : Annual"
,seasonal_adjustment='NSA'
,base_period='-'
,price='CURR'
,index_period='-'
CBIG,"M&A : Inward : Value of disposals - indirect by overseas parent : Annual : £m"
,seasonal_adjustment='NSA'
,base_period='-'
,price='CURR'
,index_period='-'
CBIH,"M&A : Inward : Number of disposals - indirect funded locally : Annual"
,seasonal_adjustment='NSA'
,base_period='-'
,price='CURR'
,index_period='-'
CBII,"M&A : Inward : Value of disposals - indirect funded locally : Annual : £m"
,seasonal_adjustment='NSA'
,base_period='-'
,price='CURR'
,index_period='-'
DUCM,"M&A : Domestic : Total expenditure - (Initial plus deferred payments) : £m"
,seasonal_adjustment='NSA'
,base_period='-'
,price='CURR'
,index_period='-'
DWVH,"M&A : Domestic : M&A of independents : number acquired"
,seasonal_adjustment='NSA'
,base_period='-'
,price='NONE'
,index_period='-'
DWVL,"M&A : Domestic : Sales of subsidiaries between groups : number acquired"
,seasonal_adjustment='NSA'
,base_period='-'
,price='NONE'
,index_period='-'
DWVW,"M&A : Domestic : Cash expenditure on M&A of independent companies : £m"
,seasonal_adjustment='NSA'
,base_period='-'
,price='CURR'
,index_period='-'
DWVX,"M&A : Domestic : Cash expenditure on M&A of subsidiaries : £m"
,seasonal_adjustment='NSA'
,base_period='-'
,price='CURR'
,index_period='-'
DWVY,"M&A : Domestic : Percentage of M&A in cash"
,seasonal_adjustment='NSA'
,base_period='-'
,price='NONE'
,index_period='-'
DWVZ,"M&A : Domestic : Percentage of M&A in ordinary shares"
,seasonal_adjustment='NSA'
,base_period='-'
,price='NONE'
,index_period='-'
DWWA,"M&A : Domestic : Percentage of M&A in fixed interest securities"
,seasonal_adjustment='NSA'
,base_period='-'
,price='NONE'
,index_period='-'
HCI7,"Europe Total Inward Acquisitions Number"
,seasonal_adjustment='NSA'
,base_period='-'
,price='CURR'
,index_period='-'
HCI8,"Europe Total Inward Acquisitions Value: £m"
,seasonal_adjustment='NSA'
,base_period='-'
,price='CURR'
,index_period='-'
HCI9,"Europe Total Inward Disposals Number"
,seasonal_adjustment='NSA'
,base_period='-'
,price='CURR'
,index_period='-'
HCJ2,"Europe Total Inward Disposals Value: £m"
,seasonal_adjustment='NSA'
,base_period='-'
,price='CURR'
,index_period='-'
HCJ3,"Europe Total Outward Acquisitions Number"
,seasonal_adjustment='NSA'
,base_period='-'
,price='CURR'
,index_period='-'
HCJ4,"Europe Total Outward Acquisitions Value :£m"
,seasonal_adjustment='NSA'
,base_period='-'
,price='CURR'
,index_period='-'
HCJ5,"Europe Total Outward Disposals Number"
,seasonal_adjustment='NSA'
,base_period='-'
,price='CURR'
,index_period='-'
HCJ6,"Europe Total Outward Disposals Value :£m"
,seasonal_adjustment='NSA'
,base_period='-'
,price='CURR'
,index_period='-'
HCJ7,"Other Europe Inward Acquisitions Number"
,seasonal_adjustment='NSA'
,base_period='-'
,price='CURR'
,index_period='-'
HCJ8,"Other Europe Inward Acquisitions Value :£m"
,seasonal_adjustment='NSA'
,base_period='-'
,price='CURR'
,index_period='-'
HCJ9,"Other Europe Inward Disposals Number"
,seasonal_adjustment='NSA'
,base_period='-'
,price='CURR'
,index_period='-'
HCK2,"Other Europe Inward Disposals Value :£m"
,seasonal_adjustment='NSA'
,base_period='-'
,price='CURR'
,index_period='-'
HCK3,"Other Europe Outward Acquisitions Number"
,seasonal_adjustment='NSA'
,base_period='-'
,price='CURR'
,index_period='-'
HCK4,"Other Europe Outward Acquisitions Value :£m"
,seasonal_adjustment='NSA'
,base_period='-'
,price='CURR'
,index_period='-'
HCK5,"Other Europe Outward Disposals Number"
,seasonal_adjustment='NSA'
,base_period='-'
,price='CURR'
,index_period='-'
HCK6,"Other Europe Outward Disposals Value :£m"
,seasonal_adjustment='NSA'
,base_period='-'
,price='CURR'
,index_period='-'
HCK7,"Other Americas Inward Acquisitions Number"
,seasonal_adjustment='NSA'
,base_period='-'
,price='CURR'
,index_period='-'
HCK8,"Other Americas Inward Acquisitions Value :£m"
,seasonal_adjustment='NSA'
,base_period='-'
,price='CURR'
,index_period='-'
HCK9,"Other Americas Inward Disposals Number"
,seasonal_adjustment='NSA'
,base_period='-'
,price='CURR'
,index_period='-'
HCL2,"Other Americas Inward Disposals Value :£m"
,seasonal_adjustment='NSA'
,base_period='-'
,price='CURR'
,index_period='-'
HCL3,"Other Americas Outward Acquisitions Number"
,seasonal_adjustment='NSA'
,base_period='-'
,price='CURR'
,index_period='-'
HCL4,"Other Americas Outward Acquisitions Value :£m"
,seasonal_adjustment='NSA'
,base_period='-'
,price='CURR'
,index_period='-'
HCL5,"Other Americas Outward Disposals Number"
,seasonal_adjustment='NSA'
,base_period='-'
,price='CURR'
,index_period='-'
HCL6,"Other Americas Outward Disposals Value :£m"
,seasonal_adjustment='NSA'
,base_period='-'
,price='CURR'
,index_period='-'
HCL7,"Americas Total Inward Acquisitions Number"
,seasonal_adjustment='NSA'
,base_period='-'
,price='CURR'
,index_period='-'
HCL8,"Americas Total Inward Acquisitions Value :£m"
,seasonal_adjustment='NSA'
,base_period='-'
,price='CURR'
,index_period='-'
HCL9,"Americas Total Inward Disposals Number"
,seasonal_adjustment='NSA'
,base_period='-'
,price='CURR'
,index_period='-'
HCM2,"Americas Total Inward Disposals Value :£m"
,seasonal_adjustment='NSA'
,base_period='-'
,price='CURR'
,index_period='-'
HCM3,"Americas Total Outward Acquisitions Number"
,seasonal_adjustment='NSA'
,base_period='-'
,price='CURR'
,index_period='-'
HCM4,"Americas Total Outward Acquisitions Value :£m"
,seasonal_adjustment='NSA'
,base_period='-'
,price='CURR'
,index_period='-'
HCM5,"Americas Total Outward Disposals Number"
,seasonal_adjustment='NSA'
,base_period='-'
,price='CURR'
,index_period='-'
HCM6,"Americas Total Outward Disposals Value :£m"
,seasonal_adjustment='NSA'
,base_period='-'
,price='CURR'
,index_period='-'
HCM7,"Asia Inward Acquisitions Number"
,seasonal_adjustment='NSA'
,base_period='-'
,price='CURR'
,index_period='-'
HCM8,"Asia Inward Acquisitions Value :£m"
,seasonal_adjustment='NSA'
,base_period='-'
,price='CURR'
,index_period='-'
HCM9,"Asia Inward Disposals Number"
,seasonal_adjustment='NSA'
,base_period='-'
,price='CURR'
,index_period='-'
HCN2,"Asia Inward Disposals Value :£m"
,seasonal_adjustment='NSA'
,base_period='-'
,price='CURR'
,index_period='-'
HCN3,"Asia Outward Acquisitions Number"
,seasonal_adjustment='NSA'
,base_period='-'
,price='CURR'
,index_period='-'
HCN4,"Asia Outward Acquisitions Value :£m"
,seasonal_adjustment='NSA'
,base_period='-'
,price='CURR'
,index_period='-'
HCN5,"Asia Outward Disposals Number"
,seasonal_adjustment='NSA'
,base_period='-'
,price='CURR'
,index_period='-'
HCN6,"Asia Ouward Disposals Value :£m"
,seasonal_adjustment='NSA'
,base_period='-'
,price='CURR'
,index_period='-'
HCN7,"Australasia & Oceania Inward Acquisitions Number"
,seasonal_adjustment='NSA'
,base_period='-'
,price='CURR'
,index_period='-'
HCN8,"Australasia & Oceania Inward Acquisitions Value :£m"
,seasonal_adjustment='NSA'
,base_period='-'
,price='CURR'
,index_period='-'
HCN9,"Australasia & Oceania Inward Disposals Number"
,seasonal_adjustment='NSA'
,base_period='-'
,price='CURR'
,index_period='-'
HCO2,"Australasia & Oceania Inward Disposals Value :£m"
,seasonal_adjustment='NSA'
,base_period='-'
,price='CURR'
,index_period='-'
HCO3,"Australasia & Oceania Outward Acquisitions Number"
,seasonal_adjustment='NSA'
,base_period='-'
,price='CURR'
,index_period='-'
HCO4,"Australasia & Oceania Outward Acquisitions Value :£m"
,seasonal_adjustment='NSA'
,base_period='-'
,price='CURR'
,index_period='-'
HCO5,"Australasia & Oceania Outward Disposals Number"
,seasonal_adjustment='NSA'
,base_period='-'
,price='CURR'
,index_period='-'
HCO6,"Australasia & Oceania Outward Disposals Value :£m"
,seasonal_adjustment='NSA'
,base_period='-'
,price='CURR'
,index_period='-'
HCO7,"Africa Inward Acquisitions Number"
,seasonal_adjustment='NSA'
,base_period='-'
,price='CURR'
,index_period='-'
HCO8,"Africa Inward Acquisitions Value :£m"
,seasonal_adjustment='NSA'
,base_period='-'
,price='CURR'
,index_period='-'
HCO9,"Africa Inward Disposals Number"
,seasonal_adjustment='NSA'
,base_period='-'
,price='CURR'
,index_period='-'
HCP2,"Africa Inward Disposals Value :£m"
,seasonal_adjustment='NSA'
,base_period='-'
,price='CURR'
,index_period='-'
HCP3,"Africa Outward Acquisitions Number"
,seasonal_adjustment='NSA'
,base_period='-'
,price='CURR'
,index_period='-'
HCP4,"Africa Outward Acquisitions Value :£m"
,seasonal_adjustment='NSA'
,base_period='-'
,price='CURR'
,index_period='-'
HCP5,"Africa Outward Disposals Number"
,seasonal_adjustment='NSA'
,base_period='-'
,price='CURR'
,index_period='-'
HCP6,"Africa Outward Disposals Value :£m"
,seasonal_adjustment='NSA'
,base_period='-'
,price='CURR'
,index_period='-'
HIKB,"M&A : Domestic : M&A of independents : Total payments : £m"
,seasonal_adjustment='NSA'
,base_period='-'
,price='CURR'
,index_period='-'
HIKC,"M&A : Domestic : Sales of subsidiaries between groups : Total payments : £m"
,seasonal_adjustment='NSA'
,base_period='-'
,price='CURR'
,index_period='-'
