,ABMI,ABMM,L2KK,L3BA,L3ZY,IHYP,IHYQ,IHYR,KI8L,KI8M,KI8N,KI8O,KI8P,KI8Q,KIH8,KIH9,KII2,KLH7,KLH8,KLH9,L2KL,L2KQ,L2KR,L2KX,L2MW,L2N2,L2N8,L2NC,L2PZ,L3BB,L3BG,L3BH,L3BN,L3DM,L3DQ,L3DW,L3E2,L3GP,L3ZZ,L426,L427,L42D,L44C,L44G,L44M,L44Q,L47F,YBEZ
"1948",283297,249042,,,,,,,,,,,,,,,,,,,,,,,,,,,,,,,,,,,,,,,,,,,,,,19.1
"1949",293855,259272,,,,3.7,,,,,,,,,,,,,,,,,,,,,,,,,,,,,,,,,,,,,,,,,,19.8
"1950",304395,268266,,,,3.6,,,,,,,,,,,,,,,,,,,,,,,,,,,,,,,,,,,,,,,,,,20.5
"1951",313841,275716,,,,3.1,,,,,,,,,,,,,,,,,,,,,,,,,,,,,,,,,,,,,,,,,,21.1
"1952",314865,277401,,,,0.3,,,,,,,,,,,,,,,,,,,,,,,,,,,,,,,,,,,,,,,,,,21.2
"1953",327814,288840,,,,4.1,,,,,,,,,,,,,,,,,,,,,,,,,,,,,,,,,,,,,,,,,,22.1
"1954",342588,302490,,,,4.5,,,,,,,,,,,,,,,,,,,,,,,,,,,,,,,,,,,,,,,,,,23.1
"1955",355858,313579,,,,3.9,,,,,,,,,,,,,,,,,,,,,,,,,,,,,,,,,,,,,,,,,,24
"1956",360417,318271,,,,1.3,,,,,,,,,,,,,,,,,,,,,,,,,,,,,,,,,,,,,,,,,,24.3
"1957",367645,325379,,,,2,,,,,,,,,,,,,,,,,,,,,,,,,,,,,,,,,,,,,,,,,,24.7
"1958",370172,326650,,,,0.7,,,,,,,,,,,,,,,,,,,,,,,,,,,,,,,,,,,,,,,,,,24.9
"1959",387526,341105,,,,4.7,,,,,,,,,,,,,,,,,,,,,,,,,,,,,,,,,,,,,,,,,,26.1
"1960",409973,361965,,,,5.8,,,,,,,,,,,,,,,,,,,,,,,,,,,,,,,,,,,,,,,,,,27.6
"1961",421310,372510,,,,2.8,,,,,,,,,,,,,,,,,,,,,,,,,,,,,,,,,,,,,,,,,,28.4
"1962",427475,378794,,,,1.5,,,,,,,,,,,,,,,,,,,,,,,,,,,,,,,,,,,,,,,,,,28.8
"1963",447496,397839,,,,4.7,,,,,,,,,,,,,,,,,,,,,,,,,,,,,,,,,,,,,,,,,,30.1
"1964",473796,421631,,,,5.9,,,,,,,,,,,,,,,,,,,,,,,,,,,,,,,,,,,,,,,,,,31.9
"1965",486075,434255,,,,2.6,,,,,,,,,,,,,,,,,,,,,,,,,,,,,,,,,,,,,,,,,,32.7
"1966",497032,443524,,,,2.3,,,,,,,,,,,,,,,,,,,,,,,,,,,,,,,,,,,,,,,,,,33.5
"1967",511027,453781,,,,2.8,,,,,,,,,,,,,,,,,,,,,,,,,,,,,,,,,,,,,,,,,,34.4
"1968",534375,475005,,,,4.6,,,,,,,,,,,,,,,,,,,,,,,,,,,,,,,,,,,,,,,,,,36
"1969",547193,486998,,,,2.4,,,,,,,,,,,,,,,,,,,,,,,,,,,,,,,,,,,,,,,,,,36.8
"1970",561174,498906,,,,2.6,,,,,,,,,,,,,,,,,,,,,,,,,,,,,,,,,,,,,,,,,,37.8
"1971",574278,511621,,,,2.3,,,,,,,,,,,,,,,,,,,,,,,,,,,,,,,,,,,,,,,,,,38.7
"1972",596452,531602,,,,3.9,,,,,,,,,,,,,,,,,,,,,,,,,,,,,,,,,,,,,,,,,,40.1
"1973",640867,573242,,,,7.4,,,,,,,,,,,,,,,,,,,,,,,,,,,,,,,,,,,,,,,,,,43.1
"1974",633681,568737,,,,-1.1,,,,,,,,,,,,,,,,,,,,,,,,,,,,,,,,,,,,,,,,,,42.7
"1975",630450,566484,,,,-0.5,,,,,,,,,,,,,,,,,,,,,,,,,,,,,,,,,,,,,,,,,,42.4
"1976",646638,579480,,,,2.6,,,,,,,,,,,,,,,,,,,,,,,,,,,,,,,,,,,,,,,,,,43.5
"1977",662257,592633,,,,2.4,,,,,,,,,,,,,,,,,,,,,,,,,,,,,,,,,,,,,,,,,,44.6
"1978",683982,608668,,,,3.3,,,,,,,,,,,,,,,,,,,,,,,,,,,,,,,,,,,,,,,,,,46
"1979",703412,622875,,,,2.8,,,,,,,,,,,,,,,,,,,,,,,,,,,,,,,,,,,,,,,,,,47.3
"1980",689320,610561,,,,-2,,,,,,,,,,,,,,,,,,,,,,,,,,,,,,,,,,,,,,,,,,46.4
"1981",680652,604356,,,,-1.3,,,,,,,,,,,,,,,,,,,,,,,,,,,,,,,,,,,,,,,,,,45.8
"1982",695937,620060,,,,2.2,,,,,,,,,,,,,,,,,,,,,,,,,,,,,,,,,,,,,,,,,,46.8
"1983",722617,643366,,,,3.8,,,,,,,,,,,,,,,,,,,,,,,,,,,,,,,,,,,,,,,,,,48.6
"1984",743885,660425,,,,2.9,,,,,,,,,,,,,,,,,,,,,,,,,,,,,,,,,,,,,,,,,,50.1
"1985",772661,687371,,,,3.9,,,,,,,,,,,,,,,,,,,,,,,,,,,,,,,,,,,,,,,,,,52
"1986",805910,715562,,,,4.3,,,,,,,,,,,,,,,,,,,,,,,,,,,,,,,,,,,,,,,,,,54.2
"1987",847454,751614,,,,5.2,,,,,,,,,,,,,,,,,,,,,,,,,,,,,,,,,,,,,,,,,,57
"1988",894656,792441,,,,5.6,,,,,,,,,,,,,,,,,,,,,,,,,,,,,,,,,,,,,,,,,,60.2
"1989",917871,813744,,,,2.6,,,,,,,,,,,,,,,,,,,,,,,,,,,,,,,,,,,,,,,,,,61.8
"1990",934589,831841,62.6,,,1.8,,,,42,,46.8,,63.7,,,,,,,98.5,100.3,126.1,101,70,75.5,92.9,53.2,64.1,,,,,,,,,,,,,,,,,,,62.9
"1991",922510,824813,62.1,,,-1.3,,,,40.9,,46.5,,66.1,,,,,,,102.8,97,129.4,96.1,72.7,73.7,86,53.1,62,,,,,,,,,,,,,,,,,,,62.1
"1992",934454,837850,63.1,,,1.3,,,,42.3,,46.6,,68.4,,,,,,,107,97.3,132,96,74.2,74.5,83.1,54.4,64.7,,,,,,,,,,,,,,,,,,,62.9
"1993",967071,868530,65.4,,,3.5,,,,44.3,,48.7,,70.6,,,,,,,98.9,99.4,139.2,97.3,77.1,77.8,82.1,57.1,70.1,,,,,,,,,,,,,,,,,,,65.1
"1994",1014974,910125,68.5,,,5,,,,47.4,,51.4,,72.6,,,,,,,98.1,104.8,162.7,102.1,76.5,81.2,82.1,60,74.5,,,,,,,,,,,,,,,,,,,68.3
"1995",1050837,939949,70.8,,,3.5,,,,50.5,,53.9,,74.4,,,,,,,96.5,106.6,167,103.6,78.2,83.3,83,62.5,76.9,,,,,,,,,,,,,,,,,,,70.7
"1996",1087525,972276,73.2,,,3.5,,,,53.4,,57.3,,75.9,,,,,,,94.1,108.1,167.7,104.8,82.1,85.1,85.9,65.2,79.6,,,,,,,,,,,,,,,,,,,73.2
"1997",1134837,1014448,76.4,,,4.4,,,,58.5,,61.9,,77.1,,,,74.2,4.5,,97.5,109.6,164.1,106.8,82.4,86.6,88.3,68.8,82.7,,,,,,,,,,,,,,,,,,,76.4
"1998",1175317,1053083,79.3,3.8,,3.6,,,8.3,63.4,6.9,66.2,2.2,78.8,,,,77.1,3.8,,99,110.9,168.5,107.4,85.1,92.5,89.6,72.2,85.1,1.6,1.2,2.7,0.5,3.3,6.9,1.4,5,2.9,,,,,,,,,,79.1
"1999",1209852,1085239,81.7,3,,2.9,,,11,70.4,3.7,68.6,1.8,80.2,,,,79.3,2.9,,102.8,112.2,176.1,107.9,89,93.2,90.8,75,85.8,3.8,1.2,4.5,0.5,4.5,0.7,1.3,3.8,0.8,,,,,,,,,,81.4
"2000",1262629,1133951,85.3,4.4,,4.4,,,14.7,80.7,6.5,73.1,3.6,83.1,,,,83.2,4.9,,101.2,114.2,170.4,110.3,93,94.7,91.5,79.2,85.4,-1.6,1.8,-3.2,2.1,4.5,1.6,0.8,5.6,-0.5,,,,,,,,,,85
"2001",1290216,1154616,87,1.9,,2.2,,,3.9,83.8,4,76,1.1,84,,,,85.1,2.2,,93.2,112.4,162.3,108.4,96.2,95.8,93.2,81.6,88.4,-7.9,-1.6,-4.8,-1.7,3.5,1.2,1.8,3,3.5,,,,,,,,,,86.8
"2002",1319829,1177360,88.6,1.9,,2.3,,,0.8,84.5,0.9,76.7,3.2,86.7,,,,86.8,2.1,,104.7,110.8,162.9,105.8,97,100.8,98.5,83.5,92.5,12.4,-1.4,0.4,-2.4,0.9,5.2,5.7,2.3,4.6,,,,,,,,,,88.8
"2003",1371948,1225278,92.2,4.1,,3.9,,,6,89.6,6.9,82,4.1,90.2,,,,90.7,4.5,,101,110.1,154.6,105.3,98.8,105.6,103.4,87.8,95.5,-3.6,-0.6,-5.1,-0.5,1.8,4.7,4.9,5.2,3.3,,,,,,,,,,92.3
"2004",1415482,1262366,95,3,,3.2,,,3.8,92.9,4,85.3,2.3,92.3,,,,93.9,3.5,,100.1,110.9,142.5,107.3,100.3,106.9,108.8,90.8,98.9,-0.9,0.7,-7.8,1.9,1.5,1.2,5.2,3.4,3.6,,,,,,,,,,95.3
"2005",1461270,1307478,98.5,3.7,,3.2,,,5.6,98.1,7.6,91.8,5.1,97,,,,97.6,4,,106,110,132.1,107.1,100.1,111.9,106.2,95.6,99.6,5.9,-0.8,-7.3,-0.2,-0.2,4.7,-2.4,5.2,0.6,,,,,,,,,,98.4
"2006",1501528,1342966,101.1,2.7,,2.8,,,1.7,99.8,5.8,97.1,1.1,98,,,,100.6,3.1,,102.5,110.3,124.3,109,99.9,108.9,106.9,98.9,103.4,-3.3,0.2,-5.9,1.8,-0.2,-2.7,0.7,3.4,3.8,,,,,,,,,,101.1
"2007",1552989,1389907,104.7,3.5,,3.4,,,5.3,105.1,6.8,103.7,0.4,98.5,,,,104.3,3.6,,98.6,110.7,120.8,109.9,100.6,112.7,109.2,103.2,108.2,-3.8,0.4,-2.8,0.8,0.8,3.4,2.1,4.4,4.6,,,,,,,,,,104.5
"2008",1541039,1381998,104.1,-0.6,,-0.8,,,-0.4,104.6,0.9,104.6,0.9,99.3,,,,103.8,-0.5,,108.2,107.5,113.4,106.9,101.1,110.5,106.4,103.2,105.2,9.7,-2.9,-6.1,-2.8,0.5,-2,-2.5,0,-2.8,,,,,,,,,,103.7
"2009",1461361,1306896,98.4,-5.4,,-5.2,,,-7.2,97.1,-4.8,99.6,0.4,99.7,,,,98.2,-5.4,,100.7,97.2,102.5,96,96.2,101.3,92.3,99.2,99,-6.9,-9.5,-9.7,-10.2,-4.8,-8.3,-13.3,-3.9,-5.8,,,,,,,,,,98.4
"2010",1485616,1327924,100,1.6,,1.7,,,3,100,0.4,100,0.3,100,,,,100,1.8,,100,100,100,100,100,100,100,100,100,-0.7,2.8,-2.4,4.2,3.9,-1.3,8.3,0.8,1,,,,,,,,,,100
"2011",1502216,1343737,101.2,1.2,,1.1,,,1.6,101.6,2.5,102.5,0.5,100.5,,,,101.6,1.6,,110.6,98.8,85.2,101.8,94.1,104.1,102.3,101.5,100.7,10.6,-1.2,-14.8,1.8,-5.9,4.1,2.3,1.5,0.7,,,,,,,,,,101.1
"2012",1506388,1348704,101.3,0.1,,0.3,,,0,101.5,2.1,104.7,1.1,101.6,,,,102.1,0.6,,106.7,96.5,77.7,100.1,93.8,103.5,94,102.8,101.6,-3.5,-2.4,-8.7,-1.7,-0.3,-0.5,-8.1,1.3,0.9,,,,,,,,,,101.4
"2013",1532652,1372121,102.8,1.5,,1.7,,,1.6,103.2,2.1,106.9,0.6,102.2,,,,104.1,1.9,,102.4,96.1,75.8,99.3,94.1,108.6,95.6,104.7,105.2,-4.1,-0.4,-2.5,-0.8,0.3,4.9,1.7,1.9,3.5,,,,,,,,,,103.2
"1955 Q1",88041,77845,,,,,,,,,,,,,,,,,,,,,,,,,,,,,,,,,,,,,,,,,,,,,,23.7
"1955 Q2",88222,77785,,,,,0.2,,,,,,,,,,,,,,,,,,,,,,,,,,,,,,,,,,,,,,,,,23.8
"1955 Q3",90045,79098,,,,,2.1,,,,,,,,,,,,,,,,,,,,,,,,,,,,,,,,,,,,,,,,,24.2
"1955 Q4",89550,78851,,,,,-0.5,,,,,,,,,,,,,,,,,,,,,,,,,,,,,,,,,,,,,,,,,24.1
"1956 Q1",90179,79464,,,,,0.7,2.4,,,,,,,,,,,,,,,,,,,,,,,,,,,,,,,,,,,,,,,,24.3
"1956 Q2",90000,79581,,,,,-0.2,2,,,,,,,,,,,,,,,,,,,,,,,,,,,,,,,,,,,,,,,,24.2
"1956 Q3",89894,79540,,,,,-0.1,-0.2,,,,,,,,,,,,,,,,,,,,,,,,,,,,,,,,,,,,,,,,24.2
"1956 Q4",90344,79686,,,,,0.5,0.9,,,,,,,,,,,,,,,,,,,,,,,,,,,,,,,,,,,,,,,,24.3
"1957 Q1",92153,81501,,,,,2,2.2,,,,,,,,,,,,,,,,,,,,,,,,,,,,,,,,,,,,,,,,24.8
"1957 Q2",92179,81662,,,,,0,2.4,,,,,,,,,,,,,,,,,,,,,,,,,,,,,,,,,,,,,,,,24.8
"1957 Q3",91610,81034,,,,,-0.6,1.9,,,,,,,,,,,,,,,,,,,,,,,,,,,,,,,,,,,,,,,,24.7
"1957 Q4",91703,81182,,,,,0.1,1.5,,,,,,,,,,,,,,,,,,,,,,,,,,,,,,,,,,,,,,,,24.7
"1958 Q1",93267,82539,,,,,1.7,1.2,,,,,,,,,,,,,,,,,,,,,,,,,,,,,,,,,,,,,,,,25.1
"1958 Q2",90930,80082,,,,,-2.5,-1.4,,,,,,,,,,,,,,,,,,,,,,,,,,,,,,,,,,,,,,,,24.5
"1958 Q3",92912,82024,,,,,2.2,1.4,,,,,,,,,,,,,,,,,,,,,,,,,,,,,,,,,,,,,,,,25
"1958 Q4",93063,82005,,,,,0.2,1.5,,,,,,,,,,,,,,,,,,,,,,,,,,,,,,,,,,,,,,,,25.1
"1959 Q1",94311,83196,,,,,1.3,1.1,,,,,,,,,,,,,,,,,,,,,,,,,,,,,,,,,,,,,,,,25.4
"1959 Q2",95733,84085,,,,,1.5,5.3,,,,,,,,,,,,,,,,,,,,,,,,,,,,,,,,,,,,,,,,25.8
"1959 Q3",97600,86023,,,,,2,5,,,,,,,,,,,,,,,,,,,,,,,,,,,,,,,,,,,,,,,,26.3
"1959 Q4",99882,87801,,,,,2.3,7.3,,,,,,,,,,,,,,,,,,,,,,,,,,,,,,,,,,,,,,,,26.9
"1960 Q1",102337,90150,,,,,2.5,8.5,,,,,,,,,,,,,,,,,,,,,,,,,,,,,,,,,,,,,,,,27.6
"1960 Q2",101333,89395,,,,,-1,5.8,,,,,,,,,,,,,,,,,,,,,,,,,,,,,,,,,,,,,,,,27.3
"1960 Q3",102840,90886,,,,,1.5,5.4,,,,,,,,,,,,,,,,,,,,,,,,,,,,,,,,,,,,,,,,27.7
"1960 Q4",103463,91534,,,,,0.6,3.6,,,,,,,,,,,,,,,,,,,,,,,,,,,,,,,,,,,,,,,,27.9
"1961 Q1",105217,92965,,,,,1.7,2.8,,,,,,,,,,,,,,,,,,,,,,,,,,,,,,,,,,,,,,,,28.3
"1961 Q2",105706,93407,,,,,0.5,4.3,,,,,,,,,,,,,,,,,,,,,,,,,,,,,,,,,,,,,,,,28.5
"1961 Q3",105235,93137,,,,,-0.4,2.3,,,,,,,,,,,,,,,,,,,,,,,,,,,,,,,,,,,,,,,,28.3
"1961 Q4",105152,93001,,,,,-0.1,1.6,,,,,,,,,,,,,,,,,,,,,,,,,,,,,,,,,,,,,,,,28.3
"1962 Q1",105778,93824,,,,,0.6,0.5,,,,,,,,,,,,,,,,,,,,,,,,,,,,,,,,,,,,,,,,28.5
"1962 Q2",106867,94668,,,,,1,1.1,,,,,,,,,,,,,,,,,,,,,,,,,,,,,,,,,,,,,,,,28.8
"1962 Q3",107602,95269,,,,,0.7,2.2,,,,,,,,,,,,,,,,,,,,,,,,,,,,,,,,,,,,,,,,29
"1962 Q4",107228,95033,,,,,-0.3,2,,,,,,,,,,,,,,,,,,,,,,,,,,,,,,,,,,,,,,,,28.9
"1963 Q1",107463,95812,,,,,0.2,1.6,,,,,,,,,,,,,,,,,,,,,,,,,,,,,,,,,,,,,,,,28.9
"1963 Q2",112081,99599,,,,,4.3,4.9,,,,,,,,,,,,,,,,,,,,,,,,,,,,,,,,,,,,,,,,30.2
"1963 Q3",112666,99935,,,,,0.5,4.7,,,,,,,,,,,,,,,,,,,,,,,,,,,,,,,,,,,,,,,,30.3
"1963 Q4",115286,102493,,,,,2.3,7.5,,,,,,,,,,,,,,,,,,,,,,,,,,,,,,,,,,,,,,,,31
"1964 Q1",116441,104158,,,,,1,8.4,,,,,,,,,,,,,,,,,,,,,,,,,,,,,,,,,,,,,,,,31.4
"1964 Q2",118248,105161,,,,,1.6,5.5,,,,,,,,,,,,,,,,,,,,,,,,,,,,,,,,,,,,,,,,31.8
"1964 Q3",118606,105431,,,,,0.3,5.3,,,,,,,,,,,,,,,,,,,,,,,,,,,,,,,,,,,,,,,,31.9
"1964 Q4",120501,106881,,,,,1.6,4.5,,,,,,,,,,,,,,,,,,,,,,,,,,,,,,,,,,,,,,,,32.4
"1965 Q1",120352,107297,,,,,-0.1,3.4,,,,,,,,,,,,,,,,,,,,,,,,,,,,,,,,,,,,,,,,32.4
"1965 Q2",120743,108112,,,,,0.3,2.1,,,,,,,,,,,,,,,,,,,,,,,,,,,,,,,,,,,,,,,,32.5
"1965 Q3",122002,109004,,,,,1,2.9,,,,,,,,,,,,,,,,,,,,,,,,,,,,,,,,,,,,,,,,32.8
"1965 Q4",122978,109842,,,,,0.8,2.1,,,,,,,,,,,,,,,,,,,,,,,,,,,,,,,,,,,,,,,,33.1
"1966 Q1",123411,110093,,,,,0.4,2.5,,,,,,,,,,,,,,,,,,,,,,,,,,,,,,,,,,,,,,,,33.2
"1966 Q2",124293,110737,,,,,0.7,2.9,,,,,,,,,,,,,,,,,,,,,,,,,,,,,,,,,,,,,,,,33.5
"1966 Q3",124877,111546,,,,,0.5,2.4,,,,,,,,,,,,,,,,,,,,,,,,,,,,,,,,,,,,,,,,33.6
"1966 Q4",124451,111148,,,,,-0.3,1.2,,,,,,,,,,,,,,,,,,,,,,,,,,,,,,,,,,,,,,,,33.5
"1967 Q1",126249,112176,,,,,1.4,2.3,,,,,,,,,,,,,,,,,,,,,,,,,,,,,,,,,,,,,,,,34
"1967 Q2",127907,113407,,,,,1.3,2.9,,,,,,,,,,,,,,,,,,,,,,,,,,,,,,,,,,,,,,,,34.4
"1967 Q3",128267,113896,,,,,0.3,2.7,,,,,,,,,,,,,,,,,,,,,,,,,,,,,,,,,,,,,,,,34.5
"1967 Q4",128604,114302,,,,,0.3,3.3,,,,,,,,,,,,,,,,,,,,,,,,,,,,,,,,,,,,,,,,34.6
"1968 Q1",132799,117765,,,,,3.3,5.2,,,,,,,,,,,,,,,,,,,,,,,,,,,,,,,,,,,,,,,,35.8
"1968 Q2",131945,117691,,,,,-0.6,3.2,,,,,,,,,,,,,,,,,,,,,,,,,,,,,,,,,,,,,,,,35.5
"1968 Q3",134512,119692,,,,,1.9,4.9,,,,,,,,,,,,,,,,,,,,,,,,,,,,,,,,,,,,,,,,36.2
"1968 Q4",135119,119857,,,,,0.5,5.1,,,,,,,,,,,,,,,,,,,,,,,,,,,,,,,,,,,,,,,,36.4
"1969 Q1",135266,120460,,,,,0.1,1.9,,,,,,,,,,,,,,,,,,,,,,,,,,,,,,,,,,,,,,,,36.4
"1969 Q2",136446,121370,,,,,0.9,3.4,,,,,,,,,,,,,,,,,,,,,,,,,,,,,,,,,,,,,,,,36.7
"1969 Q3",137348,122140,,,,,0.7,2.1,,,,,,,,,,,,,,,,,,,,,,,,,,,,,,,,,,,,,,,,37
"1969 Q4",138133,123028,,,,,0.6,2.2,,,,,,,,,,,,,,,,,,,,,,,,,,,,,,,,,,,,,,,,37.2
"1970 Q1",137032,121901,,,,,-0.8,1.3,,,,,,,,,,,,,,,,,,,,,,,,,,,,,,,,,,,,,,,,36.9
"1970 Q2",140212,124621,,,,,2.3,2.8,,,,,,,,,,,,,,,,,,,,,,,,,,,,,,,,,,,,,,,,37.8
"1970 Q3",141460,125221,,,,,0.9,3,,,,,,,,,,,,,,,,,,,,,,,,,,,,,,,,,,,,,,,,38.1
"1970 Q4",142470,127163,,,,,0.7,3.1,,,,,,,,,,,,,,,,,,,,,,,,,,,,,,,,,,,,,,,,38.4
"1971 Q1",141149,125866,,,,,-0.9,3,,,,,,,,,,,,,,,,,,,,,,,,,,,,,,,,,,,,,,,,38
"1971 Q2",142919,127184,,,,,1.3,1.9,,,,,,,,,,,,,,,,,,,,,,,,,,,,,,,,,,,,,,,,38.5
"1971 Q3",145023,129061,,,,,1.5,2.5,,,,,,,,,,,,,,,,,,,,,,,,,,,,,,,,,,,,,,,,39
"1971 Q4",145187,129510,,,,,0.1,1.9,,,,,,,,,,,,,,,,,,,,,,,,,,,,,,,,,,,,,,,,39.1
"1972 Q1",145418,129460,,,,,0.2,3,,,,,,,,,,,,,,,,,,,,,,,,,,,,,,,,,,,,,,,,39.2
"1972 Q2",149155,132601,,,,,2.6,4.4,,,,,,,,,,,,,,,,,,,,,,,,,,,,,,,,,,,,,,,,40.2
"1972 Q3",149614,133492,,,,,0.3,3.2,,,,,,,,,,,,,,,,,,,,,,,,,,,,,,,,,,,,,,,,40.3
"1972 Q4",152265,136049,,,,,1.8,4.9,,,,,,,,,,,,,,,,,,,,,,,,,,,,,,,,,,,,,,,,41
"1973 Q1",160301,143195,,,,,5.3,10.2,,,,,,,,,,,,,,,,,,,,,,,,,,,,,,,,,,,,,,,,43.2
"1973 Q2",161042,144267,,,,,0.5,8,,,,,,,,,,,,,,,,,,,,,,,,,,,,,,,,,,,,,,,,43.4
"1973 Q3",159864,142972,,,,,-0.7,6.9,,,,,,,,,,,,,,,,,,,,,,,,,,,,,,,,,,,,,,,,43
"1973 Q4",159660,142808,,,,,-0.1,4.9,,,,,,,,,,,,,,,,,,,,,,,,,,,,,,,,,,,,,,,,43
"1974 Q1",155808,139578,,,,,-2.4,-2.8,,,,,,,,,,,,,,,,,,,,,,,,,,,,,,,,,,,,,,,,42
"1974 Q2",158820,142350,,,,,1.9,-1.4,,,,,,,,,,,,,,,,,,,,,,,,,,,,,,,,,,,,,,,,42.8
"1974 Q3",160472,144356,,,,,1,0.4,,,,,,,,,,,,,,,,,,,,,,,,,,,,,,,,,,,,,,,,43.2
"1974 Q4",158581,142453,,,,,-1.2,-0.7,,,,,,,,,,,,,,,,,,,,,,,,,,,,,,,,,,,,,,,,42.7
"1975 Q1",159100,142923,,,,,0.3,2.1,,,,,,,,,,,,,,,,,,,,,,,,,,,,,,,,,,,,,,,,42.8
"1975 Q2",156577,140836,,,,,-1.6,-1.4,,,,,,,,,,,,,,,,,,,,,,,,,,,,,,,,,,,,,,,,42.2
"1975 Q3",156305,140277,,,,,-0.2,-2.6,,,,,,,,,,,,,,,,,,,,,,,,,,,,,,,,,,,,,,,,42.1
"1975 Q4",158468,142448,,,,,1.4,-0.1,,,,,,,,,,,,,,,,,,,,,,,,,,,,,,,,,,,,,,,,42.7
"1976 Q1",161161,144665,,,,,1.7,1.3,,,,,,,,,,,,,,,,,,,,,,,,,,,,,,,,,,,,,,,,43.4
"1976 Q2",159752,143263,,,,,-0.9,2,,,,,,,,,,,,,,,,,,,,,,,,,,,,,,,,,,,,,,,,43
"1976 Q3",161201,144425,,,,,0.9,3.1,,,,,,,,,,,,,,,,,,,,,,,,,,,,,,,,,,,,,,,,43.4
"1976 Q4",164524,147127,,,,,2.1,3.8,,,,,,,,,,,,,,,,,,,,,,,,,,,,,,,,,,,,,,,,44.3
"1977 Q1",164902,148362,,,,,0.2,2.3,,,,,,,,,,,,,,,,,,,,,,,,,,,,,,,,,,,,,,,,44.4
"1977 Q2",164155,146838,,,,,-0.5,2.8,,,,,,,,,,,,,,,,,,,,,,,,,,,,,,,,,,,,,,,,44.2
"1977 Q3",165448,147781,,,,,0.8,2.6,,,,,,,,,,,,,,,,,,,,,,,,,,,,,,,,,,,,,,,,44.5
"1977 Q4",167752,149652,,,,,1.4,2,,,,,,,,,,,,,,,,,,,,,,,,,,,,,,,,,,,,,,,,45.2
"1978 Q1",168530,150390,,,,,0.5,2.2,,,,,,,,,,,,,,,,,,,,,,,,,,,,,,,,,,,,,,,,45.4
"1978 Q2",170138,151303,,,,,1,3.6,,,,,,,,,,,,,,,,,,,,,,,,,,,,,,,,,,,,,,,,45.8
"1978 Q3",171996,152927,,,,,1.1,4,,,,,,,,,,,,,,,,,,,,,,,,,,,,,,,,,,,,,,,,46.3
"1978 Q4",173318,154048,,,,,0.8,3.3,,,,,,,,,,,,,,,,,,,,,,,,,,,,,,,,,,,,,,,,46.7
"1979 Q1",171925,152261,,,,,-0.8,2,,,,,,,,,,,,,,,,,,,,,,,,,,,,,,,,,,,,,,,,46.3
"1979 Q2",179331,158383,,,,,4.3,5.4,,,,,,,,,,,,,,,,,,,,,,,,,,,,,,,,,,,,,,,,48.3
"1979 Q3",175150,155562,,,,,-2.3,1.8,,,,,,,,,,,,,,,,,,,,,,,,,,,,,,,,,,,,,,,,47.2
"1979 Q4",177006,156669,,,,,1.1,2.1,,,,,,,,,,,,,,,,,,,,,,,,,,,,,,,,,,,,,,,,47.7
"1980 Q1",175338,154647,,,,,-0.9,2,,,,,,,,,,,,,,,,,,,,,,,,,,,,,,,,,,,,,,,,47.2
"1980 Q2",172214,152938,,,,,-1.8,-4,,,,,,,,,,,,,,,,,,,,,,,,,,,,,,,,,,,,,,,,46.4
"1980 Q3",171857,152605,,,,,-0.2,-1.9,,,,,,,,,,,,,,,,,,,,,,,,,,,,,,,,,,,,,,,,46.3
"1980 Q4",169911,150371,,,,,-1.1,-4,,,,,,,,,,,,,,,,,,,,,,,,,,,,,,,,,,,,,,,,45.7
"1981 Q1",168805,149343,,,,,-0.7,-3.7,,,,,,,,,,,,,,,,,,,,,,,,,,,,,,,,,,,,,,,,45.5
"1981 Q2",169097,150137,,,,,0.2,-1.8,,,,,,,,,,,,,,,,,,,,,,,,,,,,,,,,,,,,,,,,45.5
"1981 Q3",171362,152234,,,,,1.3,-0.3,,,,,,,,,,,,,,,,,,,,,,,,,,,,,,,,,,,,,,,,46.1
"1981 Q4",171388,152642,,,,,0,0.9,,,,,,,,,,,,,,,,,,,,,,,,,,,,,,,,,,,,,,,,46.1
"1982 Q1",172075,152966,,,,,0.4,1.9,,,,,,,,,,,,,,,,,,,,,,,,,,,,,,,,,,,,,,,,46.3
"1982 Q2",174284,155269,,,,,1.3,3.1,,,,,,,,,,,,,,,,,,,,,,,,,,,,,,,,,,,,,,,,46.9
"1982 Q3",174314,155646,,,,,0,1.7,,,,,,,,,,,,,,,,,,,,,,,,,,,,,,,,,,,,,,,,46.9
"1982 Q4",175264,156179,,,,,0.5,2.3,,,,,,,,,,,,,,,,,,,,,,,,,,,,,,,,,,,,,,,,47.2
"1983 Q1",177911,158845,,,,,1.5,3.4,,,,,,,,,,,,,,,,,,,,,,,,,,,,,,,,,,,,,,,,47.9
"1983 Q2",179346,159520,,,,,0.8,2.9,,,,,,,,,,,,,,,,,,,,,,,,,,,,,,,,,,,,,,,,48.3
"1983 Q3",181548,161528,,,,,1.2,4.1,,,,,,,,,,,,,,,,,,,,,,,,,,,,,,,,,,,,,,,,48.9
"1983 Q4",183812,163473,,,,,1.2,4.9,,,,,,,,,,,,,,,,,,,,,,,,,,,,,,,,,,,,,,,,49.5
"1984 Q1",185700,165333,,,,,1,4.4,,,,,,,,,,,,,,,,,,,,,,,,,,,,,,,,,,,,,,,,50
"1984 Q2",184520,164033,,,,,-0.6,2.9,,,,,,,,,,,,,,,,,,,,,,,,,,,,,,,,,,,,,,,,49.7
"1984 Q3",185463,164513,,,,,0.5,2.2,,,,,,,,,,,,,,,,,,,,,,,,,,,,,,,,,,,,,,,,49.9
"1984 Q4",188202,166546,,,,,1.5,2.4,,,,,,,,,,,,,,,,,,,,,,,,,,,,,,,,,,,,,,,,50.7
"1985 Q1",190542,169498,,,,,1.2,2.6,,,,,,,,,,,,,,,,,,,,,,,,,,,,,,,,,,,,,,,,51.3
"1985 Q2",193572,172391,,,,,1.6,4.9,,,,,,,,,,,,,,,,,,,,,,,,,,,,,,,,,,,,,,,,52.1
"1985 Q3",193604,172157,,,,,0,4.4,,,,,,,,,,,,,,,,,,,,,,,,,,,,,,,,,,,,,,,,52.1
"1985 Q4",194943,173325,,,,,0.7,3.6,,,,,,,,,,,,,,,,,,,,,,,,,,,,,,,,,,,,,,,,52.5
"1986 Q1",197824,175044,,,,,1.5,3.8,,,,,,,,,,,,,,,,,,,,,,,,,,,,,,,,,,,,,,,,53.3
"1986 Q2",200457,177975,,,,,1.3,3.6,,,,,,,,,,,,,,,,,,,,,,,,,,,,,,,,,,,,,,,,54
"1986 Q3",201940,179915,,,,,0.7,4.3,,,,,,,,,,,,,,,,,,,,,,,,,,,,,,,,,,,,,,,,54.4
"1986 Q4",205689,182628,,,,,1.9,5.5,,,,,,,,,,,,,,,,,,,,,,,,,,,,,,,,,,,,,,,,55.4
"1987 Q1",206875,183288,,,,,0.6,4.6,,,,,,,,,,,,,,,,,,,,,,,,,,,,,,,,,,,,,,,,55.7
"1987 Q2",209421,186284,,,,,1.2,4.5,,,,,,,,,,,,,,,,,,,,,,,,,,,,,,,,,,,,,,,,56.4
"1987 Q3",214386,189966,,,,,2.4,6.2,,,,,,,,,,,,,,,,,,,,,,,,,,,,,,,,,,,,,,,,57.7
"1987 Q4",216772,192076,,,,,1.1,5.4,,,,,,,,,,,,,,,,,,,,,,,,,,,,,,,,,,,,,,,,58.4
"1988 Q1",220563,195205,,,,,1.7,6.6,,,,,,,,,,,,,,,,,,,,,,,,,,,,,,,,,,,,,,,,59.4
"1988 Q2",221915,196406,,,,,0.6,6,,,,,,,,,,,,,,,,,,,,,,,,,,,,,,,,,,,,,,,,59.8
"1988 Q3",225222,199501,,,,,1.5,5.1,,,,,,,,,,,,,,,,,,,,,,,,,,,,,,,,,,,,,,,,60.6
"1988 Q4",226956,201329,,,,,0.8,4.7,,,,,,,,,,,,,,,,,,,,,,,,,,,,,,,,,,,,,,,,61.1
"1989 Q1",227867,202084,,,,,0.4,3.3,,,,,,,,,,,,,,,,,,,,,,,,,,,,,,,,,,,,,,,,61.4
"1989 Q2",229428,203072,,,,,0.7,3.4,,,,,,,,,,,,,,,,,,,,,,,,,,,,,,,,,,,,,,,,61.8
"1989 Q3",229931,203661,,,,,0.2,2.1,,,,,,,,,,,,,,,,,,,,,,,,,,,,,,,,,,,,,,,,61.9
"1989 Q4",230645,204927,,,,,0.3,1.6,,,,,,,,,,,,,,,,,,,,,,,,,,,,,,,,,,,,,,,,62.1
"1990 Q1",233919,207995,62.7,,,,1.4,2.7,,42.3,,46.5,,63.3,,,,,,,96.8,100.3,127.9,101.5,65.7,74,94.4,53,64.5,,,,,,,,,,,,,,,,,,,63
"1990 Q2",235635,209276,63,,,,0.7,2.7,,42.3,,46.9,,63.6,,,,,,,98.2,101.8,132,102.1,70,76.1,93.8,53.3,64.9,,,,,,,,,,,,,,,,,,,63.4
"1990 Q3",233141,207624,62.5,,,,-1.1,1.4,,41.9,,46.9,,63.7,,,,,,,99.4,100.1,121.6,100.9,71.7,76.2,92.1,53.2,64,,,,,,,,,,,,,,,,,,,62.8
"1990 Q4",231894,206946,62.3,,,,-0.5,0.5,,41.7,,47,,64.4,,,,,,,99.7,99.2,122.8,99.4,72.6,75.8,91.2,53.1,62.8,,,,,,,,,,,,,,,,,,,62.4
"1991 Q1",231383,206358,62.2,,,,-0.2,-1.1,,40.6,,46.9,,65,,,,,,,102.4,98,127.4,97.6,72.3,74.1,86.8,52.9,62.2,,,,,,,,,,,,,,,,,,,62.3
"1991 Q2",230609,205984,62,,,,-0.3,-2.1,,40.9,,46.6,,65.8,,,,,,,103.5,96.8,123.3,96,75.5,74.2,86.6,53,61.7,,,,,,,,,,,,,,,,,,,62.1
"1991 Q3",229923,205960,62,,,,-0.3,-1.4,,41,,46.5,,66.5,,,,,,,102.6,96,132.6,95.1,69.8,72.8,85.8,53.2,62.1,,,,,,,,,,,,,,,,,,,61.9
"1991 Q4",230595,206511,62.2,,,,0.3,-0.6,,41.2,,46.2,,67,,,,,,,102.7,97,134.3,95.6,73.3,73.7,84.8,53.3,62.2,,,,,,,,,,,,,,,,,,,62.1
"1992 Q1",231898,207501,62.5,,,,0.6,0.2,,41.7,,46.1,,68,,,,,,,108,97,132.6,95.8,72.6,74,83.5,53.7,62.6,,,,,,,,,,,,,,,,,,,62.4
"1992 Q2",232154,208228,62.7,,,,0.1,0.7,,41.9,,46.3,,68.2,,,,,,,107.6,96.5,126.8,95.8,71.9,73.4,83.4,54.1,63.9,,,,,,,,,,,,,,,,,,,62.5
"1992 Q3",234152,210138,63.3,,,,0.9,1.8,,42.3,,46.7,,68.4,,,,,,,107.4,97.6,131.4,96.2,75.6,74.7,83.2,54.6,65.4,,,,,,,,,,,,,,,,,,,63
"1992 Q4",236250,211983,63.9,,,,0.9,2.5,,43.2,,47.1,,69,,,,,,,105,98.1,137.2,96,76.7,75.8,82.1,55.3,66.8,,,,,,,,,,,,,,,,,,,63.6
"1993 Q1",238726,214098,64.5,,,,1,2.9,,43.4,,47.7,,69.9,,,,,,,100.6,98.3,132.6,97.4,72.9,75.7,82.7,56.1,68.5,,,,,,,,,,,,,,,,,,,64.3
"1993 Q2",240363,215848,65,,,,0.7,3.5,,43.9,,48.3,,70.4,,,,,,,97.8,98.6,132.6,97.2,75.7,76.8,81.8,56.8,69.9,,,,,,,,,,,,,,,,,,,64.7
"1993 Q3",242825,218281,65.8,,,,1,3.7,,44.6,,49,,70.8,,,,,,,98.7,99.7,142.3,97.1,78.6,78.7,81.8,57.5,70.9,,,,,,,,,,,,,,,,,,,65.4
"1993 Q4",245157,220303,66.4,,,,1,3.8,,45.1,,49.7,,71.2,,,,,,,98.3,101,149.3,97.6,81.4,80,82,58,71.1,,,,,,,,,,,,,,,,,,,66
"1994 Q1",248574,223064,67.2,,,,1.4,4.1,,45.7,,50.1,,72,,,,,,,95.8,102.5,159.1,99.6,75.4,79.9,81.4,58.8,73.5,,,,,,,,,,,,,,,,,,,66.9
"1994 Q2",252248,226281,68.2,,,,1.5,4.9,,47.1,,50.8,,72.4,,,,,,,96.5,104.6,164.8,101.5,77.2,81.3,82,59.6,74,,,,,,,,,,,,,,,,,,,67.9
"1994 Q3",255968,229215,69,,,,1.5,5.4,,47.9,,52.1,,72.8,,,,,,,99.1,105.4,163.1,102.8,76.6,81.4,82.3,60.5,75.1,,,,,,,,,,,,,,,,,,,68.9
"1994 Q4",258184,231565,69.8,,,,0.9,5.3,,48.8,,52.6,,73.3,,,,,,,100.9,106.7,163.7,104.3,76.6,82.1,82.5,61.1,75.5,,,,,,,,,,,,,,,,,,,69.5
"1995 Q1",259318,232409,70,,,,0.4,4.3,,49.2,,53.5,,73.7,,,,,,,95.7,105.6,169.4,102.6,76.2,81.8,81.8,61.8,76.3,,,,,,,,,,,,,,,,,,,69.8
"1995 Q2",261086,233690,70.4,,,,0.7,3.5,,50.1,,53.3,,74.3,,,,,,,95,106.5,165.4,103.6,78.4,83.5,82.8,62,76.2,,,,,,,,,,,,,,,,,,,70.3
"1995 Q3",264444,236396,71.2,,,,1.3,3.3,,51.3,,54.1,,74.8,,,,,,,96.9,106.9,165.4,104,78.6,83.9,83.3,62.9,77.8,,,,,,,,,,,,,,,,,,,71.2
"1995 Q4",265989,237454,71.5,,,,0.6,3,,51.5,,54.8,,74.7,,,,,,,98.2,107.4,167.7,104.3,79.8,83.9,84.2,63.2,77.4,,,,,,,,,,,,,,,,,,,71.6
"1996 Q1",269017,240214,72.4,,,,1.1,3.7,,52.3,,56,,75.3,,,,,,,95.9,108.1,170,104.6,81.9,84.9,84.6,64.1,78.5,,,,,,,,,,,,,,,,,,,72.4
"1996 Q2",270395,241896,72.9,,,,0.5,3.6,,53,,57,,75.7,,,,,,,90.5,107.4,167.1,104,82.4,85,85.4,65,79.8,,,,,,,,,,,,,,,,,,,72.8
"1996 Q3",272642,243889,73.5,,,,0.8,3.1,,53.6,,57.8,,75.9,,,,,,,93.9,107.9,166.6,104.6,81.8,85.3,86.8,65.5,80,,,,,,,,,,,,,,,,,,,73.4
"1996 Q4",275471,246277,74.2,,,,1,3.6,,54.8,,58.6,,76.4,,,,,,,96,109,167.1,105.9,82.4,85.2,86.9,66.2,80,,,,,,,,,,,,,,,,,,,74.2
"1997 Q1",279315,249950,75.3,,,,1.4,3.8,,57,,60.7,,76.9,,,,73,1.6,,95.3,109.5,168.3,106.8,79.9,85.7,86.6,67.6,80.2,,,,,,,,,,,,,,,,,,,75.2
"1997 Q2",282613,252422,76,1,,,1.2,4.5,1.9,58.1,1,61.3,0.2,77,,,,74,1.3,,99.2,109.1,161.1,106.4,82.9,85.4,89,68.4,82.4,4.1,-0.4,-4.3,-0.3,3.8,-0.4,2.7,1.3,2.8,,,,,,,,,,76.1
"1997 Q3",284906,254626,76.7,0.9,,,0.8,4.5,-0.3,57.9,2.4,62.7,0.1,77.1,,,,74.5,0.8,,97.6,109.8,163.4,106.8,83.5,88.1,88.3,69.2,83.9,-1.6,0.6,1.5,0.4,0.8,3.2,-0.8,1.2,1.8,,,,,,,,,,76.7
"1997 Q4",288003,257450,77.6,1.1,,,1.1,4.5,5.5,61.1,0.6,63.1,0.6,77.6,,,,75.4,1.1,,98,110.1,163.4,107.4,83.2,87,89.5,70.1,84.5,0.4,0.3,0,0.5,-0.4,-1.2,1.5,1.4,0.7,,,,,,,,,,77.5
"1998 Q1",290348,259817,78.3,0.9,4,,0.8,4,-0.4,60.8,2.6,64.7,0.8,78.2,1.7,6.7,6.8,76.1,0.9,4.2,99.1,111.3,165.8,108.2,82.9,93.8,90.7,70.7,83.5,1.1,1,1.5,0.8,-0.4,7.8,1.3,0.8,-1.2,4,1.6,-1.5,1.3,3.8,9.4,4.7,4.7,4.2,78.2
"1998 Q2",292562,262500,79.1,1,4,,0.8,3.5,3.1,62.7,2.5,66.3,0.3,78.4,1.8,8.2,8,76.8,1,3.9,99.1,111.3,169,107.8,84.5,93.1,89,71.9,84.1,0,0,1.9,-0.4,1.9,-0.8,-1.9,1.6,0.7,-0.1,2,4.9,1.3,1.9,9,0,5.1,2.1,78.8
"1998 Q3",294735,263908,79.5,0.5,3.6,,0.7,3.4,1.6,63.7,0.3,66.5,0.8,79,2.5,6,10.1,77.3,0.6,3.7,98.9,110.6,167.5,107.1,86.1,91,89.3,72.6,85.6,-0.1,-0.6,-0.9,-0.7,2,-2.2,0.4,0.9,1.7,1.4,0.8,2.5,0.2,3.1,3.3,1.2,4.9,2,79.4
"1998 Q4",297672,266858,80.4,1.1,3.7,,1,3.4,4,66.3,1,67.2,0.7,79.6,2.6,6.5,8.5,78.1,1,3.6,99.1,110.4,171.8,106.3,87,92.2,89.4,73.8,87.3,0.2,-0.2,2.6,-0.7,1,1.3,0.2,1.6,2,1.2,0.3,5.2,-1,4.5,5.9,-0.1,5.1,3.3,80.1
"1999 Q1",298606,267667,80.6,0.3,3,,0.3,2.8,1.2,67.1,0.4,67.4,0.2,79.7,2,4.2,10.3,78.2,0.2,2.8,103.1,110.7,175.9,106.4,87.2,90.6,89.5,74,86.8,4,0.2,2.4,0.1,0.3,-1.7,0.1,0.3,-0.5,4,-0.6,6.1,-1.6,5.2,-3.4,-1.3,4.5,4,80.4
"1999 Q2",298657,268399,80.8,0.3,2.2,,0,2.1,1.9,68.4,0.3,67.6,0.2,79.9,1.9,2,9,78.5,0.3,2.1,102.8,110.9,173.4,106.7,88.2,92.4,90.1,74.1,85.7,-0.2,0.3,-1.4,0.3,1.2,2,0.7,0.2,-1.3,3.8,-0.3,2.6,-1,4.5,-0.7,1.3,3.1,1.9,80.4
"1999 Q3",304272,272910,82.2,1.7,3.4,,1.9,3.2,6,72.4,1.3,68.6,0.7,80.4,1.8,3.1,13.7,79.8,1.6,3.2,102.8,113.3,177.6,109.1,89.7,93.9,92.1,75.2,85,0,2.2,2.4,2.2,1.6,1.6,2.3,1.5,-0.8,4,2.5,6,1.9,4.1,3.2,3.2,3.7,-0.7,81.9
"1999 Q4",308317,276263,83.2,1.2,3.5,,1.3,3.6,1.6,73.6,3.3,70.8,0.4,80.7,1.5,5.4,11,80.8,1.3,3.5,102.5,113.8,177.3,109.4,90.8,95.9,91.3,76.5,85.6,-0.3,0.5,-0.2,0.3,1.2,2.2,-0.9,1.7,0.7,3.4,3.1,3.2,2.9,4.4,4.1,2.1,3.7,-2,83
"2000 Q1",312542,279883,84.3,1.3,4.5,,1.4,4.7,4.4,76.8,0.6,71.2,2.2,82.5,3.5,5.7,14.5,81.9,1.3,4.6,102,114.1,178.5,109.9,90.2,93.4,92.6,77.7,85.8,-0.5,0.2,0.7,0.4,-0.6,-2.6,1.4,1.6,0.2,-1.1,3.1,1.5,3.3,3.4,3.1,3.4,5.1,-1.2,84.2
"2000 Q2",315650,284024,85.5,1.5,5.8,,1,5.7,5.2,80.9,2.5,73,0.9,83.3,4.2,8,18.3,83.3,1.8,6.2,101.4,114.4,172.9,110.2,94.2,93.6,91.9,79.3,85.8,-0.6,0.2,-3.1,0.2,4.4,0.2,-0.7,2,0,-1.4,3.1,-0.3,3.2,6.7,1.3,2,7,0.1,85
"2000 Q3",316749,284758,85.7,0.3,4.3,,0.3,4.1,1.9,82.4,1.1,73.8,0.1,83.4,3.6,7.7,13.8,83.7,0.4,4.9,101.9,114,168.3,109.9,94,95.9,90.3,79.8,85.1,0.5,-0.3,-2.7,-0.2,-0.2,2.5,-1.7,0.6,-0.7,-0.9,0.5,-5.2,0.8,4.8,2.2,-2,6,0.2,85.3
"2000 Q4",317688,285286,85.9,0.2,3.2,,0.3,3,0.3,82.7,0.5,74.2,-0.2,83.2,3,4.8,12.3,84,0.4,3.9,99.5,114.3,162.1,111,93.5,95.8,91.2,79.9,84.9,-2.4,0.3,-3.7,1,-0.6,-0.2,1,0.1,-0.3,-2.9,0.4,-8.6,1.4,3,-0.2,0,4.4,-0.8,85.5
"2001 Q1",320100,287616,86.7,0.9,2.8,,0.8,2.4,1.1,83.6,2.2,75.9,0.4,83.5,1.2,6.5,8.8,84.7,0.9,3.5,92.8,113.7,159.5,110.2,97.8,95.2,90.9,81.1,86.8,-6.8,-0.5,-1.6,-0.7,4.6,-0.6,-0.4,1.5,2.2,-9.1,-0.4,-10.7,0.3,8.4,1.9,-1.8,4.3,1.2,86.2
"2001 Q2",322235,288325,86.9,0.2,1.6,,0.7,2.1,0.9,84.3,0.3,76.1,0.5,83.9,0.8,4.2,4.3,84.9,0.2,1.9,91.4,112.4,162.2,108.4,97,96.4,93.5,81.4,87,-1.4,-1.1,1.7,-1.7,-0.9,1.3,2.8,0.5,0.2,-9.8,-1.7,-6.2,-1.6,2.9,2.9,1.6,2.7,1.5,86.8
"2001 Q3",323720,289314,87.2,0.3,1.7,,0.5,2.2,-0.9,83.6,0.4,76.4,0.1,84,0.8,3.5,1.4,85.3,0.4,1.9,93.7,112.4,164.1,108.4,95.9,95,93.7,81.8,88.8,2.5,-0.1,1.1,0,-1.1,-1.4,0.2,0.4,2.1,-8.1,-1.4,-2.5,-1.4,2,-0.9,3.7,2.5,4.4,87.2
"2001 Q4",324161,289361,87.2,0,1.5,,0.1,2,0.1,83.7,-1.1,75.5,0.7,84.6,1.7,1.7,1.3,85.3,0,1.5,94.7,110.9,163.4,106.6,94.2,96.7,94.7,82,90.8,1.1,-1.3,-0.4,-1.6,-1.7,1.7,1.1,0.3,2.2,-4.8,-2.9,0.8,-3.9,0.8,1,3.8,2.7,6.9,87.3
"2002 Q1",325891,291106,87.6,0.5,1.1,,0.5,1.8,1.2,84.8,-0.3,75.3,0.9,85.4,2.3,-0.8,1.4,85.8,0.7,1.3,103.7,111.2,163.7,106.7,94.1,100.1,95.7,82.3,91.1,9.5,0.3,0.2,0.1,-0.1,3.5,1.1,0.4,0.3,11.8,-2.2,2.7,-3.2,-3.8,5.2,5.3,1.6,4.9,87.7
"2002 Q2",328303,292803,88.1,0.6,1.4,,0.7,1.9,-0.8,84.1,1.4,76.3,1.2,86.4,2.9,0.3,-0.3,86.2,0.4,1.5,106.6,110.7,168.3,105.4,95.3,99.9,96.8,83,91.6,2.8,-0.5,2.8,-1.3,1.3,-0.2,1.1,0.8,0.5,16.6,-1.5,3.7,-2.8,-1.7,3.7,3.5,1.9,5.2,88.4
"2002 Q3",331081,295304,88.9,0.9,2,,0.8,2.3,-0.3,83.8,0.9,77,1,87.2,3.8,0.8,0.3,87.3,1.3,2.4,104.8,110.7,155.4,106.4,98.4,101.1,100.3,83.7,93.1,-1.7,0,-7.7,1,3.2,1.2,3.6,0.9,1.6,11.8,-1.5,-5.3,-1.8,2.7,6.4,7,2.4,4.7,89.1
"2002 Q4",334554,298147,89.8,1,2.9,,1,3.2,1.9,85.4,1.5,78.2,0.6,87.8,3.7,3.5,2,87.9,0.7,3.1,103.8,110.5,164.1,104.8,100.2,102,101.4,84.8,94.2,-0.9,-0.2,5.7,-1.5,1.9,0.9,1.1,1.3,1.2,9.6,-0.4,0.5,-1.7,6.4,5.5,7.1,3.4,3.7,90.1
"2003 Q1",336308,300438,90.4,0.8,3.2,,0.5,3.2,3.2,88.1,2.2,79.9,1.1,88.7,3.9,6.1,4,88.7,0.9,3.3,100.5,109.7,162.4,104.4,93.8,105.7,99.1,86,93.3,-3.2,-0.7,-1.1,-0.4,-6.4,3.7,-2.3,1.4,-0.9,-3,-1.4,-0.8,-2.2,-0.3,5.6,3.6,4.4,2.4,90.6
"2003 Q2",340795,304265,91.6,1.3,3.9,,1.3,3.8,1.7,89.6,1.2,80.9,1.4,90,4.2,6,6.5,90.1,1.6,4.5,101.3,109.5,153.7,104.8,97.7,104.7,102.1,87.2,95.1,0.7,-0.2,-5.3,0.4,4.1,-1,3,1.5,1.9,-5,-1.1,-8.6,-0.5,2.4,4.8,5.5,5.1,3.8,91.8
"2003 Q3",345165,308254,92.8,1.3,4.4,,1.3,4.3,-0.3,89.3,2.1,82.6,1.3,91.1,4.5,7.2,6.6,91.4,1.4,4.7,101.1,110.4,152.6,105.6,101.2,106.3,104.9,88.4,96.4,-0.2,0.8,-0.7,0.7,3.6,1.5,2.7,1.3,1.4,-3.5,-0.3,-1.7,-0.8,2.8,5.1,4.6,5.6,3.6,92.9
"2003 Q4",349680,312321,94,1.3,4.7,,1.3,4.5,2.1,91.2,2.5,84.6,0.2,91.2,3.9,8.3,6.8,92.7,1.4,5.4,101,110.9,149.8,106.4,102.5,105.5,107.5,89.7,97.2,0,0.5,-1.9,0.8,1.3,-0.7,2.5,1.4,0.8,-2.7,0.4,-8.8,1.5,2.3,3.4,6,5.8,3.2,94.2
"2004 Q1",351975,313938,94.5,0.5,4.5,,0.7,4.7,0.1,91.3,-0.4,84.3,0.6,91.8,3.5,5.5,3.6,93.2,0.6,5.1,101,111.2,145,107.4,101.8,105.5,110.5,90,98.7,0,0.2,-3.2,0.9,-0.7,0,2.9,0.4,1.5,0.4,1.3,-10.7,2.8,8.5,-0.3,11.5,4.7,5.7,94.8
"2004 Q2",353516,315245,94.9,0.4,3.6,,0.4,3.7,0.8,92,0.3,84.6,0.8,92.5,2.9,4.6,2.7,93.6,0.4,3.9,100,111.8,146.4,107.9,100.8,109.3,109.1,90.5,99.1,-1,0.6,0.9,0.5,-1,3.6,-1.3,0.5,0.4,-1.3,2.1,-4.8,2.9,3.2,4.4,6.9,3.7,4.2,95.2
"2004 Q3",353808,315450,94.9,0.1,2.3,,0.1,2.5,1.9,93.7,1,85.4,-0.4,92.2,1.2,3.5,5,93.9,0.3,2.8,100.5,109.8,140.5,106.3,99.9,106.2,108.3,91,99.1,0.5,-1.8,-4,-1.4,-0.8,-2.8,-0.7,0.6,0,-0.6,-0.5,-8,0.7,-1.2,-0.1,3.3,2.9,2.7,95.3
"2004 Q4",356183,317733,95.6,0.7,1.7,,0.7,1.9,1,94.7,1.7,86.9,0.5,92.6,1.5,2.7,3.9,94.7,0.8,2.1,98.9,110.6,138.2,107.7,98.6,106.5,107.2,91.8,99,-1.6,0.7,-1.7,1.3,-1.3,0.3,-1,0.9,-0.1,-2.1,-0.2,-7.8,1.2,-3.8,1,-0.2,2.4,1.9,95.9
"2005 Q1",358872,320768,96.7,1.1,2.3,,0.8,2,1.4,96.1,1.9,88.6,2,94.5,2.9,5.1,5.2,95.7,1.1,2.6,105.4,109.9,135.3,106.7,99.7,110.5,107.5,93.1,98.8,6.6,-0.6,-2.1,-0.9,1.1,3.7,0.3,1.5,-0.2,4.4,-1.1,-6.7,-0.6,-2,4.8,-2.7,3.5,0.1,96.6
"2005 Q2",363550,325403,98.1,1.4,3.3,,1.3,2.8,0.6,96.7,2.3,90.6,2.3,96.7,4.5,7.2,5.1,97.1,1.5,3.7,106.8,110.9,136.3,107.6,101,111.8,107.1,94.8,99.4,1.3,0.9,0.8,0.8,1.3,1.2,-0.4,1.7,0.7,6.8,-0.9,-6.9,-0.2,0.2,2.3,-1.8,4.7,0.3,97.9
"2005 Q3",367037,328408,99,0.9,4.2,,1,3.7,2.5,99.1,2.5,92.9,1.2,97.9,6.2,8.7,5.7,98.2,1.2,4.6,106.4,109.4,127.1,107,99.1,112.3,105.2,96.3,99.4,-0.3,-1.3,-6.7,-0.6,-1.8,0.4,-1.8,1.7,0,5.9,-0.4,-9.5,0.6,-0.8,5.7,-2.9,5.9,0.3,98.8
"2005 Q4",371811,332899,100.3,1.4,4.9,,1.3,4.4,1.5,100.6,2.5,95.2,1.1,99,6.9,9.6,6.2,99.6,1.4,5.3,105.2,109.9,129.7,107.1,100.4,113.2,104.8,98,100.7,-1.1,0.4,2,0.1,1.3,0.8,-0.4,1.7,1.3,6.4,-0.7,-6.1,-0.6,1.8,6.2,-2.2,6.8,1.8,100.1
"2006 Q1",373227,334251,100.7,0.4,4.2,,0.4,4,-1.3,99.2,1,96.2,-0.8,98.2,3.9,8.6,3.3,100,0.4,4.5,103.1,110.7,132.6,107.8,103.9,108.7,105.5,98.3,102.6,-2,0.8,2.3,0.7,3.5,-4,0.7,0.3,1.8,-2.2,0.7,-2,1,4.2,-1.6,-1.9,5.5,3.9,100.5
"2006 Q2",374520,334776,100.8,0.2,2.8,,0.3,3,0.8,100,0.4,96.6,-0.4,97.8,1.2,6.5,3.4,100.3,0.4,3.4,101.8,110.1,123.3,108.8,99.9,109.4,106.4,98.6,103.3,-1.2,-0.6,-7.1,0.9,-3.9,0.7,0.8,0.3,0.7,-4.6,-0.7,-9.6,1.1,-1.1,-2.2,-0.7,4,3.9,100.8
"2006 Q3",375451,335756,101.1,0.3,2.2,,0.2,2.3,-0.4,99.6,0.8,97.3,0.3,98.1,0.2,4.8,0.4,100.7,0.3,2.5,103.4,110,122.5,109.3,98.3,107.8,107,98.9,103.4,1.6,0,-0.6,0.4,-1.6,-1.5,0.5,0.3,0.1,-2.8,0.6,-3.7,2.1,-0.9,-4,1.7,2.7,4,101.1
"2006 Q4",378330,338183,101.9,0.7,1.6,,0.8,1.8,0.8,100.4,1.2,98.5,0.1,98.1,-0.9,3.4,-0.2,101.5,0.8,1.9,101.5,110.3,118.8,110.2,97.5,109.8,108.9,99.7,104.3,-1.8,0.2,-3,0.8,-0.8,1.9,1.8,0.8,0.9,-3.5,0.4,-8.4,2.9,-2.9,-3,3.9,1.7,3.6,101.9
"2007 Q1",382040,341772,103,1.1,2.3,,1,2.4,2,102.4,1.9,100.3,-0.6,97.6,-0.6,4.3,3.1,102.5,1,2.5,97.6,110.6,121,109.7,98.5,114.3,109.9,100.9,106.7,-3.9,0.2,1.8,-0.5,1.1,4.1,1,1.3,2.3,-5.3,-0.1,-8.8,1.7,-5.2,5.2,4.2,2.7,4,102.9
"2007 Q2",386977,346376,104.3,1.3,3.5,,1.3,3.3,3,105.4,2.6,102.9,0.5,98,0.2,6.6,5.4,103.9,1.4,3.6,98,110.8,122.3,109.9,99.1,112.9,109.5,102.7,107.8,0.4,0.2,1.1,0.2,0.6,-1.3,-0.4,1.8,1,-3.8,0.7,-0.8,1,-0.8,3.2,2.9,4.2,4.4,104.2
"2007 Q3",391767,350661,105.6,1.2,4.4,,1.2,4.3,1.3,106.7,2.7,105.7,1,99,0.9,8.6,7.2,105.3,1.3,4.6,98.6,110.6,120.7,109.9,101.1,110.7,108,104.5,109.4,0.7,-0.2,-1.4,0,2,-1.9,-1.4,1.8,1.5,-4.6,0.5,-1.5,0.5,2.9,2.7,1,5.7,5.8,105.5
"2007 Q4",392205,351098,105.8,0.1,3.8,,0.1,3.7,-0.8,105.8,0.2,105.9,0.3,99.3,1.2,7.6,5.5,105.4,0.1,3.9,100.1,111,119.5,110.1,103.9,112.7,109.4,104.5,108.8,1.5,0.4,-1,0.2,2.8,1.7,1.3,0,-0.6,-1.4,0.6,0.6,-0.1,6.6,2.6,0.5,4.9,4.3,105.6
"2008 Q1",392786,351645,105.9,0.2,2.9,,0.1,2.8,-0.1,105.7,0.3,106.3,0.4,99.7,2.2,5.9,3.3,105.7,0.2,3.1,110.3,110.4,115.7,110.3,102,112.1,110.4,104.6,108.4,10.2,-0.6,-3.2,0.1,-1.9,-0.5,0.9,0.1,-0.3,13,-0.2,-4.4,0.5,3.5,-2,0.4,3.7,1.6,105.8
"2008 Q2",389239,349504,105.3,-0.6,0.9,,-0.9,0.6,0.5,106.2,-0.8,105.4,-0.3,99.4,1.4,2.4,0.8,105,-0.6,1,110.5,109.3,115.6,108.7,103.2,111,108.9,104.2,107.7,0.1,-1,0,-1.5,1.2,-0.9,-1.4,-0.5,-0.7,12.8,-1.4,-5.5,-1.1,4.2,-1.6,-0.5,1.4,-0.1,104.8
"2008 Q3",383626,344354,103.7,-1.5,-1.8,,-1.4,-2.1,-2.1,104,-1.2,104,0.2,99.6,0.6,-1.5,-2.5,103.5,-1.5,-1.7,107.8,107.6,113.7,106.9,100.2,112.2,106,102.8,104.1,-2.4,-1.5,-1.7,-1.6,-2.9,1.1,-2.7,-1.3,-3.3,9.3,-2.7,-5.8,-2.7,-0.8,1.4,-1.8,-1.7,-4.8,103.3
"2008 Q4",375388,336495,101.4,-2.3,-4.2,,-2.1,-4.3,-1.4,102.6,-1.2,102.8,-0.8,98.7,-0.6,-2.9,-3.1,101.1,-2.3,-4.1,104.2,102.7,108.8,101.6,99.1,106.5,100.4,101.2,100.4,-3.3,-4.6,-4.3,-4.9,-1.1,-5.1,-5.3,-1.5,-3.6,4,-7.5,-8.9,-7.7,-4.6,-5.5,-8.2,-3.2,-7.7,101.1
"2009 Q1",366124,328095,98.8,-2.5,-6.7,,-2.5,-6.8,-4.2,98.2,-2.1,100.7,0.2,98.9,-0.8,-5.3,-7.1,98.6,-2.5,-6.7,102,97.6,106.2,95.7,96.5,101.2,93.3,99.5,99.1,-2.1,-4.9,-2.4,-5.8,-2.6,-5,-7.1,-1.6,-1.3,-7.5,-11.5,-8.2,-13.2,-5.3,-9.7,-15.5,-4.9,-8.6,98.6
"2009 Q2",364573,326002,98.2,-0.6,-6.7,,-0.4,-6.3,-2.5,95.8,-0.9,99.7,0.7,99.6,0.2,-5.3,-9.8,97.9,-0.7,-6.8,100.2,97.5,105.7,95.8,94.8,101.1,91.5,98.9,98.4,-1.8,-0.1,-0.5,0.1,-1.8,-0.1,-1.9,-0.6,-0.7,-9.3,-10.8,-8.6,-11.8,-8.1,-8.9,-16,-5,-8.6,98.2
"2009 Q3",364557,325878,98.2,0,-5.4,,0,-5,0.5,96.3,-0.6,99.1,0.9,100.5,1,-4.7,-7.5,98.1,0.1,-5.2,100.3,96.6,99.4,95.6,97,101.9,91.8,99,98.5,0,-0.9,-6,-0.2,2.3,0.7,0.3,0.1,0.1,-7,-10.2,-12.6,-10.5,-3.3,-9.3,-13.4,-3.6,-5.4,98.2
"2009 Q4",366107,326921,98.5,0.3,-2.9,,0.4,-2.5,2,98.2,-0.3,98.9,-0.9,99.7,1,-3.9,-4.3,98.4,0.3,-2.7,100.5,97.3,98.6,96.8,96.6,101.2,92.7,99.2,100,0.2,0.7,-0.8,1.3,-0.4,-0.7,1,0.2,1.5,-3.6,-5.3,-9.3,-4.7,-2.5,-5,-7.7,-1.9,-0.3,98.6
"2010 Q1",368033,328913,99.1,0.6,0.2,,0.5,0.5,1,99.2,0.6,99.5,-0.1,99.5,0.6,-1.2,1,99,0.6,0.4,99.8,98.5,101.6,97.7,101,98.6,95.5,99.5,99.7,-0.7,1.3,3,0.9,4.5,-2.5,3.1,0.3,-0.4,-2.2,0.9,-4.3,2.1,4.6,-2.5,2.4,0,0.6,99.1
"2010 Q2",371779,332142,100,1,1.9,,1,2,0.1,99.3,0.4,99.9,0.7,100.2,0.6,0.2,3.6,100,1,2.1,99,100.2,102.3,99.7,100.6,100.6,101.1,99.9,100.2,-0.8,1.7,0.7,2,-0.3,2,5.9,0.4,0.5,-1.2,2.8,-3.2,4,6.1,-0.5,10.5,1,1.7,100.1
"2010 Q3",373275,333889,100.6,0.5,2.5,,0.4,2.4,1.3,100.6,0.6,100.5,0.1,100.3,-0.2,1.4,4.5,100.6,0.6,2.6,100.8,100.3,99.8,100.9,96.2,100.4,102.8,100.4,100.5,1.8,0.1,-2.5,1.2,-4.4,-0.2,1.7,0.5,0.3,0.5,3.8,0.4,5.5,-0.8,-1.4,12,1.4,1.9,100.5
"2010 Q4",372529,332980,100.3,-0.3,1.9,,-0.2,1.8,0.4,100.9,-0.3,100.2,-0.3,100,0.3,1.3,2.8,100.4,-0.2,2,100.4,101,96.3,101.7,102.3,100.4,100.6,100.1,99.7,-0.4,0.7,-3.5,0.8,6.3,0,-2.2,-0.3,-0.7,-0.1,3.8,-2.4,5.1,5.8,-0.8,8.6,0.9,-0.3,100.3
"2011 Q1",374264,334319,100.7,0.4,1.6,,0.5,1.7,-0.5,100.4,0.9,101,0.5,100.4,0.9,1.6,1.2,100.9,0.5,2,110.8,99.9,90.8,101.9,96.5,103.7,102.2,100.7,100.3,10.4,-1,-5.7,0.2,-5.7,3.3,1.6,0.5,0.6,11,1.4,-10.6,4.4,-4.5,5.1,7,1.2,0.6,100.8
"2011 Q2",374628,335128,101,0.2,0.9,,0.1,0.8,0.7,101.2,0.7,101.7,0,100.4,0.2,1.8,1.9,101.3,0.4,1.3,110.5,98.8,84.1,102.2,93.2,104.2,103.3,101.1,100.8,-0.3,-1.1,-7.4,0.2,-3.4,0.6,1,0.4,0.5,11.6,-1.4,-17.8,2.5,-7.4,3.6,2.2,1.2,0.7,100.9
"2011 Q3",376862,337263,101.6,0.6,1,,0.6,1,1.5,102.7,1.7,103.4,0.1,100.5,0.2,3,2.1,102,0.7,1.4,110.3,98.5,83.1,101.8,95.6,103.1,102.2,102.1,101.1,-0.2,-0.3,-1.2,-0.4,2.6,-1.1,-1.1,1,0.3,9.5,-1.8,-16.8,0.9,-0.6,2.7,-0.6,1.6,0.7,101.5
"2011 Q4",376462,337027,101.5,-0.1,1.2,,-0.1,1.1,-0.7,102,0.4,103.9,0.2,100.7,0.8,3.7,1,102,0,1.6,110.6,98,82.7,101.4,91.3,105.4,101.6,102.1,100.6,0.2,-0.6,-0.5,-0.4,-4.5,2.2,-0.6,0,-0.5,10.1,-3,-14.1,-0.4,-10.8,5,1,2,0.9,101.4
"2012 Q1",376437,337023,101.4,-0.1,0.7,,0,0.6,0.6,102.6,0,103.9,0.5,101.2,0.8,2.8,2.1,102,0,1.1,108.7,97.6,81.1,101.3,90.8,104.4,97.2,102.4,101,-1.7,-0.4,-1.9,-0.1,-0.5,-0.9,-4.4,0.3,0.4,-1.9,-2.3,-10.7,-0.6,-5.9,0.7,-4.9,1.8,0.7,101.4
"2012 Q2",374983,335735,100.9,-0.5,0,,-0.4,0.1,-1.3,101.3,0.2,104.1,0,101.2,0.8,2.4,0.1,101.7,-0.3,0.3,106.3,96.6,78.9,100,95.2,102.8,93.7,102.3,100.9,-2.2,-1,-2.7,-1.3,4.9,-1.5,-3.6,-0.1,-0.1,-3.8,-2.2,-6.2,-2.1,2.2,-1.3,-9.3,1.2,0.1,101
"2012 Q3",377887,338318,101.6,0.7,0,,0.8,0.3,-0.3,101,0.9,105,1.3,102.5,1.9,1.5,-1.6,102.5,0.8,0.4,106,96.8,78.9,100.5,93.1,103.2,91.7,103.3,102.7,-0.3,0.2,0,0.5,-2.3,0.3,-2.1,1,1.7,-3.9,-1.8,-5,-1.3,-2.6,0.1,-10.2,1.2,1.5,101.7
"2012 Q4",377081,337628,101.3,-0.3,-0.2,,-0.2,0.2,0.3,101.3,0.5,105.6,-0.9,101.6,0.9,1.6,-0.7,102.4,0,0.4,105.8,94.8,72,98.6,96.3,103.7,93.4,103.2,101.9,-0.2,-2.1,-8.8,-1.8,3.4,0.5,1.9,-0.1,-0.7,-4.3,-3.2,-13,-2.7,5.5,-1.6,-8,1,1.3,101.5
"2013 Q1",379048,339319,101.7,0.4,0.3,,0.5,0.7,1.8,103.1,0,105.6,0.3,101.9,0.6,1.7,0.5,102.9,0.5,0.9,100.6,95.2,74.5,98.4,98.7,103.5,92.8,103.7,103.1,-4.9,0.4,3.6,-0.3,2.5,-0.2,-0.7,0.5,1.2,-7.5,-2.4,-8.1,-2.9,8.8,-0.8,-4.5,1.3,2.1,102.1
"2013 Q2",381583,341638,102.4,0.6,1.4,,0.7,1.8,-0.1,103.1,0.6,106.3,-0.1,101.8,0.6,2.1,1.8,103.6,0.7,1.9,102.7,95.8,76.3,98.9,95.5,106.6,94.6,104.3,104.8,2.1,0.6,2.4,0.5,-3.2,3,1.9,0.5,1.6,-3.4,-0.9,-3.3,-1.1,0.3,3.7,1,1.9,3.9,102.7
"2013 Q3",384755,344509,103.2,0.8,1.6,,0.8,1.8,0,103.1,1,107.3,0.4,102.2,-0.2,2.2,2.1,104.5,0.8,2,103,96.4,76.7,99.7,90.7,111.6,97.2,105,106.1,0.3,0.7,0.5,0.9,-5,4.7,2.8,0.7,1.2,-2.8,-0.4,-2.9,-0.7,-2.5,8.2,6,1.7,3.4,103.6
"2013 Q4",387266,346655,103.9,0.7,2.6,,0.7,2.7,0.3,103.5,1,108.4,0.7,102.9,1.3,2.6,2.1,105.2,0.7,2.7,103.2,96.9,75.7,100.4,91.4,112.7,97.6,105.8,106.7,0.2,0.4,-1.2,0.6,0.8,1,0.5,0.7,0.5,-2.4,2.2,5.2,1.7,-5.1,8.7,4.5,2.5,4.7,104.3
"2014 Q1",390389,349575,104.8,0.8,3,,0.8,3,0.6,104.1,0.9,109.3,0.2,103.2,1.3,3.5,0.9,106.1,0.8,3,104.3,97.5,76.3,101.9,85.6,112.9,99.1,106.7,108.6,1,0.7,0.8,1.5,-6.4,0.2,1.5,0.8,1.7,3.7,2.4,2.4,3.6,-13.3,9.1,6.7,2.8,5.2,105.1
"2014 Q2",393629,352476,105.7,0.8,3.2,,0.8,3.2,1.5,105.6,1.3,110.7,0.2,103.4,1.5,4.2,2.5,107,0.8,3.2,104.1,97.8,76.7,102.1,89.4,110.1,99.1,107.7,109.8,-0.2,0.3,0.5,0.2,4.4,-2.5,0,1,1.2,1.3,2.1,0.5,3.3,-6.4,3.3,4.8,3.3,4.8,106

© Crown Copyright

ABMI,"Gross Domestic Product: chained volume measures: Seasonally adjusted £m"
,seasonal_adjustment='SA'
,base_period='2010'
,price='CONS'
,index_period='-'
ABMM,"Gross Value Added at basic prices:chained volume measures:Seasonally adjusted £m"
,seasonal_adjustment='SA'
,base_period='2010'
,price='CONS'
,index_period='-'
L2KK,"Gross value added at basic prices: Output index: CVM SA"
,seasonal_adjustment='SA'
,base_period='2010'
,price='CONS'
,index_period='2010'
L3BA,"ESA95 % Change on previous period: Gross value added at basic prices"
,seasonal_adjustment='SA'
,base_period='2010'
,price='CONS'
,index_period='2010'
L3ZY,"ESA95 % Change on same quarter previous year: Gross value added at basic prices"
,seasonal_adjustment='SA'
,base_period='2010'
,price='CONS'
,index_period='2010'
IHYP,"Gross Domestic Product: Year on Year growth: CVM SA %"
,seasonal_adjustment='SA'
,base_period='2010'
,price='CONS'
,index_period='-'
IHYQ,"Gross Domestic Product: Quarter on Quarter growth: CVM SA %"
,seasonal_adjustment='SA'
,base_period='2010'
,price='CONS'
,index_period='-'
IHYR,"Gross Domestic Product: Quarter on quarter previous year: CVM SA £m"
,seasonal_adjustment='SA'
,base_period='2010'
,price='CONS'
,index_period='-'
KI8L,"GDP(O) : H+J : Transp. and Storage & Communication £m"
,seasonal_adjustment='SA'
,base_period='2010'
,price='CONS'
,index_period='2010'
KI8M,"H and J : Transport, Storage & Communication £m"
,seasonal_adjustment='SA'
,base_period='2010'
,price='CONS'
,index_period='2010'
KI8N,"GDPo: K-N: Fin., Real est., Scientific, Professional, Technical and Support act"
,seasonal_adjustment='SA'
,base_period='2010'
,price='CONS'
,index_period='2010'
KI8O,"K to N : Business services and Finance £m"
,seasonal_adjustment='SA'
,base_period='2010'
,price='CONS'
,index_period='2010'
KI8P,"GDPo: O-U: PAD, Educ., Health, Soc. work, Arts, Ent'ment and Recreation £m"
,seasonal_adjustment='SA'
,base_period='2010'
,price='CONS'
,index_period='2010'
KI8Q,"O to T : Government and Other Services £m"
,seasonal_adjustment='SA'
,base_period='2010'
,price='CONS'
,index_period='2010'
KIH8,"GDPo: O-T: PAD, Educ., Health, Soc. work, Arts, Ent'ment and Recreation £m"
,seasonal_adjustment='SA'
,base_period='2010'
,price='CONS'
,index_period='2010'
KIH9,"GDPo: K-N: Fin., Real est., Scientific, Professional, Technical and Support act"
,seasonal_adjustment='SA'
,base_period='2010'
,price='CONS'
,index_period='2010'
KII2,"GDP(O) : H+J : Transp. and Storage & Communication £m"
,seasonal_adjustment='SA'
,base_period='2010'
,price='CONS'
,index_period='2010'
KLH7,"GVA excluding oil & gas (06) £m"
,seasonal_adjustment='SA'
,base_period='2010'
,price='CONS'
,index_period='2010'
KLH8,"GVA exc oil & gas growth rate, QonQ, AonA %"
,seasonal_adjustment='SA'
,base_period='2010'
,price='CONS'
,index_period='2010'
KLH9,"GVA exc oil & gas growth rate, Q on same Q 4 periods earlier %"
,seasonal_adjustment='SA'
,base_period='2010'
,price='CONS'
,index_period='2010'
L2KL,"A : Agriculture, Forestry and Fishing £m"
,seasonal_adjustment='SA'
,base_period='2010'
,price='CONS'
,index_period='2010'
L2KQ,"Total Production : Sections B, C, D & E £m"
,seasonal_adjustment='SA'
,base_period='2010'
,price='CONS'
,index_period='2010'
L2KR,"B : Mining And Quarrying £m"
,seasonal_adjustment='SA'
,base_period='2010'
,price='CONS'
,index_period='2010'
L2KX,"C : Manufacturing £m"
,seasonal_adjustment='SA'
,base_period='2010'
,price='CONS'
,index_period='2010'
L2MW,"D : Electricity, Gas, Steam and Air Conditioning Supply £m"
,seasonal_adjustment='SA'
,base_period='2010'
,price='CONS'
,index_period='2010'
L2N2,"E : Water Supply; Sewerage, Waste Management and Remediation Activities £m"
,seasonal_adjustment='SA'
,base_period='2010'
,price='CONS'
,index_period='2010'
L2N8,"F : Construction £m"
,seasonal_adjustment='SA'
,base_period='2010'
,price='CONS'
,index_period='2010'
L2NC,"Total Services : G to T £m"
,seasonal_adjustment='SA'
,base_period='2010'
,price='CONS'
,index_period='2010'
L2PZ,"G and I : Distribution & Accommodation and Food Service Activities £m"
,seasonal_adjustment='SA'
,base_period='2010'
,price='CONS'
,index_period='2010'
L3BB,"mGDP: Agriculture, Forestry And Fishing (period on period growth) %"
,seasonal_adjustment='SA'
,base_period='2010'
,price='CONS'
,index_period='2010'
L3BG,"Sections: B, C, D & E (period on period growth) %"
,seasonal_adjustment='SA'
,base_period='2010'
,price='CONS'
,index_period='2010'
L3BH,"Mining And Quarrying (period on period growth) %"
,seasonal_adjustment='SA'
,base_period='2010'
,price='CONS'
,index_period='2010'
L3BN,"Manufacturing (period on period growth) %"
,seasonal_adjustment='SA'
,base_period='2010'
,price='CONS'
,index_period='2010'
L3DM,"Electricity, Gas, Steam And Air Conditioning Supply £m"
,seasonal_adjustment='SA'
,base_period='2010'
,price='CONS'
,index_period='2010'
L3DQ,"Water Supply; Sewerage, Waste Management And Remediation Activities £m"
,seasonal_adjustment='SA'
,base_period='2010'
,price='CONS'
,index_period='2010'
L3DW,"Construction (period on period growth) %"
,seasonal_adjustment='SA'
,base_period='2010'
,price='CONS'
,index_period='2010'
L3E2,"Total Services: Period on Period Growth %"
,seasonal_adjustment='SA'
,base_period='2010'
,price='CONS'
,index_period='2010'
L3GP,"Distribution & Accommodation and Food Service Activities £m"
,seasonal_adjustment='SA'
,base_period='2010'
,price='CONS'
,index_period='2010'
L3ZZ,"mGDP: Agriculture, Forestry And Fishing (quarter on 4 quarter growth) %"
,seasonal_adjustment='SA'
,base_period='2010'
,price='CONS'
,index_period='2010'
L426,"Sections: B, C, D & E (period on period growth) %"
,seasonal_adjustment='SA'
,base_period='2010'
,price='CONS'
,index_period='2010'
L427,"Mining And Quarrying (period on period growth) %"
,seasonal_adjustment='SA'
,base_period='2010'
,price='CONS'
,index_period='2010'
L42D,"Manufacturing (period on period growth) %"
,seasonal_adjustment='SA'
,base_period='2010'
,price='CONS'
,index_period='2010'
L44C,"Electricity, Gas, Steam And Air Conditioning Supply (period on period growth) %"
,seasonal_adjustment='SA'
,base_period='2010'
,price='CONS'
,index_period='2010'
L44G,"Water Supply; Sewerage, Waste Management And Remediation Activities £m"
,seasonal_adjustment='SA'
,base_period='2010'
,price='CONS'
,index_period='2010'
L44M,"Construction (period on period growth) %"
,seasonal_adjustment='SA'
,base_period='2010'
,price='CONS'
,index_period='2010'
L44Q,"Total Services: Quarter on 4 Quarter Growth %"
,seasonal_adjustment='SA'
,base_period='2010'
,price='CONS'
,index_period='2010'
L47F,"Distribution & Accommodation and Food Service Activities £m"
,seasonal_adjustment='SA'
,base_period='2010'
,price='CONS'
,index_period='2010'
YBEZ,"Gross domestic product index: CVM: Seasonally adjusted"
,seasonal_adjustment='SA'
,base_period='2010'
,price='CONS'
,index_period='2010'
