A4RT,"Implied deflator:AGG 1:Pred food stores - month on previous month%",NSA,2010,IMPL,0,DRSI
A4RU,"Implied deflator:AGG 12:Pred non-food stores - month on previous month%",NSA,2010,IMPL,0,DRSI
A4RV,"Implied deflator:47.19:Non-specialised stores - month on previous month%",NSA,2010,IMPL,0,DRSI
A4RW,"Implied deflator:AGG 5:Textile, clothing & footwear - month on previous month%",NSA,2010,IMPL,0,DRSI
A4RX,"Implied deflator:AGG 7:Household goods stores - month on previous month%",NSA,2010,IMPL,0,DRSI
A4RY,"Implied deflator:AGG 13:Other stores - month on previous month%",NSA,2010,IMPL,0,DRSI
A4VJ,"Implied deflator:AGG 1:Predominantly food stores - year on year%",NSA,2010,IMPL,0,DRSI
A4VK,"Implied deflator:AGG 12:Predominantly non-food stores total - year on year%",NSA,2010,IMPL,0,DRSI
A4VL,"Implied deflator:47.19:Non-specialised stores - year on year%",NSA,2010,IMPL,0,DRSI
A4VM,"Implied deflator:AGG 5:Textile, clothing & footwearstores - year on year%",NSA,2010,IMPL,0,DRSI
A4VN,"Implied deflator:AGG 7:Household goods stores - year on year%",NSA,2010,IMPL,0,DRSI
A4VO,"Implied deflator:AGG 13:Other stores - year on year%",NSA,2010,IMPL,0,DRSI
CWY9,"RSI: Specialist Food Stores (val nsa) All Business %",NSA,0,CURR,0,DRSI
CWZ4,"RSI: Alcoholic Drinks, Beverages & Tobacco (val nsa) All Business %",NSA,0,CURR,0,DRSI
CWZ7,"RSI: Other Specialised Stoes NEC (val nsa) All Business %",NSA,0,CURR,0,DRSI
CX25,"RSI: Specialist Food Stores (vol nsa) All Business %",NSA,2010,CONS,0,DRSI
CX28,"RSI: Alcoholic Drinks, Beverages & Tobacco (vol nsa) All Business %",NSA,2010,CONS,0,DRSI
CX2B,"RSI: Other Specialised Stoes NES (vol nsa) All Business %",NSA,2010,CONS,0,DRSI
CX2H,"RSI:Year to date : Index : Specialist Food Stores : All Business",NSA,0,CURR,0,DRSI
CX2K,"RSI:Year to date : Index : Alcoholic Drinks, Beverages & Tobacco : All Business",NSA,0,CURR,0,DRSI
CX2N,"RSI:Year to date : Index : Other Specialised Stores NES : All Business",NSA,0,CURR,0,DRSI
CX2T,"RSI: Year to date % change Specialist Food Stores : All Business",NSA,0,CURR,2010,DRSI
CX2W,"RSI: Year to date % change Alcoholic Drinks, Beverages & Tobacco : All Business",NSA,0,CURR,2010,DRSI
CX2Z,"RSI: Year to date % change Other Specialised Stores NES : All Business",NSA,0,CURR,2010,DRSI
CY3X,"RSI: Specialist Food Stores (val nsa) All Business Index",NSA,0,CURR,2010,DRSI
CY3Y,"RSI: Specialist Food Stores (vol nsa) All Business Index",NSA,2010,CONS,2010,DRSI
CY45,"RSI: Alcoholic Drinks, Beverages & Tobacco (val nsa) All Business Index",NSA,0,CURR,2010,DRSI
CY46,"RSI: Alcoholic Drinks, Beverages & Tobacco (vol nsa) All Business Index",NSA,2010,CONS,2010,DRSI
CY4B,"RSI: Other Specialised Stoes NES (val nsa) All Business Index",NSA,0,CURR,2010,DRSI
CY4C,"RSI: Other Specialised Stoes NES (vol nsa) All Business Index",NSA,2010,CONS,2010,DRSI
EAFS,"RSI:Predominantly food stores (val nsa):All Business Index",NSA,0,CURR,2010,DRSI
EAFT,"RSI:Predominantly non-food stores (val nsa):All Business Index",NSA,0,CURR,2010,DRSI
EAFU,"RSI:textiles, clothing & footwear (val nsa):All Business Index",NSA,0,CURR,2010,DRSI
EAFV,"RSI:Household goods stores (val nsa):All Business Index",NSA,0,CURR,2010,DRSI
EAFW,"RSI:Other non-food stores (val nsa):All Business Index",NSA,0,CURR,2010,DRSI
EAGB,"RSI:Non-Special Food stores (val nsa):All Business Index",NSA,0,CURR,2010,DRSI
EAGC,"RSI:Non-Special Food stores (val nsa) Large Business Index",NSA,0,CURR,2010,DRSI
EAGD,"RSI:Non-Special Food stores (val nsa) Small Business Index",NSA,0,CURR,2010,DRSI
EAGE,"RSI:Non-Specialised Non Food stores (val nsa):All Business Index",NSA,0,CURR,2010,DRSI
EAGF,"RSI:Non-Specialised Non Food stores (val nsa) Large Business Index",NSA,0,CURR,2010,DRSI
EAGG,"RSI:Non-Specialised Non Food stores (val nsa) Small Business Index",NSA,0,CURR,2010,DRSI
EAGH,"RSI:Retail sale of clothing (val nsa):All Business Index",NSA,0,CURR,2010,DRSI
EAGI,"RSI:Retail sale of clothing (val nsa) Large Business) Index",NSA,0,CURR,2010,DRSI
EAGJ,"RSI:Retail sale of clothing (val nsa) Small Business Index",NSA,0,CURR,2010,DRSI
EAGK,"RSI:Predominantly food stores (val nsa) Large Business Index",NSA,0,CURR,2010,DRSI
EAGL,"RSI:Predominantly food stores (val nsa) Small Business Index",NSA,0,CURR,2010,DRSI
EAGM,"RSI:Predominantly non-food stores (val nsa) Large Business Index",NSA,0,CURR,2010,DRSI
EAGN,"RSI:Predominantly non-food stores (val nsa) Small Business Index",NSA,0,CURR,2010,DRSI
EAGO,"RSI:Textiles:Cloth:Foot & Leather (val nsa) Large Business Index",NSA,0,CURR,2010,DRSI
EAGP,"RSI:Textiles:Cloth:Foot & Leather (val nsa) Small Business Index",NSA,0,CURR,2010,DRSI
EAGQ,"RSI:Household goods stores (val nsa) Large Business Index",NSA,0,CURR,2010,DRSI
EAGR,"RSI:Household goods stores (val nsa) Small Business Index",NSA,0,CURR,2010,DRSI
EAGS,"RSI:other Specialised non-food stores (val nsa) Large Business Index",NSA,0,CURR,2010,DRSI
EAGT,"RSI:other Specialised non-food stores (val nsa) Small Business Index",NSA,0,CURR,2010,DRSI
EAGW,"RSI:Predominantly Food stores (vol nsa):All Business Index",NSA,2010,CONS,2010,DRSI
EAGX,"RSI:Predominantly non-food stores (volnsa):All Business Index",NSA,2010,CONS,2010,DRSI
EAGY,"RSI:Textiles, clothing & footwear (vol nsa):All Business Index",NSA,2010,CONS,2010,DRSI
EAGZ,"RSI:Household goods stores (vol nsa):All Business Index",NSA,2010,CONS,2010,DRSI
EAHA,"RSI:Other non-food stores (vol nsa):All Business Index",NSA,2010,CONS,2010,DRSI
EAHF,"RSI:Retail non-Specialised food stores (vol nsa):All Business Index",NSA,2010,CONS,2010,DRSI
EAHG,"RSI:Retail Non-Specialised Food (vol nsa) Large Business Index",NSA,2010,CONS,2010,DRSI
EAHH,"RSI:Retail Non-Specialised Food (vol nsa) Small Business) Index",NSA,2010,CONS,2010,DRSI
EAHI,"RSI:Non-Specialised Non Food stores (vol nsa):All Business Index",NSA,2010,CONS,2010,DRSI
EAHJ,"RSI:Non-Specialised Non Food stores (vol nsa) Large Business Index",NSA,2010,CONS,2010,DRSI
EAHK,"RSI:Non-Specialised Non Food stores (vol nsa) Small Business Index",NSA,2010,CONS,2010,DRSI
EAHL,"RSI:Retail sale of clothing (vol nsa):All Business Index",NSA,2010,CONS,2010,DRSI
EAHM,"RSI:Retail sale of clothing (vol nsa) Large Business) Index",NSA,2010,CONS,2010,DRSI
EAHN,"RSI:Retail sale of clothing (vol nsa) Small Business Index",NSA,2010,CONS,2010,DRSI
EAHO,"RSI:Predominantly Food stores (vol nsa) Large Business Index",NSA,2010,CONS,2010,DRSI
EAHP,"RSI:Predominantly Food stores (vol nsa) Small Business Index",NSA,2010,CONS,2010,DRSI
EAHQ,"RSI:Predominantly non-food stores (vol nsa) Large Business Index",NSA,2010,CONS,2010,DRSI
EAHR,"RSI:Predominantly non-food stores (vol nsa) Small Business Index",NSA,2010,CONS,2010,DRSI
EAHS,"RSI:Textiles:Cloth:Foot & Leather (vol nsa) Large Business Index",NSA,2010,CONS,2010,DRSI
EAHT,"RSI:Textiles:Cloth:Foot & Leather (vol nsa) Small Business Index",NSA,2010,CONS,2010,DRSI
EAHU,"RSI:Household goods stores (vol nsa) Large Business Index",NSA,2010,CONS,2010,DRSI
EAHV,"RSI:Household goods stores (vol nsa) Small Business Index",NSA,2010,CONS,2010,DRSI
EAHW,"RSI:Other non-food stores (vol nsa) Large Business Index",NSA,2010,CONS,2010,DRSI
EAHX,"RSI:Other non-food stores (vol nsa) Small Business Index",NSA,2010,CONS,2010,DRSI
EAIA,"RSI:Pred Food stores:All Business:VAL NSA:%change on same month a year ago",NSA,0,CURR,2010,DRSI
EAIB,"RSI:Pred non-food stores:All Business:VAL NSA:%change on same month a year ago",NSA,0,CURR,2010,DRSI
EAIC,"RSI:Textile,clothing&footwear:All Bus:VAL NSA:%change on same month a year ago",NSA,0,CURR,2010,DRSI
EAID,"RSI:Household goods stores:All Business:VAL NSA:%change on same month a year ago",NSA,0,CURR,2010,DRSI
EAIF,"RSI:Other non-food stores:All Business:VAL NSA:%change on same month a year ago",NSA,0,CURR,2010,DRSI
EAIK,"RSI:Non-Special Food stores (val nsa):All Business %",NSA,0,CURR,2010,DRSI
EAIL,"RSI:Non-Special Food stores (val nsa) Large Business %",NSA,0,CURR,2010,DRSI
EAIM,"RSI:Non-Special Food stores (val nsa) Small Business %",NSA,0,CURR,2010,DRSI
EAIN,"RSI:Non-Specialised stores:All Business:VAL NSA:%change on same month a year ago",NSA,0,CURR,2010,DRSI
EAIO,"RSI:Non-Specialised Non Food stores (val nsa) Large Business %",NSA,0,CURR,2010,DRSI
EAIP,"RSI:Non-Specialised Non Food stores (val nsa) Small Business %",NSA,0,CURR,2010,DRSI
EAIQ,"RSI:Retail sale of clothing (val nsa):All Business %",NSA,0,CURR,2010,DRSI
EAIR,"RSI:Retail sale of clothing (val nsa) Large Business %",NSA,0,CURR,2010,DRSI
EAIS,"RSI:Retail sale of clothing (val nsa) Small Business %",NSA,0,CURR,2010,DRSI
EAIT,"RSI:Predominantly food stores (val nsa) Large Business %",NSA,0,CURR,2010,DRSI
EAIU,"RSI:Predominantly food stores (val nsa) Small Business %",NSA,0,CURR,2010,DRSI
EAIV,"RSI:Predominantly non-food stores (val nsa) Large Business %",NSA,0,CURR,2010,DRSI
EAIW,"RSI:Predominantly non-food stores (val nsa) Small Business %",NSA,0,CURR,2010,DRSI
EAIX,"RSI:Textiles:Cloth:Foot & Leather (val nsa) Large Business %",NSA,0,CURR,2010,DRSI
EAIY,"RSI:Textiles:clothing:footwear & leather goods(val nsa)Small Business%",NSA,0,CURR,2010,DRSI
EAIZ,"RSI:Household goods stores (val nsa) Large Business %",NSA,0,CURR,2010,DRSI
EAJA,"RSI:Household goods stores (val nsa) Small Business %",NSA,0,CURR,2010,DRSI
EAJB,"RSI:other Specialised non-food stores (val nsa) Large Business %",NSA,0,CURR,2010,DRSI
EAJC,"RSI:other Specialised non-food stores (val nsa) Small Business %",NSA,0,CURR,2010,DRSI
EAJF,"RSI:Pred Food stores:All Business:VOL NSA:%change on same month a year ago",NSA,2010,CONS,2010,DRSI
EAJG,"RSI:Pred non-food stores:All Business:VOL NSA:%change on same month a year ago",NSA,2010,CONS,2010,DRSI
EAJH,"RSI:Textile,clothing&footwearAll Bus:VOL NSA:%change on same month a year ago",NSA,2010,CONS,2010,DRSI
EAJI,"RSI:Household goods stores:All Business:VOL NSA:%change on same month a year ago",NSA,2010,CONS,2010,DRSI
EAJJ,"RSI:Other non-food stores:All Business:VOL NSA:%change on same month a year ago",NSA,2010,CONS,2010,DRSI
EAJO,"RSI:Retail non-Specialised food stores (vol nsa):All Business %",NSA,2010,CONS,2010,DRSI
EAJP,"RSI:Retail non-Specialised food stores (vol nsa) Large Business %",NSA,2010,CONS,2010,DRSI
EAJQ,"RSI:Retail non-Specialised food stores (vol nsa) Small Business %",NSA,2010,CONS,2010,DRSI
EAJR,"RSI:Non-Specialised stores:All Business:VOL NSA:%change on same month a year ago",NSA,2010,CONS,2010,DRSI
EAJS,"RSI:Non-Specialised Non Food stores (vol nsa) Large Business %",NSA,2010,CONS,2010,DRSI
EAJT,"RSI:Non-Specialised Non Food stores (vol nsa) Small Business %",NSA,2010,CONS,2010,DRSI
EAJU,"RSI:Retail sale of clothing (vol nsa):All Business %",NSA,2010,CONS,2010,DRSI
EAJV,"RSI:Retail sale of clothing (vol nsa) Large Business %",NSA,2010,CONS,2010,DRSI
EAJW,"RSI:Retail sale of clothing (vol nsa) Small Business %",NSA,2010,CONS,2010,DRSI
EAJX,"RSI:Predominantly Food stores (vol nsa) Large Business %",NSA,2010,CONS,2010,DRSI
EAJY,"RSI:Predominantly Food stores (vol nsa) Small Business %",NSA,2010,CONS,2010,DRSI
EAJZ,"RSI:Predominantly non-food stores (vol nsa) Large Business %",NSA,2010,CONS,2010,DRSI
EAKA,"RSI:Predominantly non-food stores (vol nsa) Small Business %",NSA,2010,CONS,2010,DRSI
EAKB,"RSI:textiles:clothing:footwear & leather goods(vol nsa)Large Business %",NSA,2010,CONS,2010,DRSI
EAKC,"RSI:textiles:clothing:footwear & leather goods(vol nsa)Small Business %",NSA,2010,CONS,2010,DRSI
EAKD,"RSI:Household goods stores (vol nsa) Large Business %",NSA,2010,CONS,2010,DRSI
EAKE,"RSI:Household goods stores (vol nsa) Small Business %",NSA,2010,CONS,2010,DRSI
EAKF,"RSI:Other non-food stores (vol nsa) Large Business %",NSA,2010,CONS,2010,DRSI
EAKG,"RSI:Other non-food stores (vol nsa) Small Business %",NSA,2010,CONS,2010,DRSI
EAPG,"RSI:Retail sale of textiles (val nsa):All Business Index",NSA,0,CURR,2010,DRSI
EAPH,"RSI:Retail of footwear & leather goods (val nsa):All Business Index",NSA,0,CURR,2010,DRSI
EAPI,"RSI:Retail Furniture & Lighting (val nsa):All Business Index",NSA,0,CURR,2010,DRSI
EAPK,"RSI:Retail hardware, paints & glass (val nsa):All Business Index",NSA,0,CURR,2010,DRSI
EAPM,"RSI:Retail sale of Floorcoverings (val nsa):All Business Index",NSA,0,CURR,2010,DRSI
EAPN,"RSI:Retail sale via mail order houses (val nsa):All Business Index",NSA,0,CURR,2010,DRSI
EAPO,"RSI:Non-store retail exc mail order (val nsa):All Business Index",NSA,0,CURR,2010,DRSI
EAPQ,"RSI:Pharmaceutical:Medical & Toilet (val nsa):All Business Index",NSA,0,CURR,2010,DRSI
EAPT,"RSI:Predominantly food stores (vol sa):All Business Index",SA,2010,CONS,2010,DRSI
EAPU,"RSI:Non-specialised stores (vol sa):All Business Index",SA,2010,CONS,2010,DRSI
EAPV,"RSI:Predominantly non-food stores (vol sa):All Business Index",SA,2010,CONS,2010,DRSI
EAPW,"RSI:Other non-food stores (vol sa):All Business Index",SA,2010,CONS,2010,DRSI
EAPX,"RSI:textiles:clothing:footwear (vol sa):All Business Index",SA,2010,CONS,2010,DRSI
EAPY,"RSI:Household goods stores (vol sa):All Business Index",SA,2010,CONS,2010,DRSI
EAQI,"RSI:Retail sale of textiles (vol nsa):All Business Index",NSA,2010,CONS,2010,DRSI
EAQJ,"RSI:Retail of footwear & leather goods (vol nsa):All Business Index",NSA,2010,CONS,2010,DRSI
EAQK,"RSI:Retail Furniture & Lighting (vol nsa):All Business Index",NSA,2010,CONS,2010,DRSI
EAQM,"RSI:Retail hardware, paints & glass (vol nsa):All Business Index",NSA,2010,CONS,2010,DRSI
EAQO,"RSI:Retail sale of Floorcoverings (vol nsa):All Business Index",NSA,2010,CONS,2010,DRSI
EAQP,"RSI:Retail sale via mail order houses (vol nsa):All Business Index",NSA,2010,CONS,2010,DRSI
EAQQ,"RSI:Non-store Retail exc mail order (vol nsa):All Business Index",NSA,2010,CONS,2010,DRSI
EAQS,"RSI:Pharmaceutical:Medical & Toilet (vol nsa):All Business Index",NSA,2010,CONS,2010,DRSI
EAQW,"RSI:Predominantly food stores (val sa):All Business Index",SA,0,CURR,2010,DRSI
EAQX,"RSI:Non-specialised stores (val sa):All Business Index",SA,0,CURR,2010,DRSI
EAQY,"RSI:Predominantly non-food stores (valsa):All Business Index",SA,0,CURR,2010,DRSI
EAQZ,"RSI:Other non-food stores (val sa):All Business Index",SA,0,CURR,2010,DRSI
EARA,"RSI:Textiles, clothing & footwear (val sa):All Business Index",SA,0,CURR,2010,DRSI
EARB,"RSI:Household goods stores (val sa):All Business Index",SA,0,CURR,2010,DRSI
EARK,"RSI:Retail sale of textiles (val nsa):All Business %",NSA,0,CURR,2010,DRSI
EARL,"RSI:Retail of footwear & leather goods (val nsa):All Business %",NSA,0,CURR,2010,DRSI
EARM,"RSI:Retail Furniture & Lighting (val nsa):All Business %",NSA,0,CURR,2010,DRSI
EARO,"RSI:Retail hardware, paints & glass (val nsa):All Business %",NSA,0,CURR,2010,DRSI
EARQ,"RSI:Retail sale via mail order houses (val nsa):All Business %",NSA,0,CURR,2010,DRSI
EARR,"RSI:Non-store retail exc mail order (val nsa):All Business %",NSA,0,CURR,2010,DRSI
EART,"RSI:Pharmaceutical:Medical & Toilet Goods (val nsa):All Business %",NSA,0,CURR,2010,DRSI
EASE,"RSI:Retail sale of textiles (vol nsa):All Business %",NSA,2010,CONS,2010,DRSI
EASF,"RSI:Retail of footwear & leather goods (vol nsa):All Business %",NSA,2010,CONS,2010,DRSI
EASG,"RSI:Retail Furniture & Lighting (vol nsa):All Business %",NSA,2010,CONS,2010,DRSI
EASI,"RSI:Retail hardware, paints & glass (vol nsa):All Business %",NSA,2010,CONS,2010,DRSI
EASK,"RSI:Retail sale via mail order houses (vol nsa):All Business %",NSA,2010,CONS,2010,DRSI
EASL,"RSI:Non-store Retail exc mail order (vol nsa):All Business %",NSA,2010,CONS,2010,DRSI
EASN,"RSI:Pharmaceutical:Medical & Toilet goods (vol nsa):All Business %",NSA,2010,CONS,2010,DRSI
EAVP,"RSI:Retail sale of Floorcoverings (vol nsa):All Business %",NSA,2010,CONS,2010,DRSI
EAWF,"RSI:Retail sale of floorcoverings (val nsa):All Business %",NSA,0,CURR,2010,DRSI
EAWN,"Monthly commodity inquiry:value NSA:food drink & tobacco Index",NSA,0,CURR,2010,DRSI
EAWO,"Monthly commodity inquiry:value NSA clothing & footwear Index",NSA,0,CURR,2010,DRSI
EAWP,"Monthly commodity inquiry:value NSA household goods Index",NSA,0,CURR,2010,DRSI
EAWQ,"Monthly commodity inquiry:value NSA other non-food Index",NSA,0,CURR,2010,DRSI
GDIU,"RSI:Year to date index:Predominantly food stores:All Business",NSA,0,CURR,2010,DRSI
GDIV,"RSI:Year to date % change:Predominantly food stores:All Business",NSA,0,CURR,2010,DRSI
GDIW,"RSI:Year to date index:Predominantly food stores:Small Business",NSA,0,CURR,2010,DRSI
GDIX,"RSI:Year to date % change:Predominantly food stores:Small Business",NSA,0,CURR,2010,DRSI
GDIY,"RSI:Year to date index:Predominantly food stores:Large Business",NSA,0,CURR,2010,DRSI
GDIZ,"RSI:Year to date % change:Predominantly food stores:Large Business",NSA,0,CURR,2010,DRSI
GDJA,"RSI:Year to date index:non-Specialised food stores:All Business",NSA,0,CURR,2010,DRSI
GDJB,"RSI:Year to date % change:non-Specialised food stores:All Business",NSA,0,CURR,2010,DRSI
GDJC,"RSI:Year to date index:non-Specialised food stores:Small Business",NSA,0,CURR,2010,DRSI
GDJD,"RSI:Year to date % change:non-Specialised food stores:Small Business",NSA,0,CURR,2010,DRSI
GDJE,"RSI:Year to date index:non-specialised food stores:Large Business",NSA,0,CURR,2010,DRSI
GDJF,"RSI:Year to date % change:Non-specialised stores:Large Business",NSA,0,CURR,2010,DRSI
GDLC,"RSI:Year to date index:Predominantly non-food stores:All Business",NSA,0,CURR,2010,DRSI
GDLD,"RSI:Year to date % change:Predominantly non-food stores:All Business",NSA,0,CURR,2010,DRSI
GDLE,"RSI:Year to date index:Predominantly non-food stores:Small Business",NSA,0,CURR,2010,DRSI
GDLF,"RSI:Year to date % change:Predominantly non-food stores:Small Business",NSA,0,CURR,2010,DRSI
GDLG,"RSI:Year to date index:Predominantly non-food stores:Large Business",NSA,0,CURR,2010,DRSI
GDLH,"RSI:Year to date % change:Predominantly non-food stores:Large Business",NSA,0,CURR,2010,DRSI
GDLI,"RSI:Year to date index:non specialised stores:All Business",NSA,0,CURR,2010,DRSI
GDLJ,"RSI:Year to date % change:non specialised stores:All Business",NSA,0,CURR,2010,DRSI
GDLK,"RSI:Year to date index:non specialised stores:Small Business",NSA,0,CURR,2010,DRSI
GDLL,"RSI:Year to date % change:non specialised stores:Small Business",NSA,0,CURR,2010,DRSI
GDLM,"RSI:Year to date index:non specialised stores:Large Business",NSA,0,CURR,2010,DRSI
GDLN,"RSI:Year to date % change:Non-specialised stores:Large Business",NSA,0,CURR,2010,DRSI
GDLO,"RSI:Year to date index:textiles, clothing & footwear:All Business",NSA,0,CURR,2010,DRSI
GDLP,"RSI:Year to date % change:textiles, clothing & footwear:All Business",NSA,0,CURR,2010,DRSI
GDLQ,"RSI:Year to date index:textiles, clothing & footwear:Small Business",NSA,0,CURR,2010,DRSI
GDLR,"RSI:Year to date % change:textiles, clothing & footwear:Small Business",NSA,0,CURR,2010,DRSI
GDLS,"RSI:Year to date index:textiles, clothing & footwear:Large Business",NSA,0,CURR,2010,DRSI
GDLT,"RSI:Year to date % change:textiles, clothing & footwear:Large Business",NSA,0,CURR,2010,DRSI
GDLU,"RSI:Year to date index:textiles:All Business",NSA,0,CURR,2010,DRSI
GDLV,"RSI:Year to date % change:textiles:All Business",NSA,0,CURR,2010,DRSI
GDMA,"RSI:Year to date index:clothing:All Business",NSA,0,CURR,2010,DRSI
GDMB,"RSI:Year to date % change:clothing:All Business",NSA,0,CURR,2010,DRSI
GDMC,"RSI:Year to date index:clothing:Small Business",NSA,0,CURR,2010,DRSI
GDMD,"RSI:Year to date % change:clothing:Small Business",NSA,0,CURR,2010,DRSI
GDME,"RSI:Year to date index:clothing:Large Business",NSA,0,CURR,2010,DRSI
GDMF,"RSI:Year to date % change:clothing:Large Business",NSA,0,CURR,2010,DRSI
GDMG,"RSI:Year to date index:footwear & leather goods:All Business",NSA,0,CURR,2010,DRSI
GDMH,"RSI:Year to date % change:footwear & leather goods:All Business",NSA,0,CURR,2010,DRSI
GDMM,"RSI:Year to date index:household goods:All Business",NSA,0,CURR,2010,DRSI
GDMN,"RSI:Year to date % change:household goods:All Business",NSA,0,CURR,2010,DRSI
GDMO,"RSI:Year to date index:household goods:Small Business",NSA,0,CURR,2010,DRSI
GDMP,"RSI:Year to date % change:household goods:Small Business",NSA,0,CURR,2010,DRSI
GDMQ,"RSI:Year to date index:household goods:Large Business",NSA,0,CURR,2010,DRSI
GDMR,"RSI:Year to date % change:household goods:Large Business",NSA,0,CURR,2010,DRSI
GDMS,"RSI:Year to date index:furniture, lighting etc:All Business",NSA,0,CURR,2010,DRSI
GDMT,"RSI:Year to date % change:furniture, lighting etc:All Business",NSA,0,CURR,2010,DRSI
GDNE,"RSI:Year to date index:hardware, paints & glass:All Business",NSA,0,CURR,2010,DRSI
GDNF,"RSI:Year to date % change:hardware, paints & glass:All Business",NSA,0,CURR,2010,DRSI
GDNK,"RSI:Year to date index:Other non-food stores:All Business",NSA,0,CURR,2010,DRSI
GDNL,"RSI:Year to date % change:Other non-food stores:All Business",NSA,0,CURR,2010,DRSI
GDNM,"RSI:Year to date index:Other non-food stores:Small Business",NSA,0,CURR,2010,DRSI
GDNN,"RSI:Year to date % change:Other non-food stores:Small Business",NSA,0,CURR,2010,DRSI
GDNO,"RSI:Year to date index:Other non-food stores:Large Business",NSA,0,CURR,2010,DRSI
GDNP,"RSI:Year to date % change:Other non-food stores:Large Business",NSA,0,CURR,2010,DRSI
GDNQ,"RSI:Year to date index:pharm, medical & cosmetics:All Business",NSA,0,CURR,2010,DRSI
GDNR,"RSI:Year to date % change:pharm, medical & cosmetics:All Business",NSA,0,CURR,2010,DRSI
GDOC,"RSI:Year to date index:floor coverings:All Business",NSA,0,CURR,2010,DRSI
GDOD,"RSI:Year to date % change:floor coverings:All Business",NSA,0,CURR,2010,DRSI
GFXI,"RSI:Year to date index:mail order:All Business",NSA,0,CURR,2010,DRSI
GFXJ,"RSI:Year to date % change:mail order:All Business",NSA,0,CURR,2010,DRSI
GFXO,"RSI:Year to date index:non-store excl mail order:All Business",NSA,0,CURR,2010,DRSI
GFXP,"RSI:Year to date % change:non-store excl mail order:All Business",NSA,0,CURR,2010,DRSI
HN5T,"MCI:value NSA:food, drink & tobacco:rolling 3month on same year ago % change",NSA,0,CURR,2010,DRSI
HN5U,"MCI:value NSA:clothing & footwear:rolling 3month on same year ago % change",NSA,0,CURR,2010,DRSI
HN5V,"MCI:value NSA:household goods:rolling 3month on same year ago % change",NSA,0,CURR,2010,DRSI
HN5W,"MCI:value NSA:other non-food:rolling 3month on same year ago % change",NSA,0,CURR,2010,DRSI
HN5X,"MCI:value NSA:food, drink & tobacco: month on same month a year ago %change",NSA,0,CURR,2010,DRSI
HN5Y,"MCI:value NSA:clothing & footwear: month on same month a year ago %change",NSA,0,CURR,2010,DRSI
HN5Z,"MCI:value NSA:household goods: month on same month a year ago %change",NSA,0,CURR,2010,DRSI
HN62,"MCI:value NSA:other non-food: month on same month a year ago %change",NSA,0,CURR,2010,DRSI
IDIE,"RSI:Non-Specialised stores:All Business:VAL SA:percentage on year earlier",SA,0,CURR,0,DRSI
IDIF,"RSI:Pred Food stores:All Business:VAL SA:percentage on year earlier",SA,0,CURR,0,DRSI
IDIG,"RSI:Pred non-food stores:All Business:VAL SA:percentage on year earlier",SA,0,CURR,0,DRSI
IDIH,"RSI:Other non-food stores:All Business:VAL SA:percentage on year earlier",SA,0,CURR,0,DRSI
IDIK,"RSI:Textile,clothing&footwear:All Bus:VAL SA:percentage on year earlier",SA,0,CURR,0,DRSI
IDIL,"RSI:Household goods stores:All Business:VAL SA:percentage on year earlier",SA,0,CURR,0,DRSI
IDOA,"RSI:Non-specialised:All Business:VOL SA percentage on year earlier",SA,2010,CONS,0,DRSI
IDOB,"RSI:Pred food stores:All Business:VOL SA percentage on year earlier",SA,2010,CONS,0,DRSI
IDOC,"RSI:Pred non-food:All Business:VOL SA percentage on year earlier",SA,2010,CONS,0,DRSI
IDOD,"RSI:Other non-food stores:All Business:VOL SA: percentage on year earlier",SA,2010,CONS,0,DRSI
IDOG,"RSI:Textile,clothing&footwear:All Bus:VOL SA percentage on year earlier",SA,2010,CONS,0,DRSI
IDOH,"RSI:Household good stores:All Business:VOL SA percentage on year earlier",SA,2010,CONS,0,DRSI
IDXJ,"RSI:Non-specialised:All Business:VAL NSA:Rolling 3m on same 3m a year ago %",NSA,0,CURR,0,DRSI
IDXN,"RSI:Pred food stores:All Business:VAL NSA:Rolling 3m on same 3m a year ago %",NSA,0,CURR,0,DRSI
IDZU,"RSI:Pred non-food stores:All Business:VAL NSA:Rolling 3m on same 3m a year ago %",NSA,0,CURR,0,DRSI
IDZY,"RSI:Other non-food:All Business:VAL NSA:Rolling 3m on same 3m a year ago %",NSA,0,CURR,0,DRSI
IEAK,"RSI:Textile,clothing&footwear:All Bus:VAL NSA:Rolling 3m on same 3m a year ago %",NSA,0,CURR,0,DRSI
IEAO,"RSI:Household goods:All Business:VAL NSA:Rolling 3m on same 3m a year ago %",NSA,0,CURR,0,DRSI
IEAP,"RSI:Non-Specialised stores:All Business:VAL SA:Month on prev month % change",SA,0,CURR,0,DRSI
IEAQ,"RSI:Non-specialised stores:All Business:VAL SA:Rolling 3m on prev 3m %change",SA,0,CURR,0,DRSI
IEAR,"RSI:Non-specialised:All Business:VAL SA:Rolling 3m on same 3m a year ago %",SA,0,CURR,0,DRSI
IEAS,"RSI:Pred Food stores:All Business:VAL SA:Month on prev month % change",SA,0,CURR,0,DRSI
IEAT,"RSI:Pred food stores:All Business:VAL SA:Rolling 3m on prev 3m %change",SA,0,CURR,0,DRSI
IEAU,"RSI:Pred food stores:All Business:VAL SA:Rolling 3m on same 3m a year ago %",SA,0,CURR,0,DRSI
IEAV,"RSI:Pred non-food stores:All Business:VAL SA:Month on prev month % change",SA,0,CURR,0,DRSI
IEAW,"RSI:Pred non-food stores:All Business:VAL SA:Rolling 3m on prev 3m %change",SA,0,CURR,0,DRSI
IEAX,"RSI:Pred non-food stores:All Business:VAL SA:Rolling 3m on same 3m a year ago %",SA,0,CURR,0,DRSI
IEAY,"RSI:Other non-food stores:All Business:VAL SA:Month on prev month % change",SA,0,CURR,0,DRSI
IEAZ,"RSI:Other non-food stores:All Business:VAL SA:Rolling 3m on prev 3m %change",SA,0,CURR,0,DRSI
IEBA,"RSI:Other non-food stores:All Business:VAL SA:Rolling 3m on same 3m a year ago %",SA,0,CURR,0,DRSI
IEBH,"RSI:Textile,clothing&footwear:All Bus:VAL SA:Month on prev month % change",SA,0,CURR,0,DRSI
IEBI,"RSI:Textile,clothing&footwear:All Business:VAL SA:Rolling 3m on prev 3m %change",SA,0,CURR,0,DRSI
IEBJ,"RSI:Textile,clothing&footwear:All Bus:VAL SA:Rolling 3m on same 3m a year ago %",SA,0,CURR,0,DRSI
IEBK,"RSI:Household goods stores:All Business:VAL SA:Month on prev month % change",SA,0,CURR,0,DRSI
IEBL,"RSI:Household goods stores:All Business:VAL SA:Rolling 3m on prev 3m %change",SA,0,CURR,0,DRSI
IEBM,"RSI:Household good stores:All Business:VAL SA:Rolling 3m on same 3m a year ago %",SA,0,CURR,0,DRSI
IEBQ,"RSI:Non-specialised stores:All Bus:VOL NSA:Rolling 3m on same 3m a year ago %",NSA,2010,CONS,0,DRSI
IEDX,"RSI:Pred food stores:All Business:VOL NSA:Rolling 3m on same 3m a year ago %",NSA,2010,CONS,0,DRSI
IEEB,"RSI:Pred non-food stores:All Business:VOL NSA:Rolling 3m on same 3m a year ago %",NSA,2010,CONS,0,DRSI
IEEF,"RSI:Other non-food:All Business:VOL NSA:Rolling 3m on same 3m a year ago %",NSA,2010,CONS,0,DRSI
IEER,"RSI:Textile,clothing&footwear:All Bus:VOL NSA:Rolling 3m on same 3m a year ago %",NSA,2010,CONS,0,DRSI
IEEV,"RSI:Household goods:All Business:VOL NSA:Rolling 3m on same 3m a year ago %",NSA,2010,CONS,0,DRSI
IEEW,"RSI:Non-specialised:All Business:VOL SA:Month on prev month % change",SA,2010,CONS,0,DRSI
IEEX,"RSI:Non-specialised stores:All Business:VOL SA:Rolling 3m on prev 3m % change",SA,2010,CONS,0,DRSI
IEEY,"RSI:Non-specialised:All Business:VOL SA:Rolling 3m on same 3m a year ago %",SA,2010,CONS,0,DRSI
IEEZ,"RSI:Pred food stores:All Business:VOL SA:Month on prev month % change",SA,2010,CONS,0,DRSI
IEFA,"RSI:Pred food stores:All Business:VOL SA:Rolling 3m on prev 3m % change",SA,2010,CONS,0,DRSI
IEFB,"RSI:Pred food stores:All Business:VOL SA:Rolling 3m on same 3m a year ago %",SA,2010,CONS,0,DRSI
IEFC,"RSI:Pred non-food:All Business:VOL SA:Month on prev month % change",SA,2010,CONS,0,DRSI
IEFD,"RSI:Pred non-food:All Business:VOL SA:Rolling 3m on prev 3m % change",SA,2010,CONS,0,DRSI
IEFE,"RSI:Pred non-food:All Business:VOL SA:Rolling 3m on same 3m a year ago %",SA,2010,CONS,0,DRSI
IEFF,"RSI:Other non-food stores:All Business:VOL SA:Month on prev month % change",SA,2010,CONS,0,DRSI
IEFG,"RSI:Other non-food stores:All Business:VOL SA:Rolling 3m on prev 3m % change",SA,2010,CONS,0,DRSI
IEFH,"RS:Other non-food stores:All Business:VOL SA:Rolling 3m on same 3m a year ago %",SA,2010,CONS,0,DRSI
IEFO,"RSI:Textile,clothing&footwear:All Bus:VOL SA:Month on prev month % change",SA,2010,CONS,0,DRSI
IEFP,"RS:Textile,clothing & footwear:All Business:VOL SA:Rolling 3m on prev 3m %change",SA,2010,CONS,0,DRSI
IEFQ,"RSI:Textile,clothing&footwear:All Bus:VOL SA:Rolling 3m on same 3m a year ago %",SA,2010,CONS,0,DRSI
IEFR,"RSI:Household good stores:All Business:VOL SA:Month on prev month % change",SA,2010,CONS,0,DRSI
IEFS,"RSI:Household goods stores:All Business:VOL SA:Rolling 3m on prev 3m % change",SA,2010,CONS,0,DRSI
IEFT,"RSI:Household good stores:All Business:VOL SA:Rolling 3m on same 3m a year ago %",SA,2010,CONS,0,DRSI
IYP9,"RSI:Automotive fuel:All Business:VAL NSA:% change on same month a year ago",NSA,0,CURR,0,DRSI
IZ5T,"RSI:Year to date index:Automotive fuel:All Business",NSA,0,CURR,0,DRSI
IZJ7,"RSI:Retail of electrical household appliances (val nsa):All Business %",NSA,0,CURR,0,DRSI
J24D,"RSI:Year to date index:Electrical household appliance stores:All Business",NSA,0,CURR,0,DRSI
J3L2,"RSI:All retail ex fuelAll Business:VAL NSA:% change on same month a year ago",NSA,0,CURR,0,DRSI
J3L3,"RSI:All retail ex fuel:Large Business:VAL NSA:% change on same month a year ago",NSA,0,CURR,0,DRSI
J3L4,"RSI:All retail ex fuel:Small Business:VAL NSA:% change on same month a year ago",NSA,0,CURR,0,DRSI
J3LI,"RSI:Year to date index:All retail ex fuel:All Business",NSA,0,CURR,0,DRSI
J3LJ,"RSI:Year to date index:All retail ex fuel:Large Business",NSA,0,CURR,0,DRSI
J3LK,"RSI:Year to date index:All retail ex fuel:Small Business",NSA,0,CURR,0,DRSI
J3MK,"RSI:All retail ex fuel:All Business:VAL SA:% change on same month a year ago",SA,0,CURR,0,DRSI
J3TJ,"RSI: Implied deflator:47.3:Automotive fuel - month on previous month%",NSA,2010,IMPL,0,DRSI
J3TU,"RSI:Implied deflator:AGG21X:All retail ex fuel - month on previous month%",NSA,2010,IMPL,0,DRSI
J3TV,"RSI:Automotive fuel:All Business:VOL NSA:% change on same month a year ago",NSA,2010,CONS,0,DRSI
J3U3,"RSI:Retail of electrical household appliances (vol nsa):All Business %",NSA,2010,CONS,0,DRSI
J3UU,"RSI:All retail ex fuel:All Business:VOL NSA:% change on same month a year ago",NSA,2010,CONS,0,DRSI
J3UV,"RSI:All retail ex fuel:Large Business:VOL NSA:% change on same month a year ago",NSA,2010,CONS,0,DRSI
J3UW,"RSI:All retail ex fuel:Small Business:VOL NSA:% change on same month a year ago",NSA,2010,CONS,0,DRSI
J3UX,"RSI:Implied deflator:47.3:Automotive fuel - year on year%",NSA,2010,IMPL,0,DRSI
J3VA,"RSI: Implied deflator:AGG21X:All retail ex fuel - year on year%",NSA,2010,IMPL,0,DRSI
J43H,"RSI:Value Not seasonally Adjusted:Automotive fuel:All Business Index",NSA,0,CURR,2010,DRSI
J43J,"RSI:Retail of electrical household appliances (val nsa):All Business Index",NSA,0,CURR,2010,DRSI
J43S,"RSI:Value Not seasonally Adjusted:All Retailers ex fuel:All Business Index",NSA,0,CURR,2010,DRSI
J43T,"RSI:Value Not seasonally Adjusted:All Retailers ex fuel:Large Business Index",NSA,0,CURR,2010,DRSI
J43U,"RSI:Value Not seasonally Adjusted:All Retailers ex fuel:Small Business Index",NSA,0,CURR,2010,DRSI
J43V,"RSI:Volume Not seasonally Adjusted:Automotive fuel:All Business Index",NSA,2010,CONS,2010,DRSI
J43X,"RSI:Retail of electrical household appliances (vol nsa):All Business Index",NSA,2010,CONS,2010,DRSI
J448,"RSI:Volume Not seasonally Adjusted:All Retailers ex fuel:All Business Index",NSA,2010,CONS,2010,DRSI
J449,"RSI:Volume Not seasonally Adjusted:All Retailers ex fuel:Large Business Index",NSA,2010,CONS,2010,DRSI
J44A,"RSI:Volume Not seasonally Adjusted:All Retailers ex fuel:Small Business Index",NSA,2010,CONS,2010,DRSI
J44B,"RSI:Year to date % change:Automotive fuel:All Business",NSA,0,CURR,2010,DRSI
J44H,"RSI:Year to date % change:Electrical household appliance stores:All Business",NSA,0,CURR,2010,DRSI
J45A,"RSI:Year to date % change:All retail ex fuel:All Business",NSA,0,CURR,2010,DRSI
J45B,"RSI:Year to date % change:All retail ex fuel:Large Business",NSA,0,CURR,2010,DRSI
J45C,"RSI:Year to date % change:All retail ex fuel:Small Business",NSA,0,CURR,2010,DRSI
J45J,"RSI:All retail ex fuel:All Business:VAL NSA:Rolling 3m on same 3m a year ago %",NSA,0,CURR,0,DRSI
J45K,"RSI:Rolling 3mnth on prev 3mnth %change:All Business All retail inc fuel VAL SA",SA,0,CURR,0,DRSI
J45L,"RSI:All retail ex fuel:All Business:VAL SA:Rolling 3m on same 3m a year ago %",SA,0,CURR,0,DRSI
J45Q,"RSI:All retail ex fuel:All Business:VOL NSA:Rolling 3m on same 3m a year ago %",NSA,2010,CONS,0,DRSI
J45R,"RSI:Rolling 3mnth on prev 3mnth %change:All Business All retail exl fuel VOL SA",SA,2010,CONS,0,DRSI
J45S,"RSI:All retail ex fuel:All Business:VOL SA:Rolling 3m on same 3m a year ago %",SA,2010,CONS,0,DRSI
J45U,"RSI:All retail ex fuel:All Business:VOL SA:% change on same month a year ago",SA,2010,CONS,0,DRSI
J45W,"RSI:Month on prev month % change:All Business All retail ex fuel VOL SA",SA,2010,CONS,0,DRSI
J45X,"RSI:Month on prev month % change:All Business All retail ex fuel VAL SA",SA,0,CURR,0,DRSI
J467,"RSI:Volume Seasonally Adjusted:All Retailers ex fuel:All Business Index",SA,2010,CONS,2010,DRSI
J468,"RSI:Value Seasonally Adjusted:All Retailers ex fuel:All Business Index",SA,0,CURR,0,DRSI
J4DH,"RSI:Retail of audio visual recordings and equipment (val nsa):All Business %",NSA,0,CURR,0,DRSI
J4DS,"RSI:Retail of computers and telecomms equipment (val nsa):All Business %",NSA,0,CURR,0,DRSI
J4ER,"RSI:Retail of books, newspapers and stationery (val nsa):All Business %",NSA,0,CURR,0,DRSI
J4GP,"RSI:Retail of audio visual recordings and equipment (vol nsa):All Business %",NSA,2010,CONS,0,DRSI
J4GX,"RSI:Retail of computers and telecomms equipment (vol nsa):All Business %",NSA,2010,CONS,0,DRSI
J4HN,"RSI:Retail of books, newspapers and stationery (vol nsa):All Business %",NSA,2010,CONS,0,DRSI
J4MC,"Internet sales as a percentage of total retail sales (ratio) (%)",NSA,0,CURR,0,DRSI
J58L,"RSI:Non-store retail:All Business:VAL NSA:% change on same month a year ago",NSA,0,CURR,0,DRSI
J58M,"RSI:Non-store retail:Large Business:VAL NSA:% change on same month a year ago",NSA,0,CURR,0,DRSI
J58N,"RSI:Non-store retail:Small Business:VAL NSA:% change on same month a year ago",NSA,0,CURR,0,DRSI
J58U,"RSI:Non-store retailing:All Business:VAL NSA:Rolling 3m on same 3m a year ago %",NSA,0,CURR,0,DRSI
J596,"RSI:Value Not seasonally Adjusted:Non-store Retailing:All Business Index",NSA,0,CURR,0,DRSI
J597,"RSI:Value Not seasonally Adjusted:Non-store Retailing:Large Business Index",NSA,0,CURR,0,DRSI
J598,"RSI:Value Not seasonally Adjusted:Non-store retailing:Small Business Index",NSA,0,CURR,0,DRSI
J599,"RSI:Year to date % change:Non-store retailingl:All Business",NSA,0,CURR,0,DRSI
J59A,"RSI:Year to date % change:Non-store retailing:Large Business",NSA,0,CURR,0,DRSI
J59B,"RSI:Year to date % change:Non-store retailing:Small Business",NSA,0,CURR,0,DRSI
J59C,"RSI:Year to date index:Non-store retailing:All Business",NSA,0,CURR,0,DRSI
J59D,"RSI:Year to date index:Non-store retailing:Large Business",NSA,0,CURR,0,DRSI
J59E,"RSI:Year to date index:Non-store retailing:Small Business",NSA,0,CURR,0,DRSI
J59V,"RSI:All retail inc fuel:All Business:VAL NSA:% change on same month a year ago",NSA,0,CURR,0,DRSI
J59W,"RSI:All retail inc fuel:Large Business:VAL NSA:% change on same month a year ago",NSA,0,CURR,0,DRSI
J59X,"RSI:All retail inc fuel:Small Business:VAL NSA:% change on same month a year ago",NSA,0,CURR,0,DRSI
J5A8,"RSI:All retail inc fuel:All Business:VAL NSA:Rolling 3m on same 3m a year ago %",NSA,0,CURR,0,DRSI
J5AH,"RSI:Value Not seasonally Adjusted:All Retailers inc fuel:All Business Index",NSA,0,CURR,0,DRSI
J5AI,"RSI:Value Not seasonally Adjusted:All Retailers inc fuel:Large Business Index",NSA,0,CURR,0,DRSI
J5AJ,"RSI:Value Not seasonally Adjusted:All Retailers inc fuel:Small Business Index",NSA,0,CURR,0,DRSI
J5AK,"RSI:Year to date % change:All retail inc fuel:All Business",NSA,0,CURR,0,DRSI
J5AL,"RSI:Year to date % change:All retail inc fuel:Large Business",NSA,0,CURR,0,DRSI
J5AM,"RSI:Year to date % change:All retail inc fuel:Small Business",NSA,0,CURR,0,DRSI
J5AN,"RSI:Year to date index:All retail inc fuel:All Business",NSA,0,CURR,0,DRSI
J5AO,"RSI:Year to date index:All retail inc fuel:Large Business",NSA,0,CURR,0,DRSI
J5AP,"RSI:Year to date index:All retail inc fuel:Small Business",NSA,0,CURR,0,DRSI
J5B2,"RSI:Non-store retail:All Business:VAL SA:% change on same month a year ago",SA,0,CURR,0,DRSI
J5B3,"RSI:Month on prev month % change:All Business Non-store retail VAL SA",SA,0,CURR,0,DRSI
J5B9,"RSI:Rolling 3mnth on prev 3mnth %change:All Business Non-store retail VAL SA",SA,0,CURR,0,DRSI
J5BA,"RSI:Non-store retailing:All Business:VAL SA:Rolling 3m on same 3m a year ago %",SA,0,CURR,0,DRSI
J5BI,"RSI:Value Seasonally Adjusted:Non-store Retailing:All Business Index",SA,0,CURR,0,DRSI
J5BS,"RSI:All retail inc fuel:All Business:VAL SA:% change on same month a year ago",SA,0,CURR,0,DRSI
J5BT,"RSI:Month on prev month % change:All Business All retail inc fuel VAL SA",SA,0,CURR,0,DRSI
J5BX,"RSI:Rolling 3mnth on prev 3mnth %change:All Business All retail exl fuel VAL SA",SA,0,CURR,0,DRSI
J5BY,"RSI:All retail inc fuel:All Business:VAL SA:Rolling 3m on same 3m a year ago %",SA,0,CURR,0,DRSI
J5C4,"RSI:Value Seasonally Adjusted:All Retailers inc fuel:All Business Index",SA,0,CURR,0,DRSI
J5C5,"RSI:Non-store retail:All Business:VOL NSA:% change on same month a year ago",NSA,2010,CONS,0,DRSI
J5C6,"RSI:Non-store retail:Large Business:VOL NSA:% change on same month a year ago",NSA,2010,CONS,0,DRSI
J5C7,"RSI:Non-store retail:Small Business:VOL NSA:% change on same month a year ago",NSA,2010,CONS,0,DRSI
J5CE,"RSI:Non-store retailing:All Business:VOL NSA:Rolling 3m on same 3m a year ago %",NSA,2010,CONS,0,DRSI
J5CL,"RSI:Volume Not seasonally Adjusted:Non-store Retailing:All Business Index",NSA,2010,CONS,0,DRSI
J5CM,"RSI:Volume Not seasonally Adjusted:Non-store Retailing:Large Business Index",NSA,2010,CONS,0,DRSI
J5CN,"RSI:Volume Not seasonally Adjusted:Non-store Retailing:Small Business Index",NSA,2010,CONS,0,DRSI
J5CV,"RSI:All retail inc fuel:All Business:VOL NSA:% change on same month a year ago",NSA,2010,CONS,0,DRSI
J5CW,"RSI:All retail inc fuel:Large Business:VOL NSA:% change on same month a year ago",NSA,2010,CONS,0,DRSI
J5CX,"RSI:All retail inc fuel:Small Business:VOL NSA:% change on same month a year ago",NSA,2010,CONS,0,DRSI
J5D6,"RSI:All retail inc fuel:All Business:VOL NSA:Rolling 3m on same 3m a year ago %",NSA,2010,CONS,0,DRSI
J5DD,"RSI:Volume Not seasonally Adjusted:All Retailers inc fuel:All Business Index",NSA,2010,CONS,0,DRSI
J5DE,"RSI:Volume Not seasonally Adjusted:All Retailers inc fuel:Large Business Index",NSA,2010,CONS,0,DRSI
J5DF,"RSI:Volume Not seasonally Adjusted:All Retailers inc fuel:Small Business Index",NSA,2010,CONS,0,DRSI
J5DK,"RSI:Non-store retail:All Business:VOL NSA:% change on same month a year ago",SA,2010,CONS,0,DRSI
J5DL,"RSI:Month on prev month % change:All Business Non-store retail VOL SA",SA,2010,CONS,0,DRSI
J5DR,"RSI:Rolling 3mnth on prev 3mnth %change:All Business Non-store retail VOL SA",SA,2010,CONS,0,DRSI
J5DS,"RSI:Non-store retailing:All Business:VOL SA:Rolling 3m on same 3m a year ago %",SA,2010,CONS,0,DRSI
J5DZ,"RSI:Volume Seasonally Adjusted:Non-store Retailing:All Business Index",SA,2010,CONS,0,DRSI
J5EB,"RSI:All retail inc fuel:All Business:VOL SA:% change on same month a year ago",SA,2010,CONS,0,DRSI
J5EC,"RSI:Month on prev month % change:All Business All retail inc fuel VOL SA",SA,2010,CONS,0,DRSI
J5EG,"RSI:Rolling 3mnth on prev 3mnth %change:All Business All retail inc fuel VOL SA",SA,2010,CONS,0,DRSI
J5EH,"RSI:All retail inc fuel:All Business:VOL SA:Rolling 3m on same 3m a year ago %",SA,2010,CONS,0,DRSI
J5EK,"RSI:Volume Seasonally Adjusted:All Retailers inc fuel:All Business Index",SA,2010,CONS,0,DRSI
J5HT,"RSI:Implied deflator:AGG14:Non-store retailing - month on previous month%",NSA,2010,IMPL,0,DRSI
J5HU,"RSI:Implied deflator:AGG14:Non-store retailing - year on year%",NSA,2010,IMPL,0,DRSI
J5HV,"RSI:Implied deflator:AGG21:All retail inc fuel - month on previous month%",NSA,2010,IMPL,0,DRSI
J5HW,"RSI:Implied deflator:AGG21:All retail inc fuel - year on year%",NSA,2010,IMPL,0,DRSI
JE2J,"Internet retail sales, £ millions. All retailing",NSA,0,CURR,0,DRSI
JE4W,"Average weekly value for all retailing (£ million)",NSA,0,CURR,0,DRSI
JJ8J,"RSI:Retail of computer and telecomms equipment (val nsa):All Business Index",NSA,0,CURR,0,DRSI
JJ8K,"RSI:Retail of computer and telecomms equipment (vol nsa):All Business Index",NSA,2010,CONS,0,DRSI
JJ8L,"RSI:Year to date % change:Computers and telecomms equipment:All Business",NSA,0,CURR,0,DRSI
JJ8O,"RSI:Year to date index:Computers and telecomms equipment:All Business",NSA,0,CURR,0,DRSI
JKO6,"RSI:Retail of books newspapers and stationery (val nsa):All Business Index",NSA,0,CURR,0,DRSI
JKO7,"RSI:Retail of books newspapers and stationery (vol nsa):All Business Index",NSA,2010,CONS,0,DRSI
JKO8,"RSI:Year to date % change:Books newspapers and stationery:All Business",NSA,0,CURR,0,DRSI
JKP3,"RSI:Year to date index:Books newspapers and stationery:All Business",NSA,0,CURR,0,DRSI
JO2F,"RSI:Non-Special Food stores (val sa):All Business Index",SA,0,CURR,2010,DRSI
JO2G,"RSI:Value Seasonally Adjusted:Automotive fuel:All Business Index",SA,0,CURR,2010,DRSI
JO2I,"RSI:Retail sale of textiles (val sa):All Business Index",SA,0,CURR,2010,DRSI
JO2J,"RSI:Retail hardware, paints & glass (val sa):All Business Index",SA,0,CURR,2010,DRSI
JO2K,"RSI:Retail sale of Floorcoverings (val sa):All Business Index",SA,0,CURR,2010,DRSI
JO2L,"RSI:Retail of electrical household appliances (val sa):All Business Index",SA,0,CURR,2010,DRSI
JO2M,"RSI:Retail Furniture & Lighting (val sa):All Business Index",SA,0,CURR,2010,DRSI
JO2O,"RSI:Retail sale of clothing (val sa):All Business Index",SA,0,CURR,2010,DRSI
JO2P,"RSI:Retail of footwear & leather goods (val sa):All Business Index",SA,0,CURR,2010,DRSI
JO2Q,"RSI:Retail dispensing chemists (val sa):All Business Index",SA,0,CURR,2010,DRSI
JO2R,"RSI:Retail of medical goods (val sa):All Business Index",SA,0,CURR,2010,DRSI
JO2S,"RSI:Retail cosmetic & toilet articles (val sa):All Business Index",SA,0,CURR,2010,DRSI
JO2T,"RSI:Retail of flowers, garden centres and pet (val sa):All Business Index",SA,0,CURR,2010,DRSI
JO2U,"RSI:Retail of watches and jewellery (val sa):All Business Index",SA,0,CURR,2010,DRSI
JO2V,"RSI:Other retail sales in specialised stores (val sa):All Business Index",SA,0,CURR,2010,DRSI
JO2W,"RSI:Retail of second hand goods in stores (val sa):All Business Index",SA,0,CURR,2010,DRSI
JO2X,"RSI:Retail sale via mail order houses (val sa):All Business Index",SA,0,CURR,2010,DRSI
JO2Y,"RSI:Non-store retail exc mail order (val sa):All Business Index",SA,0,CURR,2010,DRSI
JO32,"RSI: Specialist Food Stores (val sa) All Business Index",SA,0,CURR,2010,DRSI
JO33,"RSI: Alcoholic Drinks, Beverages & Tobacco (val sa) All Business Index",SA,0,CURR,2010,DRSI
JO36,"RSI:Retail of audio visual recording and equipment (val sa):All Business Index",SA,0,CURR,2010,DRSI
JO37,"RSI:Retail of computer and telecomms equipment (val sa):All Business Index",SA,0,CURR,2010,DRSI
JO38,"RSI:Retail of sports equipment games and toys (val sa):All Business Index",SA,0,CURR,2010,DRSI
JO3A,"RSI:Retail of books newspapers and stationery (val sa):All Business Index",SA,0,CURR,2010,DRSI
JO3D,"RSI:Non-Special Food stores (val sa):All Business %",SA,0,CURR,0,DRSI
JO3E,"RSI:Automotive fuel:All Business:VAL SA:% change on same month a year ago",SA,0,CURR,0,DRSI
JO3G,"RSI:Retail sale of textiles (val sa):All Business %",SA,0,CURR,0,DRSI
JO3H,"RSI:Retail hardware, paints & glass (val sa):All Business %",SA,0,CURR,0,DRSI
JO3I,"RSI:Retail sale of floorcoverings (val sa):All Business %",SA,0,CURR,0,DRSI
JO3J,"RSI:Retail of electrical household appliances (val sa):All Business %",SA,0,CURR,0,DRSI
JO3K,"RSI:Retail Furniture & Lighting (val sa):All Business %",SA,0,CURR,0,DRSI
JO3M,"RSI:Retail sale of clothing (val sa):All Business %",SA,0,CURR,0,DRSI
JO3N,"RSI:Retail of footwear & leather goods (val sa):All Business %",SA,0,CURR,0,DRSI
JO3O,"RSI:Retail of dispensing chemists (val sa):All Business %",SA,0,CURR,0,DRSI
JO3P,"RSI:Retail of medical goods (val sa):All Business %",SA,0,CURR,0,DRSI
JO3Q,"RSI:Retail sale of cosmetic and toilet articles (val sa):All Business %",SA,0,CURR,0,DRSI
JO3R,"RSI:Retail of flowers, garden centres and pet (val sa):All Business %",SA,0,CURR,0,DRSI
JO3S,"RSI:Retail of watches and jewellery (val sa):All Business %",SA,0,CURR,0,DRSI
JO3T,"RSI:Other retail sales in specialised stores (val sa):All Business %",SA,0,CURR,0,DRSI
JO3U,"RSI:Retail of second hand goods in stores (val sa):All Business %",SA,0,CURR,0,DRSI
JO3V,"RSI:Retail sale via mail order houses (val sa):All Business %",SA,0,CURR,0,DRSI
JO3W,"RSI:Non-store retail exc mail order (val sa):All Business %",SA,0,CURR,0,DRSI
JO3Y,"RSI: Specialist Food Stores (val sa) All Business %",SA,0,CURR,0,DRSI
JO3Z,"RSI: Alcoholic Drinks, Beverages & Tobacco (val sa) All Business %",SA,0,CURR,0,DRSI
JO44,"RSI:Retail of audio visual recordings and equipment (val sa):All Business %",SA,0,CURR,0,DRSI
JO45,"RSI:Retail of computers and telecomms equipment (val sa):All Business %",SA,0,CURR,0,DRSI
JO46,"RSI:Retail of sports equipment, games and toys (val sa):All Business %",SA,0,CURR,0,DRSI
JO48,"RSI:Retail sale of books, newspapers and stationery (val sa):All Business %",SA,0,CURR,0,DRSI
JO4B,"RSI:Retail non-Specialised food stores (vol sa):All Business %",SA,2010,CONS,0,DRSI
JO4C,"RSI:Automotive fuel:All Business:VOL SA:% change on same month a year ago",SA,2010,CONS,0,DRSI
JO4E,"RSI:Retail sale of textiles (vol sa):All Business %",SA,2010,CONS,0,DRSI
JO4F,"RSI:Retail hardware, paints & glass (vol sa):All Business %",SA,2010,CONS,0,DRSI
JO4G,"RSI:Retail sale of Floorcoverings (vol sa):All Business %",SA,2010,CONS,0,DRSI
JO4H,"RSI:Retail of electrical household appliances (vol sa):All Business %",SA,2010,CONS,0,DRSI
JO4I,"RSI:Retail Furniture & Lighting (vol sa):All Business %",SA,2010,CONS,0,DRSI
JO4K,"RSI:Retail sale of clothing (vol sa):All Business %",SA,2010,CONS,0,DRSI
JO4L,"RSI:Retail of footwear & leather goods (vol sa):All Business %",SA,2010,CONS,0,DRSI
JO4M,"RSI:Retail of dispensing chemists (vol sa):All Business %",SA,2010,CONS,0,DRSI
JO4N,"RSI:Retail of medical goods (vol sa):All Business %",SA,2010,CONS,0,DRSI
JO4O,"RSI:Retail of cosmetic and toilet articles (vol sa):All Business %",SA,2010,CONS,0,DRSI
JO4P,"RSI:Retail of flowers, garden centre and pet (vol sa):All Business %",SA,2010,CONS,0,DRSI
JO4Q,"RSI:Retail of watches and jewellery (vol sa):All Business %",SA,2010,CONS,0,DRSI
JO4R,"RSI:Other retail sales in specialised stores (vol sa):All Business %",SA,2010,CONS,0,DRSI
JO4S,"RSI:Retail of second hand goods in stores (vol sa):All Business %",SA,2010,CONS,0,DRSI
JO4T,"RSI:Retail sale via mail order houses (vol sa):All Business %",SA,2010,CONS,0,DRSI
JO4U,"RSI:Non-store Retail exc mail order (vol sa):All Business %",SA,2010,CONS,0,DRSI
JO4W,"RSI: Specialist Food Stores (vol sa) All Business %",SA,2010,CONS,0,DRSI
JO4X,"RSI: Alcoholic Drinks, Beverages & Tobacco (vol sa) All Business %",SA,2010,CONS,0,DRSI
JO52,"RSI:Retail of audio visual recordings and equipment (vol sa):All Business %",SA,2010,CONS,0,DRSI
JO53,"RSI:Retail of computers and telecomms equipment (vol sa):All Business %",SA,2010,CONS,0,DRSI
JO54,"RSI:Retail of sports equipment, games and toys (vol sa):All Business %",SA,2010,CONS,0,DRSI
JO56,"RSI:Retail of books, newspapers and stationery (vol sa):All Business %",SA,2010,CONS,0,DRSI
JO59,"RSI:Retail non-specialised food stores (vol sa):All Business Index",SA,2010,CONS,2010,DRSI
JO5A,"RSI:Volume Seasonally Adjusted:Automotive fuel:All Business Index",SA,2010,CONS,2010,DRSI
JO5C,"RSI:Retail sale of textiles (vol sa):All Business Index",SA,2010,CONS,2010,DRSI
JO5D,"RSI:Retail hardware, paints & glass (vol sa):All Business Index",SA,2010,CONS,2010,DRSI
JO5E,"RSI:Retail sale of Floorcoverings (vol sa):All Business Index",SA,2010,CONS,2010,DRSI
JO5F,"RSI:Retail of electrical household appliances (vol sa):All Business Index",SA,2010,CONS,2010,DRSI
JO5G,"RSI:Retail Furniture & Lighting (vol sa):All Business Index",SA,2010,CONS,2010,DRSI
JO5I,"RSI:Retail sale of clothing (vol sa):All Business Index",SA,2010,CONS,2010,DRSI
JO5J,"RSI:Retail of footwear & leather goods (vol sa):All Business Index",SA,2010,CONS,2010,DRSI
JO5K,"RSI:Retail of dispensing chemists (vol sa):All Business Index",SA,2010,CONS,2010,DRSI
JO5L,"RSI:Retail of medical goods (vol sa):All Business Index",SA,2010,CONS,2010,DRSI
JO5M,"RSI:Retail of cosmetic and toilet articles (vol sa):All Business Index",SA,2010,CONS,2010,DRSI
JO5N,"RSI:Retail of flowers, garden centres and pet (vol sa):All Business Index",SA,2010,CONS,2010,DRSI
JO5O,"RSI:Retail of watches and jewellery (vol sa):All Business Index",SA,2010,CONS,2010,DRSI
JO5P,"RSI:Other retail sales in specialised stores (vol sa):All Business %",SA,2010,CONS,2010,DRSI
JO5Q,"RSI:Retail of second hand goods in stores (vol sa):All Business Index",SA,2010,CONS,2010,DRSI
JO5R,"RSI:Retail sale via mail order houses (vol sa):All Business Index",SA,2010,CONS,2010,DRSI
JO5S,"RSI:Non-store Retail exc mail order (vol sa):All Business Index",SA,2010,CONS,2010,DRSI
JO5U,"RSI: Specialist Food Stores (vol sa) All Business Index",SA,2010,CONS,2010,DRSI
JO5V,"RSI: Alcoholic Drinks, Beverages & Tobacco (vol sa) All Business Index",SA,2010,CONS,2010,DRSI
JO5Y,"RSI:Retail of audio visual recording and equipment (vol sa):All Business Index",SA,2010,CONS,2010,DRSI
JO5Z,"RSI:Retail of computer and telecomms equipment (vol sa):All Business Index",SA,2010,CONS,2010,DRSI
JO62,"RSI:Retail of sports equipment, games and toys (vol sa):All Business Index",SA,2010,CONS,2010,DRSI
JO64,"RSI:Retail of books newspapers and stationery (vol sa):All Business Index",SA,2010,CONS,2010,DRSI
JO69,"RSI:Month on prev month % change:All Business Automotive fuel VAL SA",SA,0,CURR,0,DRSI
JO6A,"RSI:Rolling 3 month on prev 3month % change:All Business Automotive fuel VAL SA",SA,0,CURR,0,DRSI
JO6B,"RSI:Automotive fuel:All Business:VAL SA:Rolling 3m on same 3m a year ago %",SA,0,CURR,0,DRSI
JO6C,"RSI:Month on prev month % change:All Business Automotive fuel VOL SA",SA,2010,CONS,0,DRSI
JO6D,"RSI:Rolling 3 month on prev 3month % change:All Business Automotive fuel VOL SA",SA,2010,CONS,0,DRSI
JO6E,"RSI:Automotive fuel:All Business:VOL SA:Rolling 3m on same 3m a year ago %",SA,2010,CONS,0,DRSI
JO6H,"RSI:Automotive fuel:All Business:VOL NSA:Rolling 3m on same 3m a year ago %",NSA,2010,CONS,0,DRSI
JO6K,"RSI:Automotive fuel:All Business:VAL NSA:Rolling 3m on same 3m a year ago %",NSA,0,CURR,0,DRSI
JOE9,"RSI:Retail of audio visual recording and equipment (vol nsa):All Business Index",NSA,2010,CONS,2010,DRSI
JOF2,"RSI:Retail of audio visual recording and equipment (val nsa):All Business Index",NSA,0,CURR,2010,DRSI
JOF3,"RSI:Year to date % change:Audio video recording and equipment:All Business",NSA,0,CURR,2010,DRSI
JOF6,"RSI:Year to date index:Audio video recordings and equipment:All Business",NSA,0,CURR,2010,DRSI
KP3O,"RSI:Internet:Non-Specialised stores:All Bus:VAL NSA:%change month a year ago",NSA,0,CURR,2010,DRSI
KP3P,"RSI:Internet:Pred Food stores:All Bus:VAL NSA:%change month a year ago",NSA,0,CURR,2010,DRSI
KP3Q,"RSI:Internet:Pred non-food stores:All Business:VAL NSA:%change month a year ago",NSA,0,CURR,2010,DRSI
KP3R,"RSI:Internet:Other non-food stores:All Business:VAL NSA:%change month a year ago",NSA,0,CURR,2010,DRSI
KP3S,"RSI:Internet:Non-store retail:All Business:VAL NSA:% change month a year ago",NSA,0,CURR,2010,DRSI
KP3T,"RSI:Internet:All retail ex fuelAll Business:VAL NSA:% change month a year ago",NSA,0,CURR,2010,DRSI
KP3U,"RSI:Internet:Textile,clothing&footwear:All Bus:VAL NSA:%change month a year ago",NSA,0,CURR,2010,DRSI
KP3V,"RSI:Internet:Household goods stores:All Bus:VAL NSA:%change month a year ago",NSA,0,CURR,2010,DRSI
KP5R,"RSI:Internet:Non-Specialised Non Food stores (val nsa):All Business Index",NSA,0,CURR,2010,DRSI
KP5S,"RSI:Internet:Predominantly food stores (val nsa):All Business Index",NSA,0,CURR,2010,DRSI
KP5T,"RSI:Internet:Predominantly non-food stores (val nsa):All Business Index",NSA,0,CURR,2010,DRSI
KP5U,"RSI:Internet:Other non-food stores (val nsa):All Business Index",NSA,0,CURR,2010,DRSI
KP5V,"RSI:Internet: Val NSA:Non-store Retailing:All Business Index",NSA,0,CURR,2010,DRSI
KP5W,"RSI:Internet: Val NSA:All Retailers ex fuel:All Business Index",NSA,0,CURR,2010,DRSI
KP5X,"RSI:Internet: Textiles, clothing & footwear (val nsa):All Business Index",NSA,0,CURR,2010,DRSI
KP5Y,"RSI:Internet: Household goods stores (val nsa):All Business Index",NSA,0,CURR,2010,DRSI
KP8C,"RSI:Internet:Non-Specialised stores:All Bus:VAL SA:%change month a year ago",SA,0,CURR,0,DRSI
KP8D,"RSI:Internet:Pred Food stores:All Bus:VAL SA:%change month a year ago",SA,0,CURR,0,DRSI
KP8E,"RSI:Internet:Pred non-food stores:All Business:VAL SA:%change month a year ago",SA,0,CURR,0,DRSI
KP8F,"RSI:Internet:Other non-food stores:All Business:VALNSA:%change month a year ago",SA,0,CURR,0,DRSI
KP8G,"RSI:Internet:Non-store retail:All Business:VAL SA:% change month a year ago",SA,0,CURR,0,DRSI
KP8H,"RSI:Internet:All retail ex fuelAll Business:VAL SA:% change month a year ago",SA,0,CURR,0,DRSI
KP8I,"RSI:Internet:Textile,clothing&footwear:All Bus:VAL SA:%change month a year ago",SA,0,CURR,0,DRSI
KP8J,"RSI:Internet:Household goods stores:All Bus:VAL SA:%change month a year ago",SA,0,CURR,0,DRSI
KP8K,"RSI:Internet:Month on prev month % change:All Business 47.19 CP SA",SA,0,CURR,0,DRSI
KP8L,"RSI:Internet:Month on prev month % change:All Business AGG1 CP SA",SA,0,CURR,0,DRSI
KP8M,"RSI:Internet:Month on prev month % change:All Business AGG12 CP SA",SA,0,CURR,0,DRSI
KP8N,"RSI:Internet:Month on prev month % change:All Business AGG13 CP SA",SA,0,CURR,0,DRSI
KP8O,"RSI:Internet:Month on prev month % change:All Business Non-store retail VAL SA",SA,0,CURR,0,DRSI
KP8P,"RSI:Internet:Month on prev month %change:All Business All retail ex fuel VAL SA",SA,0,CURR,0,DRSI
KP8Q,"RSI:Internet:Month on prev month % change:All Business AGG5 CP SA",SA,0,CURR,0,DRSI
KP8R,"RSI:Internet:Month on prev month % change:All Business AGG7 CP SA",SA,0,CURR,0,DRSI
KPB7,"RSI:Internet:Non-Specialised Non Food stores (val sa):All Business Index",SA,0,CURR,2010,DRSI
KPB8,"RSI:Internet:Predominantly food stores (val sa):All Business Index",SA,0,CURR,2010,DRSI
KPB9,"RSI:Internet:Predominantly non-food stores (val sa):All Business Index",SA,0,CURR,2010,DRSI
KPC2,"RSI:Internet:Other non-food stores (val sa):All Business Index",SA,0,CURR,2010,DRSI
KPC3,"RSI:Internet: Val SA:Non-store Retailing:All Business Index",SA,0,CURR,2010,DRSI
KPC4,"RSI:Internet: Val SA:All Retailers ex fuel:All Business Index",SA,0,CURR,2010,DRSI
KPC5,"RSI:Internet: Textiles, clothing & footwear (val sa):All Business Index",SA,0,CURR,2010,DRSI
KPC6,"RSI:Internet: Household goods stores (val sa):All Business Index",SA,0,CURR,2010,DRSI
KQ76,"RSI: Internet: Non-Specialised stores:All Bus:VAL NSA:proportion of retail",NSA,0,CURR,0,DRSI
KQ77,"RSI: Internet: Pred Food stores:All Bus:VAL NSA:proportion of retail",NSA,0,CURR,0,DRSI
KQ78,"RSI: Internet:Pred non-food stores:All Business:VAL NSA:proportion of retail",NSA,0,CURR,0,DRSI
KQ79,"RSI: Internet:Other non-food stores:All Business:VAL NSA:proportion of retail",NSA,0,CURR,0,DRSI
KQ7A,"RSI: Internet: Non-store retail:All Business:VAL NSA:proportion of retail",NSA,0,CURR,0,DRSI
KQ7B,"RSI: Internet: Textile,clothing&footwear:All Bus:VAL NSA:proportion of retail",NSA,0,CURR,0,DRSI
KQ7C,"RSI: Internet: Household goods stores:All Bus:VAL NSA:proportion of retail",NSA,0,CURR,0,DRSI
KQ7E,"RSI:Internet:Non-Specialised stores:All Bus:VAL NSA:Internet ave weekly sales £m",NSA,0,CURR,0,DRSI
KQ7F,"RSI:Internet:Pred Food stores:All Bus:VAL NSA:internet ave weekly sales £m",NSA,0,CURR,0,DRSI
KQ7G,"RSI:Internet:Pred non-food stores:All Bus:VAL NSA:internet ave weekly sales £m",NSA,0,CURR,0,DRSI
KQ7H,"RSI:Internet:Other non-food stores:All Bus:VAL NSA:internet ave weekly sales £m",NSA,0,CURR,0,DRSI
KQ7I,"RSI:Internet:Non-store retail:All Business:VAL NSA:internet ave weekly sales £m",NSA,0,CURR,0,DRSI
KQ7J,"RSI:Internet:Textile,clothing&footwear:All Bus:VAL NSA:internet av week sales £m",NSA,0,CURR,0,DRSI
KQ7K,"RSI:Internet:Household goods stores:All Bus:VAL NSA:internet ave weekly sales £m",NSA,0,CURR,0,DRSI
MS6Y,"RSI: Internet: All Retailing excl auto fuel: All Bus: SA: proportion of retail",SA,0,CURR,0,DRSI
MS6Z,"RSI: Internet: Non-specialised stores: All Bus: SA: proportion of retail",SA,0,CURR,0,DRSI
MS72,"RSI: Internet: Predominantly Food stores: All Bus: SA: proportion of retail",SA,0,CURR,0,DRSI
MS73,"RSI: Internet: Predominantly non-food stores: All Bus: SA: proportion of retail",SA,0,CURR,0,DRSI
MS74,"RSI: Internet: Other non-food stores: All Bus: SA: proportion of retail",SA,0,CURR,0,DRSI
MS75,"RSI: Internet: Non-store retail: All Bus: SA: proportion of retail",SA,0,CURR,0,DRSI
MS76,"RSI: Internet: Textile, clothing & footwear: All Bus: SA: proportion of retail",SA,0,CURR,0,DRSI