AJFB,"Sterling exchange rate: #1 = Canadian dollar",NSA,0,NONE,0,MRET
AJFD,"Sterling exchange rate : #1 = Swiss franc",NSA,0,NONE,0,MRET
AJFI,"Sterling exchange rate: #1 = Swedish kroner",NSA,0,NONE,0,MRET
AJFJ,"Sterling exchange rate: #1 = Norwegian kroner",NSA,0,NONE,0,MRET
AJFK,"Sterling exchange rate: #1 = Danish kroner",NSA,0,NONE,0,MRET
AJFO,"Sterling exchange rate : #1 = Japanese yen",NSA,0,NONE,0,MRET
AJFP,"Sterling exchange rate : #1=Australian Dollar",NSA,0,NONE,0,MRET
AJFU,"Hong Kong Dollar",NSA,0,CURR,0,MRET
AJFV,"New Zealand Dollar",NSA,0,CURR,0,MRET
AJFW,"South African Rand",NSA,0,CURR,0,MRET
AUEV,"BoP-consistent: Estonia: Exports: SA",SA,0,CURR,0,MRET
AUSS,"Sterling exchange rate : #1 = US dollar",NSA,0,NONE,0,MRET
BAFB,"BOP:EX:volume index:SA:Basic materials: SITC 2+4",SA,0,NONE,2011,MRET
BAFC,"BOP:EX:volume index:SA:Fuels: SITC 3",SA,0,NONE,2011,MRET
BAHA,"BOP:EX:volume index:SA:Semi-manufactures: SITC 5+6",SA,0,NONE,2011,MRET
BAHY,"BOP:EX:volume index:SA:Finished manufactures: SITC 7+8",SA,0,NONE,2011,MRET
BK67,"Monthly average, Effective exchange rate index, Sterling (Jan 2005=100)",NSA,0,CURR,0,MRET
BOGG,"BOP:EX:SA:Food: SITC 0",SA,0,CURR,0,MRET
BOGQ,"BOP:EX:volume index:SA:Semi-manufactures less erratics: SITC5+6 less PS",SA,0,NONE,2011,MRET
BOGR,"BOP:EX:volume index:SA:Finished manufactures less erratics: SITC 7+8 less SNA",SA,0,NONE,2011,MRET
BOGS,"BOP:EX:SA:Meat: SITC 01",SA,0,CURR,0,MRET
BOGT,"BOP:EX:volume index:SA:Manufactures: SITC 5+6+7+8",SA,0,NONE,2011,MRET
BOGU,"BOP:EX:volume index:SA:Total trade in goods less erratics",SA,0,NONE,2011,MRET
BOKG,"BOP:EX:SA:Total Trade in Goods £M £m",SA,0,CURR,0,MRET
BOKH,"BOP:IM:SA:Total Trade in Goods £M £m",SA,0,CURR,0,MRET
BOKI,"BOP:Balance:SA:Total Trade in Goods £M £m",SA,0,CURR,0,MRET
BOMA,"BOP:EX:volume index:SA:Total trade in goods less oil and erratics",SA,0,NONE,2011,MRET
BOPL,"BOP:EX:SA:Food, beverages and tobacco: SITC 0+1 £M",SA,0,CURR,0,MRET
BOPM,"BOP:EX:SA:Basic materials: SITC 2+4 £M",SA,0,CURR,0,MRET
BOPN,"BOP:EX:SA:Fuels: SITC 3",SA,0,CURR,0,MRET
BOPO,"BOP:EX:SA:Semi-manufactures: SITC 5+6 £M",SA,0,CURR,0,MRET
BOPP,"BOP:EX:SA:Finished manufactures: SITC 7+8 £M",SA,0,CURR,0,MRET
BOQI,"BOP:EX:SA:Fuels other than oil: SITC 32+34+35 £M",SA,0,CURR,0,MRET
BOQL,"BOP:EX:SA:Unspecified goods: SITC 9 £M",SA,0,CURR,0,MRET
BOQM,"BOP:EX:tons:SA:Crude oil: SITC 333",SA,0,NONE,0,MRET
BOQN,"BOP:EX:SA:Oil products: SITC 334+335",SA,0,CURR,0,MRET
BOQO,"BOP:EX:SA:Semi-manufactures less erratics: SITC5+6 less PS",SA,0,CURR,0,MRET
BOQP,"BOP:EX:SA:Finished manufactures less erratics: SITC 7+8 less SNA",SA,0,CURR,0,MRET
BPAI,"BOP:EX:price index:NSA:Food, beverages and tobacco: SITC 0+1",NSA,0,NONE,2011,MRET
BPAL,"BOP:EX:SA:Erratics(SNAPS): SITC 667+681.1+792+793+24.4G",SA,0,CURR,0,MRET
BPAM,"BOP:EX:SA:Manufactures less erratics: SITC 5+6+7+8 less SNAPS",SA,0,CURR,0,MRET
BPAN,"BOP:EX:SA:Manufactures: SITC 5+6+7+8",SA,0,CURR,0,MRET
BPAO,"BOP:EX:SA:Total trade in goods less erratics",SA,0,CURR,0,MRET
BPAP,"BOP:Balance:SA:Total trade in goods less oil and erratics",SA,0,CURR,0,MRET
BPAW,"BOP:EX:price index:NSA:Basic materials: SITC 2+4",NSA,0,NONE,2011,MRET
BPBI,"BOP:IM:SA:Fuels other than oil: SITC 32+34+35 £M",SA,0,CURR,0,MRET
BPBL,"BOP:EX:SA:Total trade in goods less oil and erratics",SA,0,CURR,0,MRET
BPBM,"BOP:Balance:SA:Total trade in goods less erratics",SA,0,CURR,0,MRET
BPBN,"BOP:EX:avt:SA:Crude oil: SITC 333",SA,0,CURR,0,MRET
BPDU,"BOP:EX:price index:NSA:Fuels: SITC 3",NSA,0,NONE,2011,MRET
BPEM,"BOP:EX:volume index:SA:Food, beverages and tobacco: SITC 0+1",SA,0,NONE,2011,MRET
BQAA,"BOP:EX:price index:NSA:Semi-manufactures: SITC 5+6",NSA,0,NONE,2011,MRET
BQAB,"BOP:EX:price index:NSA:Finished manufactures: SITC 7+8",NSA,0,NONE,2011,MRET
BQAE,"BOP:EX:price index:NSA:Semi-manufactures less erratics: SITC5+6 less PS",NSA,0,NONE,2011,MRET
BQAG,"BOP:EX:price index:NSA:Finished manufactures less erratics: SITC 7+8 less SNA",NSA,0,NONE,2011,MRET
BQAH,"BOP:EX:price index:NSA:Manufactures less erratics: SITC 5+6+7+8 less SNAPS",NSA,0,NONE,2011,MRET
BQAI,"BOP:EX:price index:NSA:Manufactures: SITC 5+6+7+8",NSA,0,NONE,2011,MRET
BQAJ,"BOP:EX:price index:NSA:Total trade in goods less erratics",NSA,0,NONE,2011,MRET
BQAK,"BOP:EX:price index:NSA:Total trade in goods less oil and erratics",NSA,0,NONE,2011,MRET
BQAR,"BOP:IM:SA:Food, beverages and tobacco: SITC 0+1 £M",SA,0,CURR,0,MRET
BQAS,"BOP:IM:SA:Basic materials: SITC 2+4 £M",SA,0,CURR,0,MRET
BQAT,"BOP:IM:SA:Fuels: SITC 3",SA,0,CURR,0,MRET
BQAU,"BOP:IM:SA:Semi-manufactures: SITC 5+6 £M",SA,0,CURR,0,MRET
BQAV,"BOP:IM:SA:Finished manufactures: SITC 7+8 £M",SA,0,CURR,0,MRET
BQAW,"BOP:IM:SA:Unspecified goods: SITC 9 £M",SA,0,CURR,0,MRET
BQAX,"BOP:IM:avt:SA:Crude oil: SITC 333",SA,0,CURR,0,MRET
BQAY,"BOP:IM:SA:Oil products: SITC 334+335",SA,0,CURR,0,MRET
BQAZ,"BOP:IM:SA:Semi-manufactures less erratics: SITC5+6 less PS",SA,0,CURR,0,MRET
BQBA,"BOP:IM:SA:Finished manufactures less erratics: SITC 7+8 less SNA",SA,0,CURR,0,MRET
BQBB,"BOP:IM:SA:Erratics(SNAPS): SITC 667+681.1+792+793+24.4G",SA,0,CURR,0,MRET
BQBC,"BOP:IM:SA:Manufactures less erratics: SITC 5+6+7+8 less SNAPS",SA,0,CURR,0,MRET
BQBD,"BOP:IM:SA:Manufactures: SITC 5+6+7+8",SA,0,CURR,0,MRET
BQBE,"BOP:IM:SA:Total trade in goods less erratics",SA,0,CURR,0,MRET
BQBG,"BOP:IM:SA:Total trade in goods less oil and erratics",SA,0,CURR,0,MRET
BQBH,"BOP:IM:tons:SA:Crude oil: SITC 333",SA,0,NONE,0,MRET
BQBK,"BOP:IM:volume index:SA:Food, beverages and tobacco: SITC 0+1",SA,0,NONE,2011,MRET
BQBL,"BOP:IM:volume index:SA:Basic materials: SITC 2+4",SA,0,NONE,2011,MRET
BQBM,"BOP:IM:volume index:SA:Fuels: SITC 3",SA,0,NONE,2011,MRET
BQBN,"BOP:IM:volume index:SA:Semi-manufactures: SITC 5+6",SA,0,NONE,2011,MRET
BQGL,"BoP-consistent: Estonia: Imports: SA",SA,0,CURR,0,MRET
BQGM,"BoP-consistent: Estonia: balance: SA",SA,0,CURR,0,MRET
BQGN,"BoP-consistent: Cyprus: Exports: SA",SA,0,CURR,0,MRET
BQGO,"BoP-consistent: Cyprus: Imports: SA",SA,0,CURR,0,MRET
BQGP,"BoP-consistent: Cyprus: Balance: SA",SA,0,CURR,0,MRET
BQGQ,"BoP-consistent: Latvia: Exports: SA",SA,0,CURR,0,MRET
BQGR,"BoP-consistent: Latvia: Imports: SA",SA,0,CURR,0,MRET
BQGT,"BoP-consistent: Latvia: Balance: SA",SA,0,CURR,0,MRET
BQGU,"BoP-consistent: Lithuania: Exports: SA",SA,0,CURR,0,MRET
BQGV,"BoP-consistent: Lithuania: Imports: SA",SA,0,CURR,0,MRET
BQGX,"BoP-consistent: Lithuania: Balance: SA",SA,0,CURR,0,MRET
BQGY,"BoP-consistent: Malta: Exports: SA",SA,0,CURR,0,MRET
BQGZ,"BoP-consistent: Malta: Imports: SA",SA,0,CURR,0,MRET
BQHA,"BoP-consistent: Malta: Balance: SA",SA,0,CURR,0,MRET
BQHB,"BoP-consistent: Slovakia: Exports: SA",SA,0,CURR,0,MRET
BQHC,"BoP-consistent: Slovakia: Imports: SA",SA,0,CURR,0,MRET
BQHD,"BoP-consistent: Slovakia: Balance: SA",SA,0,CURR,0,MRET
BQHE,"BoP-consistent: Slovenia: Exports: SA",SA,0,CURR,0,MRET
BQHN,"BoP-consistent: Slovenia: Imports: SA",SA,0,CURR,0,MRET
BQHO,"BoP-consistent: Slovenia: Balance: SA",SA,0,CURR,0,MRET
BQHQ,"BOP: CP: Total Imports SA less MTIC £ million",SA,0,CURR,0,MRET
BQHS,"BOP: CVM: Total Imports SA less MTIC £ million",SA,2011,CONS,0,MRET
BQKH,"BOP:Balance:SA:Total trade in goods less oil",SA,0,CURR,0,MRET
BQKI,"BOP:EX:volume index:SA:Total trade in goods less oil",SA,0,NONE,2011,MRET
BQKJ,"BOP:IM:volume index:SA:Total trade in goods less oil",SA,0,NONE,2011,MRET
BQKK,"BOP:EX:price index:NSA:Total trade in goods less oil",NSA,0,NONE,2011,MRET
BQKL,"BOP:IM:price index:NSA:Total trade in goods less oil",NSA,0,NONE,2011,MRET
BQKM,"BOP:ToT:price index:NSA:Total trade in goods less oil",NSA,0,NONE,2011,MRET
BQKR,"BOP:EX:price index:NSA:Total Trade in Goods",NSA,0,NONE,2011,MRET
BQKS,"BOP:IM:price index:NSA:Total Trade in Goods",NSA,0,NONE,2011,MRET
BQKT,"BOP:ToT:price index:NSA:Total Trade in Goods",NSA,0,NONE,2011,MRET
BQKU,"BOP:EX:volume index:SA:Total Trade in Goods",SA,0,NONE,2011,MRET
BQKV,"BOP:IM:volume index:SA:Total Trade in Goods",SA,0,NONE,2011,MRET
BQKW,"BOP:Balance:SA:Erratics(SNAPS): SITC 667+681.1+792+793",SA,0,CURR,0,MRET
BQKX,"BOP:Balance:SA:Unspecified goods: SITC 9 £M",SA,0,CURR,0,MRET
BQKY,"BOP:Balance:SA:Semi-manufactures less erratics: SITC5+6 less PS",SA,0,CURR,0,MRET
BQKZ,"BOP:Balance:SA:Finished manufactures less erratics: SITC 7+8 less SNA",SA,0,CURR,0,MRET
BQLA,"BOP:Balance:SA:Manufactures less erratics: SITC 5+6+7+8 less SNAPS",SA,0,CURR,0,MRET
BQLJ,"BOP:EX:price index:NSA:Chemicals: SITC 5",NSA,0,NONE,2011,MRET
BQLK,"BOP:EX:price index:NSA:Material manufactures less erratics: SITC 6 less PS",NSA,0,NONE,2011,MRET
BQLM,"BOP:EX:price index:NSA:Consumer goods other than cars: SITC 7+8(C)",NSA,0,NONE,2011,MRET
BQLN,"BOP:EX:price index:NSA:Intermediate goods: SITC 7+8(I)",NSA,0,NONE,2011,MRET
BQLO,"BOP:EX:price index:NSA:Capital goods: SITC 7+8(K)",NSA,0,NONE,2011,MRET
BQLY,"BOP:IM:price index:NSA:Chemicals: SITC 5",NSA,0,NONE,2011,MRET
BQLZ,"BOP:IM:price index:NSA:Material manufactures less erratics: SITC 6 less PS",NSA,0,NONE,2011,MRET
BQMB,"BOP:IM:price index:NSA:Passenger motor cars: SITC 781",NSA,0,NONE,2011,MRET
BQMC,"BOP:IM:price index:NSA:Consumer goods other than cars: SITC 7+8(C)",NSA,0,NONE,2011,MRET
BQMD,"BOP:IM:price index:NSA:Intermediate goods: SITC 7+8(I)",NSA,0,NONE,2011,MRET
BQME,"BOP:IM:price index:NSA:Capital goods: SITC 7+8(K)",NSA,0,NONE,2011,MRET
BQMS,"BOP:EX:SA:Dairy products & eggs: SITC 02",SA,0,CURR,0,MRET
BQMT,"BOP:EX:SA:Cereals and animal feeding stuffs: SITC 04+08",SA,0,CURR,0,MRET
BQMU,"BOP:EX:SA:Fruit & vegetables: SITC 05",SA,0,CURR,0,MRET
BQMZ,"BOP:EX:SA:Beverages & tobacco: SITC 1",SA,0,CURR,0,MRET
BQNB,"BOP:EX:SA:Beverages: SITC 11",SA,0,CURR,0,MRET
BQNI,"BOP:EX:SA:Crude oil: SITC 333",SA,0,CURR,0,MRET
BQNJ,"BOP:IM:SA:Crude oil: SITC 333",SA,0,CURR,0,MRET
BQNZ,"BOP:EX:volume index:SA:Manufactures less erratics: SITC 5+6+7+8 less SNAPS",SA,0,NONE,2011,MRET
BQOW,"BOP:EX:SA:Tobacco: SITC 12",SA,0,CURR,0,MRET
BQOX,"BOP:EX:SA:Crude Materials: SITC 2",SA,0,CURR,0,MRET
BQOY,"BOP:EX:SA:Wood & cork : SITC 24",SA,0,CURR,0,MRET
BQOZ,"BOP:EX:SA:Pulp & waste paper: SITC 25",SA,0,CURR,0,MRET
BQPA,"BOP:EX:SA:Textile fibres: SITC 26",SA,0,CURR,0,MRET
BQPB,"BOP:EX:SA:Metal ores: SITC 28",SA,0,CURR,0,MRET
BQPI,"BOP:EX:SA:Oils(animal & vegetable) and fats: SITC 4",SA,0,CURR,0,MRET
BQPJ,"BOP:EX:SA:Organic chemicals:SITC 51",SA,0,CURR,0,MRET
BQPK,"BOP:EX:SA:Inorganic chemicals: SITC 52",SA,0,CURR,0,MRET
BQPL,"BOP:EX:SA:Medicinal products: SITC 54",SA,0,CURR,0,MRET
BQPM,"BOP:EX:price index:NSA:Passenger motor cars: SITC 781",NSA,0,NONE,2011,MRET
BQQA,"BOP:EX:SA:Plastics: SITC 57+58",SA,0,CURR,0,MRET
BQQB,"BOP:EX:SA:Material manufactures: SITC 6",SA,0,CURR,0,MRET
BQQC,"BOP:EX:SA:Wood & cork manufactures: SITC 63",SA,0,CURR,0,MRET
BQQD,"BOP:EX:SA:Paper & paperboard: SITC 64",SA,0,CURR,0,MRET
BQQE,"BOP:EX:SA:Textile fabrics: SITC 65",SA,0,CURR,0,MRET
BQQF,"BOP:EX:SA:Iron & steel: SITC 67",SA,0,CURR,0,MRET
BQQG,"BOP:EX:SA:Non ferrous metals: SITC 68",SA,0,CURR,0,MRET
BQQH,"BOP:EX:SA:Misc metal manufactures: SITC 69",SA,0,CURR,0,MRET
BQQI,"BOP:EX:SA:Machinery & transport equipment: SITC 7",SA,0,CURR,0,MRET
BQQJ,"BOP:EX:SA:Machinery: SITC 71-77",SA,0,CURR,0,MRET
BQQK,"BOP:EX:SA:Mechanical Machinery: SITC 71-74 less 716",SA,0,CURR,0,MRET
BQQL,"BOP:EX:SA:Electrical Machinery: SITC 716+75+76+77",SA,0,CURR,0,MRET
BQQM,"BOP:EX:SA:Road vehicles: SITC 78",SA,0,CURR,0,MRET
BQQN,"BOP:EX:SA:Transport equipment other than road vehicles: SITC 79",SA,0,CURR,0,MRET
BQQO,"BOP:EX:SA:Misc. finished manufactures: SITC 8",SA,0,CURR,0,MRET
BQQP,"BOP:EX:SA:Clothing and footwear: SITC 84+85",SA,0,CURR,0,MRET
BQQQ,"BOP:EX:SA:Scientific & photographic: SITC 87+88",SA,0,CURR,0,MRET
BQQR,"BOP:IM:SA:Food: SITC 0",SA,0,CURR,0,MRET
BQQS,"BOP:IM:SA:Meat: SITC 01",SA,0,CURR,0,MRET
BQQT,"BOP:IM:SA:Dairy products & eggs: SITC 02",SA,0,CURR,0,MRET
BQQU,"BOP:IM:SA:Cereals and animal feeding stuffs: SITC 04+08",SA,0,CURR,0,MRET
BQQV,"BOP:IM:SA:Fruit & vegetables: SITC 05",SA,0,CURR,0,MRET
BQQW,"BOP:IM:SA:Beverages & tobacco: SITC 1",SA,0,CURR,0,MRET
CHMY,"BOP-consistent:Ex:Goods:SA:Austria",SA,0,CURR,0,MRET
CHMZ,"BOP-consistent:Ex:Goods:SA:Finland",SA,0,CURR,0,MRET
CHNA,"BOP-consistent:Ex:Goods:SA:Sweden",SA,0,CURR,0,MRET
CHNB,"BOP-consistent:Im:Goods:SA:Austria",SA,0,CURR,0,MRET
CHNC,"BOP-consistent:Im:Goods:SA:Finland",SA,0,CURR,0,MRET
CHND,"BOP-consistent:Im:Goods:SA:Sweden",SA,0,CURR,0,MRET
CHNE,"BOP-consistent: Balance: Goods: SA: Netherlands",SA,0,CURR,0,MRET
CHNF,"BOP-consistent: Balance: Goods: SA: Belgium/Luxembourg",SA,0,CURR,0,MRET
CHNG,"BOP-consistent: Balance: Goods: SA: Denmark",SA,0,CURR,0,MRET
CHNH,"BOP-consistent: Balance: Goods: SA: Irish Republic",SA,0,CURR,0,MRET
CHNI,"BOP-consistent: Balance: Goods: SA: Greece",SA,0,CURR,0,MRET
CHNJ,"BOP-consistent: Balance: Goods: SA: Portugal",SA,0,CURR,0,MRET
CHNM,"BOP-consistent: Balance: Goods: SA: Spain",SA,0,CURR,0,MRET
CHNO,"Bop-consistent: Ex: Goods: SA: Italy",SA,0,CURR,0,MRET
CHNP,"Bop-consistent: Ex: Goods: SA: Netherlands",SA,0,CURR,0,MRET
CHNQ,"Bop-consistent: Ex: Goods: SA: Belgium/Luxembourg",SA,0,CURR,0,MRET
CHNR,"Bop-consistent: Ex: Goods: SA: Denmark",SA,0,CURR,0,MRET
CHNS,"Bop-consistent: Ex: Goods: SA: Irish Republic",SA,0,CURR,0,MRET
CHNT,"Bop-consistent: Ex: Goods: SA: Greece",SA,0,CURR,0,MRET
CHNU,"Bop-consistent: Ex: Goods: SA: Portugal",SA,0,CURR,0,MRET
CHNV,"Bop-consistent: Ex: Goods: SA: Spain",SA,0,CURR,0,MRET
CHNW,"Bop-consistent: Im: Goods: SA: Italy",SA,0,CURR,0,MRET
CHNX,"Bop-consistent: Im: Goods: SA: Netherlands",SA,0,CURR,0,MRET
CHNY,"Bop-consistent: Im: Goods: SA: Belgium/Luxembourg",SA,0,CURR,0,MRET
CHNZ,"Bop-consistent: Im: Goods: SA: Denmark",SA,0,CURR,0,MRET
CHOA,"Bop-consistent: Im: Goods: SA: Irish Republic",SA,0,CURR,0,MRET
CHOB,"Bop-consistent: Im: Goods: SA: Greece",SA,0,CURR,0,MRET
CHOC,"Bop-consistent: Im: Goods: SA: Portugal",SA,0,CURR,0,MRET
CHOD,"Bop-consistent: Im: Goods: SA: Spain",SA,0,CURR,0,MRET
CHOE,"Bop-consistent: Balance: Goods: SA: Italy",SA,0,CURR,0,MRET
CHVG,"BOP-consistent: Balance: Goods: SA:Austria",SA,0,CURR,0,MRET
CHVH,"BOP-consistent: Balance: Goods: SA:Finland",SA,0,CURR,0,MRET
CHVI,"BOP-consistent: Balance: Goods: SA: Sweden",SA,0,CURR,0,MRET
CLAS,"EU: BOP: CP: Total Imports SA less MTIC £ million",SA,0,CURR,0,MRET
CLAT,"Non-EU: BOP: CP: Total Imports SA less MTIC £ million",SA,0,CURR,0,MRET
CPAV,"BOP:Balance:SA:Colouring materials: SITC 53",SA,0,CURR,0,MRET
CQER,"BOP:Balance:SA:Toilet preparations: SITC 55",SA,0,CURR,0,MRET
CRAB,"BOP:Balance:SA:Mineral manufactures less precious stones: SITC 66 less 667",SA,0,CURR,0,MRET
CRAH,"BOP:Balance:SA:Clothing: SITC 84",SA,0,CURR,0,MRET
CSCA,"BOP:Balance:SA:Footwear: SITC 85",SA,0,CURR,0,MRET
CSCE,"BOP:EX:SA:Colouring materials: SITC 53",SA,0,CURR,0,MRET
CSCF,"BOP:EX:SA:Toilet preparations: SITC 55",SA,0,CURR,0,MRET
CSCG,"BOP:EX:SA:Mineral manufactures less precious stones: SITC 66 less 667",SA,0,CURR,0,MRET
CSCN,"BOP:EX:SA:Clothing: SITC 84",SA,0,CURR,0,MRET
CSCP,"BOP:EX:SA:Footwear: SITC 85",SA,0,CURR,0,MRET
CSCR,"BOP:IM:SA:Colouring materials: SITC 53",SA,0,CURR,0,MRET
CSCS,"BOP:IM:SA:Toilet preparations: SITC 55",SA,0,CURR,0,MRET
CSCV,"BOP:IM:SA:Mineral manufactures less precious stones: SITC 66 less 667",SA,0,CURR,0,MRET
CSDR,"BOP:IM:SA:Clothing: SITC 84",SA,0,CURR,0,MRET
CSDS,"BOP:IM:SA:Footwear: SITC 85",SA,0,CURR,0,MRET
CSDT,"BOP:EX:volume index:SA:Colouring materials: SITC 53",SA,0,NONE,2011,MRET
CSDU,"BOP:EX:volume index:SA:Toilet preparations: SITC 55",SA,0,NONE,2011,MRET
CSDV,"BOP:EX:volume index:SA:Mineral manufactures less precious stones: SITC 66 less 6",SA,0,NONE,2011,MRET
CSDW,"BOP:EX:volume index:SA:Clothing: SITC 84",SA,0,NONE,2011,MRET
CSDX,"BOP:EX:volume index:SA:Footwear: SITC 85",SA,0,NONE,2011,MRET
CSDY,"BOP:IM:volume index:SA:Colouring materials: SITC 53",SA,0,NONE,2011,MRET
CSDZ,"BOP:IM:volume index:SA:Toilet preparations: SITC 55",SA,0,NONE,2011,MRET
CSEA,"BOP:IM:volume index:SA:Mineral manufactures less precious stones: SITC 66 less 6",SA,0,NONE,2011,MRET
CSEB,"BOP:IM:volume index:SA:Clothing: SITC 84",SA,0,NONE,2011,MRET
CSEC,"BOP:IM:volume index:SA:Footwear: SITC 85",SA,0,NONE,2011,MRET
CSED,"BOP:EX:price index:NSA:Colouring materials: SITC 53",NSA,0,NONE,2011,MRET
CSEE,"BOP:EX:price index:NSA:Toilet preparations: SITC 55",NSA,0,NONE,2011,MRET
CSEF,"BOP:EX:price index:NSA:Mineral manufactures less precious stones: SITC 66 less 6",NSA,0,NONE,2011,MRET
CSEG,"BOP:EX:price index:NSA:Clothing: SITC 84",NSA,0,NONE,2011,MRET
CSEH,"BOP:EX:price index:NSA:Footwear: SITC 85",NSA,0,NONE,2011,MRET
CSEI,"BOP:IM:price index:NSA:Colouring materials: SITC 53",NSA,0,NONE,2011,MRET
CSEJ,"BOP:IM:price index:NSA:Toilet preparations: SITC 55",NSA,0,NONE,2011,MRET
CSEK,"BOP:IM:price index:NSA:Mineral manufactures less precious stones: SITC 66 less 6",NSA,0,NONE,2011,MRET
CSEL,"BOP:IM:price index:NSA:Clothing: SITC 84",NSA,0,NONE,2011,MRET
CSEM,"BOP:IM:price index:NSA:Footwear: SITC 85",NSA,0,NONE,2011,MRET
E2XQ,"BoP-consistent: Croatia: Exports: SA",SA,0,CURR,0,MRET
E4ZN,"BoP-consistent:Croatia: Imports: SA",SA,0,CURR,0,MRET
E5GB,"BoP-consistent: Croatia: Balance: SA",SA,0,CURR,0,MRET
EGAT,"BOP:IM:SA:Beverages: SITC 11",SA,0,CURR,0,MRET
EHAA,"BOP:IM:SA:Metal ores: SITC 28",SA,0,CURR,0,MRET
EHAB,"BOP:IM:SA:Oils(animal & vegetable) and fats: SITC 4",SA,0,CURR,0,MRET
EHAC,"BOP:IM:SA:Organic chemicals:SITC 51",SA,0,CURR,0,MRET
EHAE,"BOP:IM:SA:Inorganic chemicals: SITC 52",SA,0,CURR,0,MRET
EHAF,"BOP:IM:SA:Medicinal products: SITC 54",SA,0,CURR,0,MRET
EHAG,"BOP:IM:SA:Plastics: SITC 57+58",SA,0,CURR,0,MRET
EHAH,"BOP:IM:SA:Material manufactures: SITC 6",SA,0,CURR,0,MRET
EHAI,"BOP:IM:SA:Wood & cork manufactures: SITC 63",SA,0,CURR,0,MRET
EHAJ,"BOP:IM:SA:Paper & paperboard: SITC 64",SA,0,CURR,0,MRET
EHAK,"BOP:IM:SA:Textile fabrics: SITC 65",SA,0,CURR,0,MRET
EHAL,"BOP:IM:SA:Iron & steel: SITC 67",SA,0,CURR,0,MRET
EHAM,"BOP:IM:SA:Non ferrous metals: SITC 68",SA,0,CURR,0,MRET
EHAN,"BOP:IM:SA:Misc metal manufactures: SITC 69",SA,0,CURR,0,MRET
EHAO,"BOP:IM:SA:Machinery & transport equipment: SITC 7",SA,0,CURR,0,MRET
EHAP,"BOP:IM:SA:Machinery: SITC 71-77",SA,0,CURR,0,MRET
EHAQ,"BOP:IM:SA:Mechanical Machinery: SITC 71-74 less 716",SA,0,CURR,0,MRET
EHAR,"BOP:IM:SA:Electrical Machinery: SITC 716+75+76+77",SA,0,CURR,0,MRET
EHAS,"BOP:IM:SA:Road vehicles: SITC 78",SA,0,CURR,0,MRET
EHAT,"BOP:IM:SA:Transport equipment other than road vehicles: SITC 79",SA,0,CURR,0,MRET
EHAU,"BOP:IM:SA:Misc. finished manufactures: SITC 8",SA,0,CURR,0,MRET
EHAV,"BOP:IM:SA:Clothing and footwear: SITC 84+85",SA,0,CURR,0,MRET
EHAW,"BOP:IM:SA:Scientific & photographic: SITC 87+88",SA,0,CURR,0,MRET
EHAX,"BOP:Balance:SA:Food: SITC 0",SA,0,CURR,0,MRET
EHAY,"BOP:Balance:SA:Meat: SITC 01",SA,0,CURR,0,MRET
EHAZ,"BOP:Balance:SA:Dairy products & eggs: SITC 02",SA,0,CURR,0,MRET
EHBA,"BOP:Balance:SA:Cereals and animal feeding stuffs: SITC 04+08",SA,0,CURR,0,MRET
EHBB,"BOP:Balance:SA:Fruit & vegetables: SITC 05",SA,0,CURR,0,MRET
EHBC,"BOP:Balance:SA:Beverages & tobacco: SITC 1",SA,0,CURR,0,MRET
EHBD,"BOP:Balance:SA:Beverages: SITC 11",SA,0,CURR,0,MRET
EHBE,"BOP:Balance:SA:Tobacco: SITC 12",SA,0,CURR,0,MRET
EHBF,"BOP:Balance:SA:Crude Materials: SITC 2",SA,0,CURR,0,MRET
EHBG,"BOP:Balance:SA:Wood & cork : SITC 24",SA,0,CURR,0,MRET
EHBH,"BOP:Balance:SA:Pulp & waste paper: SITC 25",SA,0,CURR,0,MRET
EHBI,"BOP:Balance:SA:Textile fibres: SITC 26",SA,0,CURR,0,MRET
EHBJ,"BOP:Balance:SA:Metal ores: SITC 28",SA,0,CURR,0,MRET
EHBK,"BOP:Balance:SA:Oils(animal & vegetable) and fats: SITC 4",SA,0,CURR,0,MRET
EHBL,"BOP:Balance:SA:Organic chemicals:SITC 51",SA,0,CURR,0,MRET
EHBM,"BOP:Balance:SA:Inorganic chemicals: SITC 52",SA,0,CURR,0,MRET
EHBN,"BOP:Balance:SA:Medicinal products: SITC 54",SA,0,CURR,0,MRET
EHBO,"BOP:Balance:SA:Plastics: SITC 57+58",SA,0,CURR,0,MRET
EHBP,"BOP:Balance:SA:Material manufactures: SITC 6",SA,0,CURR,0,MRET
EHBQ,"BOP:Balance:SA:Wood & cork manufactures: SITC 63",SA,0,CURR,0,MRET
EHBR,"BOP:Balance:SA:Paper & paperboard: SITC 64",SA,0,CURR,0,MRET
EHBS,"BOP:Balance:SA:Textile fabrics: SITC 65",SA,0,CURR,0,MRET
EHBT,"BOP:Balance:SA:Iron & steel: SITC 67",SA,0,CURR,0,MRET
EHBU,"BOP:Balance:SA:Non ferrous metals: SITC 68",SA,0,CURR,0,MRET
EHBV,"BOP:Balance:SA:Misc metal manufactures: SITC 69",SA,0,CURR,0,MRET
EHBW,"BOP:Balance:SA:Machinery & transport equipment: SITC 7",SA,0,CURR,0,MRET
EHBX,"BOP:Balance:SA:Machinery: SITC 71-77",SA,0,CURR,0,MRET
EHBY,"BOP:Balance:SA:Mechanical Machinery: SITC 71-74 less 716",SA,0,CURR,0,MRET
EHBZ,"BOP:Balance:SA:Electrical Machinery: SITC 716+75+76+77",SA,0,CURR,0,MRET
EHCA,"BOP:Balance:SA:Road vehicles: SITC 78",SA,0,CURR,0,MRET
EHCB,"BOP:Balance:SA:Transport equipment other than road vehicles: SITC 79",SA,0,CURR,0,MRET
EHCC,"BOP:Balance:SA:Misc. finished manufactures: SITC 8",SA,0,CURR,0,MRET
EHCD,"BOP:Balance:SA:Clothing and footwear: SITC 84+85",SA,0,CURR,0,MRET
EHCE,"BOP:Balance:SA:Scientific & photographic: SITC 87+88",SA,0,CURR,0,MRET
EHCF,"BOP:EX:volume index:SA:Food: SITC 0",SA,0,NONE,2011,MRET
EHCG,"BOP:EX:volume index:SA:Meat: SITC 01",SA,0,NONE,2011,MRET
EHCH,"BOP:EX:volume index:SA:Dairy products & eggs: SITC 02",SA,0,NONE,2011,MRET
EHCI,"BOP:EX:volume index:SA:Cereals and animal feeding stuffs: SITC 04+08",SA,0,NONE,2011,MRET
EHCJ,"BOP:EX:volume index:SA:Fruit & vegetables: SITC 05",SA,0,NONE,2011,MRET
EHCK,"BOP:EX:volume index:SA:Beverages & tobacco: SITC 1",SA,0,NONE,2011,MRET
EHCL,"BOP:EX:volume index:SA:Beverages: SITC 11",SA,0,NONE,2011,MRET
EHCM,"BOP:EX:volume index:SA:Tobacco: SITC 12",SA,0,NONE,2011,MRET
EHCN,"BOP:EX:volume index:SA:Crude Materials: SITC 2",SA,0,NONE,2011,MRET
EHCO,"BOP:EX:volume index:SA:Textile fibres: SITC 26",SA,0,NONE,2011,MRET
EHCP,"BOP:EX:volume index:SA:Metal ores: SITC 28",SA,0,NONE,2011,MRET
EHCQ,"BOP:EX:volume index:SA:Oils(animal & vegetable) and fats: SITC 4",SA,0,NONE,2011,MRET
EHCR,"BOP:EX:volume index:SA:Organic chemicals:SITC 51",SA,0,NONE,2011,MRET
EHCS,"BOP:EX:volume index:SA:Inorganic chemicals: SITC 52",SA,0,NONE,2011,MRET
EHCT,"BOP:EX:volume index:SA:Medicinal products: SITC 54",SA,0,NONE,2011,MRET
EHCU,"BOP:EX:volume index:SA:Plastics: SITC 57+58",SA,0,NONE,2011,MRET
EHCV,"BOP:EX:volume index:SA:Material manufactures: SITC 6",SA,0,NONE,2011,MRET
EHCW,"BOP:EX:volume index:SA:Wood & cork manufactures: SITC 63",SA,0,NONE,2011,MRET
EHCX,"BOP:EX:volume index:SA:Paper & paperboard: SITC 64",SA,0,NONE,2011,MRET
EHCY,"BOP:EX:volume index:SA:Textile fabrics: SITC 65",SA,0,NONE,2011,MRET
EHCZ,"BOP:EX:volume index:SA:Iron & steel: SITC 67",SA,0,NONE,2011,MRET
EHDA,"BOP:EX:volume index:SA:Non ferrous metals: SITC 68",SA,0,NONE,2011,MRET
EHDB,"BOP:EX:volume index:SA:Misc metal manufactures: SITC 69",SA,0,NONE,2011,MRET
EHDC,"BOP:EX:volume index:SA:Machinery & transport equipment: SITC 7",SA,0,NONE,2011,MRET
EHDD,"BOP:EX:volume index:SA:Machinery: SITC 71-77",SA,0,NONE,2011,MRET
EHDE,"BOP:EX:volume index:SA:Mechanical Machinery: SITC 71-74 less 716",SA,0,NONE,2011,MRET
EHDF,"BOP:EX:volume index:SA:Electrical Machinery: SITC 716+75+76+77",SA,0,NONE,2011,MRET
EHDG,"BOP:EX:volume index:SA:Road vehicles: SITC 78",SA,0,NONE,2011,MRET
EHDH,"BOP:EX:volume index:SA:Transport equipment other than road vehicles: SITC 79",SA,0,NONE,2011,MRET
EHDI,"BOP:EX:volume index:SA:Misc. finished manufactures: SITC 8",SA,0,NONE,2011,MRET
EHDJ,"BOP:EX:volume index:SA:Clothing and footwear: SITC 84+85",SA,0,NONE,2011,MRET
EHDK,"BOP:EX:volume index:SA:Scientific & photographic: SITC 87+88",SA,0,NONE,2011,MRET
EHDL,"BOP:IM:volume index:SA:Food: SITC 0",SA,0,NONE,2011,MRET
EHDM,"BOP:IM:volume index:SA:Meat: SITC 01",SA,0,NONE,2011,MRET
EHDN,"BOP:IM:volume index:SA:Dairy products & eggs: SITC 02",SA,0,NONE,2011,MRET
EHDO,"BOP:IM:volume index:SA:Cereals and animal feeding stuffs: SITC 04+08",SA,0,NONE,2011,MRET
EHDP,"BOP:IM:volume index:SA:Fruit & vegetables: SITC 05",SA,0,NONE,2011,MRET
EHDQ,"BOP:IM:volume index:SA:Beverages & tobacco: SITC 1",SA,0,NONE,2011,MRET
EHDR,"BOP:IM:volume index:SA:Beverages: SITC 11",SA,0,NONE,2011,MRET
EHDS,"BOP:IM:volume index:SA:Tobacco: SITC 12",SA,0,NONE,2011,MRET
EHDT,"BOP:IM:volume index:SA:Crude Materials: SITC 2",SA,0,NONE,2011,MRET
EHDU,"BOP:IM:volume index:SA:Wood & cork : SITC 24",SA,0,NONE,2011,MRET
EHDV,"BOP:IM:volume index:SA:Pulp & waste paper: SITC 25",SA,0,NONE,2011,MRET
EHDW,"BOP:IM:volume index:SA:Textile fibres: SITC 26",SA,0,NONE,2011,MRET
EHDX,"BOP:IM:volume index:SA:Metal ores: SITC 28",SA,0,NONE,2011,MRET
EHDY,"BOP:IM:volume index:SA:Oils(animal & vegetable) and fats: SITC 4",SA,0,NONE,2011,MRET
EHDZ,"BOP:IM:volume index:SA:Organic chemicals:SITC 51",SA,0,NONE,2011,MRET
EHEA,"BOP:IM:volume index:SA:Inorganic chemicals: SITC 52",SA,0,NONE,2011,MRET
EHEB,"BOP:IM:volume index:SA:Medicinal products: SITC 54",SA,0,NONE,2011,MRET
EHEC,"BOP:IM:volume index:SA:Plastics: SITC 57+58",SA,0,NONE,2011,MRET
EHED,"BOP:IM:volume index:SA:Material manufactures: SITC 6",SA,0,NONE,2011,MRET
EHEE,"BOP:IM:volume index:SA:Wood & cork manufactures: SITC 63",SA,0,NONE,2011,MRET
EHEF,"BOP:IM:volume index:SA:Paper & paperboard: SITC 64",SA,0,NONE,2011,MRET
EHEG,"BOP:IM:volume index:SA:Textile fabrics: SITC 65",SA,0,NONE,2011,MRET
EHEH,"BOP:IM:volume index:SA:Iron & steel: SITC 67",SA,0,NONE,2011,MRET
EHEI,"BOP:IM:volume index:SA:Non ferrous metals: SITC 68",SA,0,NONE,2011,MRET
EHEJ,"BOP:IM:volume index:SA:Misc metal manufactures: SITC 69",SA,0,NONE,2011,MRET
EHEK,"BOP:IM:volume index:SA:Machinery & transport equipment: SITC 7",SA,0,NONE,2011,MRET
EHEL,"BOP:IM:volume index:SA:Machinery: SITC 71-77",SA,0,NONE,2011,MRET
EHEM,"BOP:IM:volume index:SA:Mechanical Machinery: SITC 71-74 less 716",SA,0,NONE,2011,MRET
EHEN,"BOP:IM:volume index:SA:Electrical Machinery: SITC 716+75+76+77",SA,0,NONE,2011,MRET
EHEO,"BOP:IM:volume index:SA:Road vehicles: SITC 78",SA,0,NONE,2011,MRET
EHEP,"BOP:IM:volume index:SA:Transport equipment other than road vehicles: SITC 79",SA,0,NONE,2011,MRET
EHEQ,"BOP:IM:volume index:SA:Misc. finished manufactures: SITC 8",SA,0,NONE,2011,MRET
EHER,"BOP:IM:volume index:SA:Clothing and footwear: SITC 84+85",SA,0,NONE,2011,MRET
EHES,"BOP:IM:volume index:SA:Scientific & photographic: SITC 87+88",SA,0,NONE,2011,MRET
EHET,"BOP:EX:price index:NSA:Food: SITC 0",NSA,0,NONE,2011,MRET
EHEU,"BOP:EX:price index:NSA:Meat: SITC 01",NSA,0,NONE,2011,MRET
EHEV,"BOP:EX:price index:NSA:Dairy products & eggs: SITC 02",NSA,0,NONE,2011,MRET
EHEW,"BOP:EX:price index:NSA:Cereals and animal feeding stuffs: SITC 04+08",NSA,0,NONE,2011,MRET
EHEX,"BOP:EX:price index:NSA:Fruit & vegetables: SITC 05",NSA,0,NONE,2011,MRET
EHEY,"BOP:EX:price index:NSA:Beverages & tobacco: SITC 1",NSA,0,NONE,2011,MRET
EHEZ,"BOP:EX:price index:NSA:Beverages: SITC 11",NSA,0,NONE,2011,MRET
EHFA,"BOP:EX:price index:NSA:Tobacco: SITC 12",NSA,0,NONE,2011,MRET
EHFB,"BOP:EX:price index:NSA:Crude Materials: SITC 2",NSA,0,NONE,2011,MRET
EHFC,"BOP:EX:price index:NSA:Textile fibres: SITC 26",NSA,0,NONE,2011,MRET
EHFD,"BOP:EX:price index:NSA:Metal ores: SITC 28",NSA,0,NONE,2011,MRET
EHFE,"BOP:EX:price index:NSA:Oils(animal & vegetable) and fats: SITC 4",NSA,0,NONE,2011,MRET
EHFF,"BOP:EX:price index:NSA:Organic chemicals:SITC 51",NSA,0,NONE,2011,MRET
EHFG,"BOP:EX:price index:NSA:Inorganic chemicals: SITC 52",NSA,0,NONE,2011,MRET
EHFH,"BOP:EX:price index:NSA:Medicinal products: SITC 54",NSA,0,NONE,2011,MRET
EHFI,"BOP:EX:price index:NSA:Plastics: SITC 57+58",NSA,0,NONE,2011,MRET
EHFJ,"BOP:EX:price index:NSA:Material manufactures: SITC 6",NSA,0,NONE,2011,MRET
EHFK,"BOP:EX:price index:NSA:Wood & cork manufactures: SITC 63",NSA,0,NONE,2011,MRET
EHFL,"BOP:EX:price index:NSA:Paper & paperboard: SITC 64",NSA,0,NONE,2011,MRET
EHFM,"BOP:EX:price index:NSA:Textile fabrics: SITC 65",NSA,0,NONE,2011,MRET
EHFN,"BOP:EX:price index:NSA:Iron & steel: SITC 67",NSA,0,NONE,2011,MRET
EHFO,"BOP:EX:price index:NSA:Non ferrous metals: SITC 68",NSA,0,NONE,2011,MRET
EHFP,"BOP:EX:price index:NSA:Misc metal manufactures: SITC 69",NSA,0,NONE,2011,MRET
EHFQ,"BOP:EX:price index:NSA:Machinery & transport equipment: SITC 7",NSA,0,NONE,2011,MRET
EHFR,"BOP:EX:price index:NSA:Machinery: SITC 71-77",NSA,0,NONE,2011,MRET
EHFS,"BOP:EX:price index:NSA:Mechanical Machinery: SITC 71-74 less 716",NSA,0,NONE,2011,MRET
EHFT,"BOP:EX:price index:NSA:Electrical Machinery: SITC 716+75+76+77",NSA,0,NONE,2011,MRET
EHFU,"BOP:EX:price index:NSA:Road vehicles: SITC 78",NSA,0,NONE,2011,MRET
EHFV,"BOP:EX:price index:NSA:Transport equipment other than road vehicles: SITC 79",NSA,0,NONE,2011,MRET
EHFW,"BOP:EX:price index:NSA:Misc. finished manufactures: SITC 8",NSA,0,NONE,2011,MRET
EHFX,"BOP:EX:price index:NSA:Clothing and footwear: SITC 84+85",NSA,0,NONE,2011,MRET
EHFY,"BOP:EX:price index:NSA:Scientific & photographic: SITC 87+88",NSA,0,NONE,2011,MRET
EHFZ,"BOP:IM:price index:NSA:Food: SITC 0",NSA,0,NONE,2011,MRET
EHGA,"BOP:IM:price index:NSA:Meat: SITC 01",NSA,0,NONE,2011,MRET
EHGB,"BOP:IM:price index:NSA:Dairy products & eggs: SITC 02",NSA,0,NONE,2011,MRET
EHGC,"BOP:IM:price index:NSA:Cereals and animal feeding stuffs: SITC 04+08",NSA,0,NONE,2011,MRET
EHGD,"BOP:IM:price index:NSA:Fruit & vegetables: SITC 05",NSA,0,NONE,2011,MRET
EHGE,"BOP:IM:price index:NSA:Beverages & tobacco: SITC 1",NSA,0,NONE,2011,MRET
EHGF,"BOP:IM:price index:NSA:Beverages: SITC 11",NSA,0,NONE,2011,MRET
EHGG,"BOP:IM:price index:NSA:Tobacco: SITC 12",NSA,0,NONE,2011,MRET
EHGH,"BOP:IM:price index:NSA:Crude Materials: SITC 2",NSA,0,NONE,2011,MRET
EHGI,"BOP:IM:price index:NSA:Wood & cork : SITC 24",NSA,0,NONE,2011,MRET
EHGJ,"BOP:IM:price index:NSA:Pulp & waste paper: SITC 25",NSA,0,NONE,2011,MRET
EHGK,"BOP:IM:price index:NSA:Textile fibres: SITC 26",NSA,0,NONE,2011,MRET
EHGL,"BOP:IM:price index:NSA:Metal ores: SITC 28",NSA,0,NONE,2011,MRET
EHGM,"BOP:IM:price index:NSA:Oils(animal & vegetable) and fats: SITC 4",NSA,0,NONE,2011,MRET
EHGN,"BOP:IM:price index:NSA:Organic chemicals:SITC 51",NSA,0,NONE,2011,MRET
EHGO,"BOP:IM:price index:NSA:Inorganic chemicals: SITC 52",NSA,0,NONE,2011,MRET
EHGP,"BOP:IM:price index:NSA:Medicinal products: SITC 54",NSA,0,NONE,2011,MRET
EHGQ,"BOP:IM:price index:NSA:Plastics: SITC 57+58",NSA,0,NONE,2011,MRET
EHGR,"BOP:IM:price index:NSA:Material manufactures: SITC 6",NSA,0,NONE,2011,MRET
EHGS,"BOP:IM:price index:NSA:Wood & cork manufactures: SITC 63",NSA,0,NONE,2011,MRET
EHGT,"BOP:IM:price index:NSA:Paper & paperboard: SITC 64",NSA,0,NONE,2011,MRET
EHGU,"BOP:IM:price index:NSA:Textile fabrics: SITC 65",NSA,0,NONE,2011,MRET
EHGV,"BOP:IM:price index:NSA:Iron & steel: SITC 67",NSA,0,NONE,2011,MRET
EHGW,"BOP:IM:price index:NSA:Non ferrous metals: SITC 68",NSA,0,NONE,2011,MRET
EHGX,"BOP:IM:price index:NSA:Misc metal manufactures: SITC 69",NSA,0,NONE,2011,MRET
EHGY,"BOP:IM:price index:NSA:Machinery & transport equipment: SITC 7",NSA,0,NONE,2011,MRET
EHGZ,"BOP:IM:price index:NSA:Machinery: SITC 71-77",NSA,0,NONE,2011,MRET
EHHA,"BOP:IM:price index:NSA:Mechanical Machinery: SITC 71-74 less 716",NSA,0,NONE,2011,MRET
EHHB,"BOP:IM:price index:NSA:Electrical Machinery: SITC 716+75+76+77",NSA,0,NONE,2011,MRET
EHHC,"BOP:IM:price index:NSA:Road vehicles: SITC 78",NSA,0,NONE,2011,MRET
EHHD,"BOP:IM:price index:NSA:Transport equipment other than road vehicles: SITC 79",NSA,0,NONE,2011,MRET
EHHE,"BOP:IM:price index:NSA:Misc. finished manufactures: SITC 8",NSA,0,NONE,2011,MRET
EHHF,"BOP:IM:price index:NSA:Clothing and footwear: SITC 84+85",NSA,0,NONE,2011,MRET
EHHG,"BOP:IM:price index:NSA:Scientific & photographic: SITC 87+88",NSA,0,NONE,2011,MRET
ELAB,"BOP:IM:volume index:SA:Finished manufactures: SITC 7+8",SA,0,NONE,2011,MRET
ELAG,"BOP:IM:volume index:SA:Semi-manufactures less erratics: SITC5+6 less PS",SA,0,NONE,2011,MRET
ELAH,"BOP:IM:volume index:SA:Finished manufactures less erratics: SITC 7+8 less SNA",SA,0,NONE,2011,MRET
ELAI,"BOP:IM:volume index:SA:Manufactures less erratics: SITC 5+6+7+8 less SNAPS",SA,0,NONE,2011,MRET
ELAJ,"BOP:IM:volume index:SA:Manufactures: SITC 5+6+7+8",SA,0,NONE,2011,MRET
ELAK,"BOP:IM:volume index:SA:Total trade in goods less erratics",SA,0,NONE,2011,MRET
ELAL,"BOP:IM:volume index:SA:Total trade in goods less oil and erratics",SA,0,NONE,2011,MRET
ELAN,"BOP:IM:price index:NSA:Food, beverages and tobacco: SITC 0+1",NSA,0,NONE,2011,MRET
ELAO,"BOP:IM:price index:NSA:Basic materials: SITC 2+4",NSA,0,NONE,2011,MRET
ELAP,"BOP:IM:price index:NSA:Fuels: SITC 3",NSA,0,NONE,2011,MRET
ELAQ,"BOP:IM:price index:NSA:Semi-manufactures: SITC 5+6",NSA,0,NONE,2011,MRET
ELAR,"BOP:IM:price index:NSA:Finished manufactures: SITC 7+8",NSA,0,NONE,2011,MRET
ELAV,"BOP:IM:price index:NSA:Semi-manufactures less erratics: SITC5+6 less PS",NSA,0,NONE,2011,MRET
ELAW,"BOP:IM:price index:NSA:Finished manufactures less erratics: SITC 7+8 less SNA",NSA,0,NONE,2011,MRET
ELAX,"BOP:IM:price index:NSA:Manufactures less erratics: SITC 5+6+7+8 less SNAPS",NSA,0,NONE,2011,MRET
ELAY,"BOP:IM:price index:NSA:Manufactures: SITC 5+6+7+8",NSA,0,NONE,2011,MRET
ELAZ,"BOP:IM:price index:NSA:Total trade in goods less erratics",NSA,0,NONE,2011,MRET
ELBA,"BOP:IM:price index:NSA:Total trade in goods less oil and erratics",NSA,0,NONE,2011,MRET
ELBE,"BOP:Balance:SA:Food, beverages and tobacco: SITC 0+1 £M",SA,0,CURR,0,MRET
ELBF,"BOP:Balance:SA:Basic materials: SITC 2+4 £M",SA,0,CURR,0,MRET
ELBG,"BOP:Balance:SA:Fuels: SITC 3",SA,0,CURR,0,MRET
ELBH,"BOP:Balance:SA:Semi-manufactures: SITC 5+6 £M",SA,0,CURR,0,MRET
ELBI,"BOP:Balance:SA:Finished manufactures: SITC 7+8 £M",SA,0,CURR,0,MRET
ELBJ,"BOP:Balance:SA:Manufactures: SITC 5+6+7+8",SA,0,CURR,0,MRET
ELBL,"BOP:EX:SA:Oil: SITC 33 £M",SA,0,CURR,0,MRET
ELBM,"BOP:EX:SA:Total trade in goods less oil",SA,0,CURR,0,MRET
EMAI,"BOP:IM:SA:Tobacco: SITC 12",SA,0,CURR,0,MRET
ENDG,"BOP:EX:SA:Chemicals: SITC 5",SA,0,CURR,0,MRET
ENDH,"BOP:EX:SA:Material manufactures less erratics: SITC 6 less PS",SA,0,CURR,0,MRET
ENDJ,"BOP:EX:SA:Passenger motor cars: SITC 781",SA,0,CURR,0,MRET
ENDK,"BOP:EX:SA:Consumer goods other than cars: SITC 7+8(C)",SA,0,CURR,0,MRET
ENDL,"BOP:EX:SA:Intermediate goods: SITC 7+8(I)",SA,0,CURR,0,MRET
ENDM,"BOP:EX:SA:Capital goods: SITC 7+8(K)",SA,0,CURR,0,MRET
ENES,"BOP:EX:volume index:SA:Chemicals: SITC 5",SA,0,NONE,2011,MRET
ENET,"BOP:EX:volume index:SA:Material manufactures less erratics: SITC 6 less PS",SA,0,NONE,2011,MRET
ENEV,"BOP:EX:volume index:SA:Passenger motor cars: SITC 781",SA,0,NONE,2011,MRET
ENEW,"BOP:EX:volume index:SA:Consumer goods other than cars: SITC 7+8(C)",SA,0,NONE,2011,MRET
ENEX,"BOP:EX:volume index:SA:Intermediate goods: SITC 7+8(I)",SA,0,NONE,2011,MRET
ENEY,"BOP:EX:volume index:SA:Capital goods: SITC 7+8(K)",SA,0,NONE,2011,MRET
ENGA,"BOP:IM:SA:Chemicals: SITC 5",SA,0,CURR,0,MRET
ENGB,"BOP:IM:SA:Material manufactures less erratics: SITC 6 less PS",SA,0,CURR,0,MRET
ENGD,"BOP:IM:SA:Passenger motor cars: SITC 781",SA,0,CURR,0,MRET
ENGE,"BOP:IM:SA:Consumer goods other than cars: SITC 7+8(C)",SA,0,CURR,0,MRET
ENGF,"BOP:IM:SA:Intermediate goods: SITC 7+8(I)",SA,0,CURR,0,MRET
ENGG,"BOP:IM:SA:Capital goods: SITC 7+8(K)",SA,0,CURR,0,MRET
ENHG,"BOP:IM:volume index:SA:Chemicals: SITC 5",SA,0,NONE,2011,MRET
ENHH,"BOP:IM:volume index:SA:Material manufactures less erratics: SITC 6 less PS",SA,0,NONE,2011,MRET
ENHJ,"BOP:IM:volume index:SA:Passenger motor cars: SITC 781",SA,0,NONE,2011,MRET
ENHK,"BOP:IM:volume index:SA:Consumer goods other than cars: SITC 7+8(C)",SA,0,NONE,2011,MRET
ENHL,"BOP:IM:volume index:SA:Intermediate goods: SITC 7+8(I)",SA,0,NONE,2011,MRET
ENHM,"BOP:IM:volume index:SA:Capital goods: SITC 7+8(K)",SA,0,NONE,2011,MRET
ENIW,"BOP:Balance:SA:Fuels other than oil: SITC 32+34+35 £M",SA,0,CURR,0,MRET
ENIX,"BOP:Balance:SA:Chemicals: SITC 5",SA,0,CURR,0,MRET
ENIY,"BOP:Balance:SA:Material manufactures less erratics: SITC 6 less PS",SA,0,CURR,0,MRET
ENJA,"BOP:Balance:SA:Passenger motor cars: SITC 781",SA,0,CURR,0,MRET
ENJB,"BOP:Balance:SA:Consumer goods other than cars: SITC 7+8(C)",SA,0,CURR,0,MRET
ENJC,"BOP:Balance:SA:Intermediate goods: SITC 7+8(I)",SA,0,CURR,0,MRET
ENJD,"BOP:Balance:SA:Capital goods: SITC 7+8(K)",SA,0,CURR,0,MRET
ENVB,"BOP:IM:SA:Crude Materials: SITC 2",SA,0,CURR,0,MRET
ENVC,"BOP:IM:SA:Wood & cork : SITC 24",SA,0,CURR,0,MRET
ENXO,"BOP:IM:SA:Oil: SITC 33 £M",SA,0,CURR,0,MRET
ENXP,"BOP:IM:SA:Total trade in goods less oil",SA,0,CURR,0,MRET
ENXQ,"BOP:Balance:SA:Oil: SITC 33 £M",SA,0,CURR,0,MRET
ENYL,"BOP-consistent:Ex:Goods:SA:France",SA,0,CURR,0,MRET
ENYO,"BOP-consistent:Ex:Goods:SA:Germany",SA,0,CURR,0,MRET
ENYP,"BOP-consistent:Im:Goods:SA:France",SA,0,CURR,0,MRET
ENYS,"BOP-consistent:Im:Goods:SA:Germany",SA,0,CURR,0,MRET
ENYT,"BOP-consistent:Bal:Goods:SA:France",SA,0,CURR,0,MRET
ENYW,"BOP-consistent:Bal:Goods:SA:Germany",SA,0,CURR,0,MRET
EOBA,"BoP-consistent: Turkey: Exports: SA",SA,0,CURR,0,MRET
EOBC,"BoP-consistent : Canada: Exports: SA",SA,0,CURR,0,MRET
EOBD,"BoP-consistent: Japan: Exports: SA",SA,0,CURR,0,MRET
EOBU,"BoP-consistent: Turkey: Imports: SA",SA,0,CURR,0,MRET
EOBW,"BoP-consistent: Canada: Imports: SA",SA,0,CURR,0,MRET
EOBX,"BoP-consistent: Japan: Imports: SA",SA,0,CURR,0,MRET
EOCO,"BoP-consistent: Turkey: Balance: SA",SA,0,CURR,0,MRET
EOCQ,"BoP-consistent: Canada: Balance: SA",SA,0,CURR,0,MRET
EOCR,"BoP-consistent: Japan: Balance: SA",SA,0,CURR,0,MRET
EPJX,"BoP-consistent: Mexico: Exports: SA",SA,0,CURR,0,MRET
EPJY,"BoP-consistent: Mexico: Imports: SA",SA,0,CURR,0,MRET
EPJZ,"BoP-consistent: Mexico: Balance: SA",SA,0,CURR,0,MRET
EPLV,"BoP-consistent: Switzerland: Exports: SA",SA,0,CURR,0,MRET
EPLW,"BoP-consistent: Iceland: Exports: SA",SA,0,CURR,0,MRET
EPLX,"BoP-consistent: Norway: Exports: SA",SA,0,CURR,0,MRET
EPMA,"BoP-consistent: Australia: Exports: SA",SA,0,CURR,0,MRET
EPMB,"BoP-consistent: New Zealand: Exports: SA",SA,0,CURR,0,MRET
EPME,"BoP-consistent: South Africa: Exports: SA",SA,0,CURR,0,MRET
EPMV,"BoP-consistent: Switzerland: Imports: SA",SA,0,CURR,0,MRET
EPMW,"BoP-consistent: Iceland: Imports: SA",SA,0,CURR,0,MRET
EPMX,"BoP-consistent: Norway: Imports: SA",SA,0,CURR,0,MRET
EPNA,"BoP-consistent: Australia: Imports: SA",SA,0,CURR,0,MRET
EPNB,"BoP-consistent: New Zealand: Imports: SA",SA,0,CURR,0,MRET
EPNE,"BoP-consistent: South Africa: Imports: SA",SA,0,CURR,0,MRET
EPNV,"BoP-consistent: Switzerland: Balance: SA",SA,0,CURR,0,MRET
EPNW,"BoP-consistent: Iceland: Balance: SA",SA,0,CURR,0,MRET
EPNX,"BoP-consistent: Norway: Balance: SA",SA,0,CURR,0,MRET
EPOA,"BoP-consistent: Australia: Balance: SA",SA,0,CURR,0,MRET
EPOB,"BoP-consistent: New Zealand: Balance: SA",SA,0,CURR,0,MRET
EPOE,"BoP-consistent: South Africa: Balance: SA",SA,0,CURR,0,MRET
EQAH,"BOP:IM:SA:Pulp & waste paper: SITC 25",SA,0,CURR,0,MRET
EQAP,"BOP:IM:SA:Textile fibres: SITC 26",SA,0,CURR,0,MRET
ERDG,"BoP-consistent: Hong Kong: Exports: SA",SA,0,CURR,0,MRET
ERDH,"BoP-consistent: Singapore: Exports: SA",SA,0,CURR,0,MRET
ERDI,"BoP-consistent: Saudi Arabia: Exports: SA",SA,0,CURR,0,MRET
ERDJ,"BoP-consistent: India: Exports: SA",SA,0,CURR,0,MRET
ERDK,"BoP-consistent: Malaysia: Exports: SA",SA,0,CURR,0,MRET
ERDL,"BoP-consistent: Israel: Exports: SA",SA,0,CURR,0,MRET
ERDM,"BoP-consistent: South Korea: Exports: SA",SA,0,CURR,0,MRET
ERDN,"BoP-consistent: China: Exports: SA",SA,0,CURR,0,MRET
ERDO,"BoP-consistent: Thailand: Exports: SA",SA,0,CURR,0,MRET
ERDP,"BoP-consistent: Taiwan: Exports: SA",SA,0,CURR,0,MRET
ERDQ,"BoP-consistent: Russia: Exports: SA",SA,0,CURR,0,MRET
ERDR,"BoP-consistent: Poland: Exports: SA",SA,0,CURR,0,MRET
ERDS,"BoP-consistent: Hong Kong: Imports: SA",SA,0,CURR,0,MRET
ERDT,"BoP-consistent: Singapore: Imports: SA",SA,0,CURR,0,MRET
ERDU,"BoP-consistent: Saudi Arabia: Imports: SA",SA,0,CURR,0,MRET
ERDV,"BoP-consistent: India: Imports: SA",SA,0,CURR,0,MRET
ERDW,"BoP-consistent: Malaysia: Imports: SA",SA,0,CURR,0,MRET
ERDX,"BoP-consistent: Israel: Imports: SA",SA,0,CURR,0,MRET
ERDY,"BoP-consistent: South Korea: Imports: SA",SA,0,CURR,0,MRET
ERDZ,"BoP-consistent: China: Imports: SA",SA,0,CURR,0,MRET
EREA,"BoP-consistent: Thailand: Imports: SA",SA,0,CURR,0,MRET
EREB,"BoP-consistent: Taiwan: Imports: SA",SA,0,CURR,0,MRET
EREC,"BoP-consistent: Russia: Imports: SA",SA,0,CURR,0,MRET
ERED,"BoP-consistent: Poland: Imports: SA",SA,0,CURR,0,MRET
EREE,"BoP-consistent: Hong Kong: Balance: SA",SA,0,CURR,0,MRET
EREF,"BoP-consistent: Singapore: Balance: SA",SA,0,CURR,0,MRET
EREG,"BoP-consistent: Saudi Arabia: Balance: SA",SA,0,CURR,0,MRET
EREH,"BoP-consistent: India: Balance: SA",SA,0,CURR,0,MRET
EREI,"BoP-consistent: Malaysia: Balance: SA",SA,0,CURR,0,MRET
EREJ,"BoP-consistent: Israel: Balance: SA",SA,0,CURR,0,MRET
EREK,"BoP-consistent: South Korea: Balance: SA",SA,0,CURR,0,MRET
EREL,"BoP-consistent: China: Balance: SA",SA,0,CURR,0,MRET
EREM,"BoP-consistent: Thailand: Balance: SA",SA,0,CURR,0,MRET
EREN,"BoP-consistent: Taiwan: Balance: SA",SA,0,CURR,0,MRET
EREO,"BoP-consistent: Russia: Balance: SA",SA,0,CURR,0,MRET
EREP,"BoP-consistent: Poland: Balance: SA",SA,0,CURR,0,MRET
FKML,"BoP-consistent: Czech Republic: Exports: SA",SA,0,CURR,0,MRET
FKMM,"BoP-consistent: Czech Republic: Imports: SA",SA,0,CURR,0,MRET
FKMN,"BoP-consistent: Czech Republic: Balance: SA",SA,0,CURR,0,MRET
FKMO,"BoP-consistent: Brazil: Exports: SA",SA,0,CURR,0,MRET
FKMP,"BoP-consistent: Brazil: Imports: SA",SA,0,CURR,0,MRET
FKMQ,"BoP-consistent: Brazil: Balance: SA",SA,0,CURR,0,MRET
FKMR,"BoP-consistent: Indonesia: Exports: SA",SA,0,CURR,0,MRET
FKMS,"BoP-consistent: Indonesia: Imports: SA",SA,0,CURR,0,MRET
FKMT,"BoP-consistent: Indonesia: Balance: SA",SA,0,CURR,0,MRET
FKMU,"BoP-consistent: Pakistan: Exports: SA",SA,0,CURR,0,MRET
FKMV,"BoP-consistent: Pakistan: Imports: SA",SA,0,CURR,0,MRET
FKMW,"BoP-consistent: Pakistan: Balance: SA",SA,0,CURR,0,MRET
FKMX,"BoP-consistent: Philippines: Exports: SA",SA,0,CURR,0,MRET
FKMY,"BoP-consistent: Philippines: Imports: SA",SA,0,CURR,0,MRET
FKMZ,"BoP-consistent: Philippines: Balance: SA",SA,0,CURR,0,MRET
HBTS,"BOP: Imports: SA: Western Europe excluding EC",SA,0,CURR,0,MRET
HBVG,"BOP: Balance: SA: Oil exporting countries",SA,0,CURR,0,MRET
HBXP,"BOP: Balance: SA: Rest of the World",SA,0,CURR,0,MRET
HBYF,"BOP: Balance: SA: North America",SA,0,CURR,0,MRET
HBZD,"BOP: Balance: SA: Other OECD countries",SA,0,CURR,0,MRET
HBZQ,"BOP: Exports: SA: North America",SA,0,CURR,0,MRET
HBZW,"BOP: Balance: SA: Western Europe excluding EC",SA,0,CURR,0,MRET
HCHW,"BOP: Exports: SA: Rest of the World",SA,0,CURR,0,MRET
HCIF,"BOP: Imports: SA: Rest of the World",SA,0,CURR,0,MRET
HCII,"BOP: Exports: SA: Other OECD countries",SA,0,CURR,0,MRET
HCJD,"BOP: Exports: SA: Western Europe excluding EC",SA,0,CURR,0,MRET
HCPC,"BOP: Imports: SA: Oil exporting countries",SA,0,CURR,0,MRET
HCRB,"BOP: Imports: SA: North America",SA,0,CURR,0,MRET
HDII,"BOP: Exports: SA: Oil exporting countries",SA,0,CURR,0,MRET
HDJQ,"BOP: Imports: SA: Other OECD countries",SA,0,CURR,0,MRET
IKBB,"Balance of Payments: Trade in Services: Total exports: CP SA £m",SA,0,CURR,0,MRET
IKBC,"Balance of Payments: Trade in Services: Total Imports: CP SA £m",SA,0,CURR,0,MRET
IKBD,"Balance of Payments: Trade in Services: Total balance: CP SA £m",SA,0,CURR,0,MRET
IKBH,"Balance of Payments: Trade in Goods & Services: Total exports: CP SA £m",SA,0,CURR,0,MRET
IKBI,"Balance of Payments: Trade in Goods & Services: Total imports: CP SA £m",SA,0,CURR,0,MRET
IKBJ,"Balance of Payments: Trade in Goods & Services: Total balance: CP SA £m",SA,0,CURR,0,MRET
J8YG,"BOP-consistent:UAE:Balance:SA",SA,0,CURR,0,MRET
J8YH,"Bop-consistent:UAE:Exports:SA",SA,0,CURR,0,MRET
J8YI,"Bop-consistent:UAE:Imports:SA",SA,0,CURR,0,MRET
J9C4,"BoP - consistent: USA with Puerto Rico: Balance: SA",SA,0,CURR,0,MRET
J9C5,"BoP - consistent: USA with Puerto Rico: Exports: SA",SA,0,CURR,0,MRET
J9C6,"BoP - consistent: USA with Puerto Rico: Imports: SA",SA,0,CURR,0,MRET
L87K,"non-EU(2013):BOP:Balance:SA:Total Trade in Goods £M",SA,0,CURR,0,MRET
L87M,"non-EU(2013):BOP:EX:SA:Total Trade in Goods £M",SA,0,CURR,0,MRET
L87O,"non-EU(2013):BOP:IM:SA:Total Trade in Goods £M",SA,0,CURR,0,MRET
L87Q,"EU (inc. Croatia):BOP:Balance:SA:Total Trade in Goods £M",SA,0,CURR,0,MRET
L87S,"EU(inc. Croatia):BOP:EX:SA:Total Trade in Goods £M",SA,0,CURR,0,MRET
L87U,"EU(inc. Croatia):BOP:IM:SA:Total Trade in Goods £M",SA,0,CURR,0,MRET
LGCG,"EU(2004):BOP:Balance:SA:Total Trade in Goods",SA,0,CURR,0,MRET
LGCK,"EU(2004):BOP:EX:SA:Total Trade in Goods",SA,0,CURR,0,MRET
LGCR,"EU(2004):BOP:EX:price index:NSA:Total Trade in Goods",NSA,0,NONE,2011,MRET
LGCT,"EU(2004):BOP:EX:volume index:SA:Total Trade in Goods",SA,0,NONE,2011,MRET
LGDC,"EU(2004):BOP:IM:SA:Total Trade in Goods",SA,0,CURR,0,MRET
LGDJ,"EU(2004):BOP:IM:price index:NSA:Total Trade in Goods",NSA,0,NONE,2011,MRET
LGDL,"EU(2004):BOP:IM:volume index:SA:Total Trade in Goods",SA,0,NONE,2011,MRET
LGDT,"non-EU(inc. Croatia):BOP:Balance:SA:Total Trade in Goods",SA,0,CURR,0,MRET
LGDY,"non-EU(inc. Croatia):BOP:EX:SA:Total Trade in Goods",SA,0,CURR,0,MRET
LGEF,"non-EU(2004):BOP:EX:price index:NSA:Total Trade in Goods",NSA,0,NONE,2011,MRET
LGEH,"non-EU(2004):BOP:EX:volume index:SA:Total Trade in Goods",SA,0,NONE,2011,MRET
LGER,"non-EU(inc. Croatia):BOP:IM:SA:Total Trade in Goods",SA,0,CURR,0,MRET
LGEY,"non-EU(2004):BOP:IM:price index:NSA:Total Trade in Goods",NSA,0,NONE,2011,MRET
LGFA,"non-EU(2004):BOP:IM:volume index:SA:Total Trade in Goods",SA,0,NONE,2011,MRET
LKTY,"EU:BOP:Balance:SA:Total trade in goods less oil",SA,0,CURR,0,MRET
LKUC,"EU:BOP:EX:SA:Total trade in goods less oil",SA,0,CURR,0,MRET
LKUJ,"EU(2004):BOP:EX:price index:NSA:Total trade in goods less oil",NSA,0,NONE,2011,MRET
LKUL,"EU(2004):BOP:EX:volume index:SA:Total trade in goods less oil",SA,0,NONE,2011,MRET
LKUU,"EU:BOP:IM:SA:Total trade in goods less oil",SA,0,CURR,0,MRET
LKVB,"EU(2004):BOP:IM:price index:NSA:Total trade in goods less oil",NSA,0,NONE,2011,MRET
LKVD,"EU(2004):BOP:IM:volume index:SA:Total trade in goods less oil",SA,0,NONE,2011,MRET
LKVL,"non-EU:BOP:Balance:SA:Total trade in goods less oil",SA,0,CURR,0,MRET
LKVQ,"non-EU:BOP:EX:SA:Total trade in goods less oil",SA,0,CURR,0,MRET
LKVX,"non-EU(2004):BOP:EX:price index:NSA:Total trade in goods less oil",NSA,0,NONE,2011,MRET
LKVZ,"non-EU(2004):BOP:EX:volume index:SA:Total trade in goods less oil",SA,0,NONE,2011,MRET
LKWJ,"non-EU:BOP:IM:SA:Total trade in goods less oil",SA,0,CURR,0,MRET
LKWQ,"non-EU(2004):BOP:IM:price index:NSA:Total trade in goods less oil",NSA,0,NONE,2011,MRET
LKWS,"non-EU(2004):BOP:IM:volume index:SA:Total trade in goods less oil",SA,0,NONE,2011,MRET
OFNN,"MTIC fraud trade £ million",SA,0,CURR,0,MRET
QALC,"BoP-consistent: Hungary: Exports: SA",SA,0,CURR,0,MRET
QALD,"BoP-consistent: Hungary: Imports: SA",SA,0,CURR,0,MRET
QALE,"BoP-consistent: Hungary: Balance: SA",SA,0,CURR,0,MRET
QALL,"BoP-consistent: Egypt: Exports: SA",SA,0,CURR,0,MRET
QALM,"BoP-consistent: Egypt: Imports: SA",SA,0,CURR,0,MRET
QALN,"BoP-consistent: Egypt: Balance: SA",SA,0,CURR,0,MRET
QALO,"BoP: Ex: SA: Precious stones: SITC 667",SA,0,CURR,0,MRET
QALP,"BoP: Im: SA: Precious stones: SITC 667",SA,0,CURR,0,MRET
QALQ,"BoP: Balance: SA: Precious stones: SITC 667",SA,0,CURR,0,MRET
QALR,"BoP: Ex: SA: Silver: SITC: 681.1",SA,0,CURR,0,MRET
QALS,"BoP: Im: SA: Silver: SITC 681.1",SA,0,CURR,0,MRET
QALT,"BoP: Balance: SA: Silver: SITC 681.1",SA,0,CURR,0,MRET
QALU,"BoP: Ex: SA: Aircraft: SITC 792",SA,0,CURR,0,MRET
QALV,"BoP: Im: SA: Aircraft: SITC792",SA,0,CURR,0,MRET
QALW,"BoP: Balance: SA: Aircraft: SITC 792",SA,0,CURR,0,MRET
QALX,"BoP: Ex: SA: Ships: SITC 793",SA,0,CURR,0,MRET
QALY,"BoP: Im: SA: Ships: SITC 793",SA,0,CURR,0,MRET
QALZ,"BoP: Balance: SA: Ships: SITC 793",SA,0,CURR,0,MRET
QATB,"BoP-consistent: Kuwait: Exports: SA",SA,0,CURR,0,MRET
QATC,"BoP-consistent: Kuwait: Imports: SA",SA,0,CURR,0,MRET
QATD,"BoP-consistent: Kuwait: Balance: SA",SA,0,CURR,0,MRET
SDCR,"EU:BOP:Balance:SA:Total trade in goods less erratics",SA,0,CURR,0,MRET
SDCV,"EU:BOP:EX:SA:Total trade in goods less erratics",SA,0,CURR,0,MRET
SDDC,"EU(2004):BOP:EX:price index:NSA:Total trade in goods less erratics",NSA,0,NONE,2011,MRET
SDDE,"EU(2004):BOP:EX:volume index:SA:Total trade in goods less erratics",SA,0,NONE,2011,MRET
SDDO,"EU:BOP:IM:SA:Total trade in goods less erratics",SA,0,CURR,0,MRET
SDDV,"EU(2004):BOP:IM:price index:NSA:Total trade in goods less erratics",NSA,0,NONE,2011,MRET
SDDX,"EU(2004):BOP:IM:volume index:SA:Total trade in goods less erratics",SA,0,NONE,2011,MRET
SDED,"non-EU:BOP:Balance:SA:Total trade in goods less erratics",SA,0,CURR,0,MRET
SDEH,"non-EU:BOP:EX:SA:Total trade in goods less erratics",SA,0,CURR,0,MRET
SDEO,"non-EU(2004):BOP:EX:price index:NSA:Total trade in goods less erratics",NSA,0,NONE,2011,MRET
SDEQ,"non-EU(2004):BOP:EX:volume index:SA:Total trade in goods less erratics",SA,0,NONE,2011,MRET
SDEZ,"non-EU:BOP:IM:SA:Total trade in goods less erratics",SA,0,CURR,0,MRET
SDFG,"non-EU(2004):BOP:IM:price index:NSA:Total trade in goods less erratics",NSA,0,NONE,2011,MRET
SDFI,"non-EU(2004):BOP:IM:volume index:SA:Total trade in goods less erratics",SA,0,NONE,2011,MRET
SDFP,"EU(2004):BOP:Balance:SA:Fuels: SITC 3",SA,0,CURR,0,MRET
SDFT,"EU(2004):BOP:EX:SA:Fuels: SITC 3",SA,0,CURR,0,MRET
SDJM,"EU(2004):BOP:EX:price index:NSA:Fuels: SITC 3",NSA,0,NONE,2011,MRET
SDJP,"EU(2004):BOP:EX:volume index:SA:Fuels: SITC 3",SA,0,NONE,2011,MRET
SDJZ,"EU(2004):BOP:IM:SA:Fuels: SITC 3",SA,0,CURR,0,MRET
SDKG,"EU(2004):BOP:IM:price index:NSA:Fuels: SITC 3",NSA,0,NONE,2011,MRET
SDKI,"EU(2004):BOP:IM:volume index:SA:Fuels: SITC 3",SA,0,NONE,2011,MRET
SDKP,"non-EU(2004):BOP:Balance:SA:Fuels: SITC 3",SA,0,CURR,0,MRET
SDLA,"non-EU(2004):BOP:EX:SA:Fuels: SITC 3",SA,0,CURR,0,MRET
SDLI,"non-EU(2004):BOP:EX:price index:NSA:Fuels: SITC 3",NSA,0,NONE,2011,MRET
SDLK,"non-EU(2004):BOP:EX:volume index:SA:Fuels: SITC 3",SA,0,NONE,2011,MRET
SDLT,"non-EU(2004):BOP:IM:SA:Fuels: SITC 3",SA,0,CURR,0,MRET
SDMA,"non-EU(2004):BOP:IM:price index:NSA:Fuels: SITC 3",NSA,0,NONE,2011,MRET
SDMC,"non-EU(2004):BOP:IM:volume index:SA:Fuels: SITC 3",SA,0,NONE,2011,MRET
SDMV,"EU(2004):BOP:Balance:SA:Food, beverages and tobacco: SITC 0+1",SA,0,CURR,0,MRET
SDNI,"EU(2004):BOP:EX:SA:Food, beverages and tobacco: SITC 0+1",SA,0,CURR,0,MRET
SDNQ,"EU(2004):BOP:EX:price index:NSA:Food, beverages and tobacco: SITC 0+1",NSA,0,NONE,2011,MRET
SDNS,"EU(2004):BOP:EX:volume index:SA:Food, beverages and tobacco: SITC 0+1",SA,0,NONE,2011,MRET
SDOY,"EU(2004):BOP:IM:SA:Food, beverages and tobacco: SITC 0+1",SA,0,CURR,0,MRET
SDPG,"EU(2004):BOP:IM:price index:NSA:Food, beverages and tobacco: SITC 0+1",NSA,0,NONE,2011,MRET
SDPJ,"EU(2004):BOP:IM:volume index:SA:Food, beverages and tobacco: SITC 0+1",SA,0,NONE,2011,MRET
SDPW,"non-EU(2004):BOP:Balance:SA:Food, beverages and tobacco: SITC 0+1",SA,0,CURR,0,MRET
SDQL,"non-EU(2004):BOP:EX:SA:Food, beverages and tobacco: SITC 0+1",SA,0,CURR,0,MRET
SDQU,"non-EU(2004):BOP:EX:price index:NSA:Food, beverages and tobacco: SITC 0+1",NSA,0,NONE,2011,MRET
SDQW,"non-EU(2004):BOP:EX:volume index:SA:Food, beverages and tobacco: SITC 0+1",SA,0,NONE,2011,MRET
SDSA,"non-EU(2004):BOP:IM:SA:Food, beverages and tobacco: SITC 0+1",SA,0,CURR,0,MRET
SDSI,"non-EU(2004):BOP:IM:price index:NSA:Food, beverages and tobacco: SITC 0+1",NSA,0,NONE,2011,MRET
SDSK,"non-EU(2004):BOP:IM:volume index:SA:Food, beverages and tobacco: SITC 0+1",SA,0,NONE,2011,MRET
SDTB,"EU(2004):BOP:Balance:SA:Basic materials: SITC 2+4",SA,0,CURR,0,MRET
SDTO,"EU(2004):BOP:EX:SA:Basic materials: SITC 2+4",SA,0,CURR,0,MRET
SDTW,"EU(2004):BOP:EX:price index:NSA:Basic materials: SITC 2+4",NSA,0,NONE,2011,MRET
SDTY,"EU(2004):BOP:EX:volume index:SA:Basic materials: SITC 2+4",SA,0,NONE,2011,MRET
SDVA,"EU(2004):BOP:IM:SA:Basic materials: SITC 2+4",SA,0,CURR,0,MRET
SDVI,"EU(2004):BOP:IM:price index:NSA:Basic materials: SITC 2+4",NSA,0,NONE,2011,MRET
SDVK,"EU(2004):BOP:IM:volume index:SA:Basic materials: SITC 2+4",SA,0,NONE,2011,MRET
SDVX,"non-EU(2004):BOP:Balance:SA:Basic materials: SITC 2+4",SA,0,CURR,0,MRET
SDWK,"non-EU(2004):BOP:EX:SA:Basic materials: SITC 2+4",SA,0,CURR,0,MRET
SDWS,"non-EU(2004):BOP:EX:price index:NSA:Basic materials: SITC 2+4",NSA,0,NONE,2011,MRET
SDWU,"non-EU(2004):BOP:EX:volume index:SA:Basic materials: SITC 2+4",SA,0,NONE,2011,MRET
SDXV,"non-EU(2004):BOP:IM:SA:Basic materials: SITC 2+4",SA,0,CURR,0,MRET
SDYD,"non-EU(2004):BOP:IM:price index:NSA:Basic materials: SITC 2+4",NSA,0,NONE,2011,MRET
SDYF,"non-EU(2004):BOP:IM:volume index:SA:Basic materials: SITC 2+4",SA,0,NONE,2011,MRET
SDZE,"EU(2004):BOP:EX:SA:Crude oil: SITC 333",SA,0,CURR,0,MRET
SEAS,"EU(2004):BOP:IM:SA:Crude oil: SITC 333",SA,0,CURR,0,MRET
SECD,"non-EU(2004):BOP:EX:SA:Crude oil: SITC 333",SA,0,CURR,0,MRET
SEDS,"non-EU(2004):BOP:IM:SA:Crude oil: SITC 333",SA,0,CURR,0,MRET
SEFC,"EU(2004):BOP:EX:SA:Oil products: SITC 334+335",SA,0,CURR,0,MRET
SEGN,"EU(2004):BOP:IM:SA:Oil products: SITC 334+335",SA,0,CURR,0,MRET
SEHU,"non-EU(2004):BOP:EX:SA:Oil products: SITC 334+335",SA,0,CURR,0,MRET
SEJG,"non-EU(2004):BOP:IM:SA:Oil products: SITC 334+335",SA,0,CURR,0,MRET
SESM,"EU(2004):BOP:Balance:SA:Semi-manufactures: SITC 5+6",SA,0,CURR,0,MRET
SESQ,"EU(2004):BOP:EX:SA:Semi-manufactures: SITC 5+6",SA,0,CURR,0,MRET
SESX,"EU(2004):BOP:EX:price index:NSA:Semi-manufactures: SITC 5+6",NSA,0,NONE,2011,MRET
SESZ,"EU(2004):BOP:EX:volume index:SA:Semi-manufactures: SITC 5+6",SA,0,NONE,2011,MRET
SETI,"EU(2004):BOP:IM:SA:Semi-manufactures: SITC 5+6",SA,0,CURR,0,MRET
SETP,"EU(2004):BOP:IM:price index:NSA:Semi-manufactures: SITC 5+6",NSA,0,NONE,2011,MRET
SETR,"EU(2004):BOP:IM:volume index:SA:Semi-manufactures: SITC 5+6",SA,0,NONE,2011,MRET
SETY,"non-EU(2004):BOP:Balance:SA:Semi-manufactures: SITC 5+6",SA,0,CURR,0,MRET
SEUC,"non-EU(2004):BOP:EX:SA:Semi-manufactures: SITC 5+6",SA,0,CURR,0,MRET
SEUJ,"non-EU(2004):BOP:EX:price index:NSA:Semi-manufactures: SITC 5+6",NSA,0,NONE,2011,MRET
SEUL,"non-EU(2004):BOP:EX:volume index:SA:Semi-manufactures: SITC 5+6",SA,0,NONE,2011,MRET
SEUU,"non-EU(2004):BOP:IM:SA:Semi-manufactures: SITC 5+6",SA,0,CURR,0,MRET
SEVB,"non-EU(2004):BOP:IM:price index:NSA:Semi-manufactures: SITC 5+6",NSA,0,NONE,2011,MRET
SEVD,"non-EU(2004):BOP:IM:volume index:SA:Semi-manufactures: SITC 5+6",SA,0,NONE,2011,MRET
SFJD,"EU(2004):BOP:Balance:SA:Finished manufactures: SITC 7+8",SA,0,CURR,0,MRET
SFJH,"EU(2004):BOP:EX:SA:Finished manufactures: SITC 7+8",SA,0,CURR,0,MRET
SFJP,"EU(2004):BOP:EX:price index:NSA:Finished manufactures: SITC 7+8",NSA,0,NONE,2011,MRET
SFJR,"EU(2004):BOP:EX:volume index:SA:Finished manufactures: SITC 7+8",SA,0,NONE,2011,MRET
SFKA,"EU(2004):BOP:IM:SA:Finished manufactures: SITC 7+8",SA,0,CURR,0,MRET
SFKH,"EU(2004):BOP:IM:price index:NSA:Finished manufactures: SITC 7+8",NSA,0,NONE,2011,MRET
SFKJ,"EU(2004):BOP:IM:volume index:SA:Finished manufactures: SITC 7+8",SA,0,NONE,2011,MRET
SFKU,"non-EU(2004):BOP:Balance:SA:Finished manufactures: SITC 7+8",SA,0,CURR,0,MRET
SFKY,"non-EU(2004):BOP:EX:SA:Finished manufactures: SITC 7+8",SA,0,CURR,0,MRET
SFLG,"non-EU(2004):BOP:EX:price index:NSA:Finished manufactures: SITC 7+8",NSA,0,NONE,2011,MRET
SFLI,"non-EU(2004):BOP:EX:volume index:SA:Finished manufactures: SITC 7+8",SA,0,NONE,2011,MRET
SFLR,"non-EU(2004):BOP:IM:SA:Finished manufactures: SITC 7+8",SA,0,CURR,0,MRET
SFLY,"non-EU(2004):BOP:IM:price index:NSA:Finished manufactures: SITC 7+8",NSA,0,NONE,2011,MRET
SFMA,"non-EU(2004):BOP:IM:volume index:SA:Finished manufactures: SITC 7+8",SA,0,NONE,2011,MRET
SGLP,"EU(2004):BOP:Balance:SA:Manufactures: SITC 5+6+7+8",SA,0,CURR,0,MRET
SGLT,"EU(2004):BOP:EX:SA:Manufactures: SITC 5+6+7+8",SA,0,CURR,0,MRET
SGMA,"EU(2004):BOP:EX:price index:NSA:Manufactures: SITC 5+6+7+8",NSA,0,NONE,2011,MRET
SGMC,"EU(2004):BOP:EX:volume index:SA:Manufactures: SITC 5+6+7+8",SA,0,NONE,2011,MRET
SGML,"EU(2004):BOP:IM:SA:Manufactures: SITC 5+6+7+8",SA,0,CURR,0,MRET
SGMS,"EU(2004):BOP:IM:price index:NSA:Manufactures: SITC 5+6+7+8",NSA,0,NONE,2011,MRET
SGMU,"EU(2004):BOP:IM:volume index:SA:Manufactures: SITC 5+6+7+8",SA,0,NONE,2011,MRET
SGNB,"non-EU(2004):BOP:Balance:SA:Manufactures: SITC 5+6+7+8",SA,0,CURR,0,MRET
SGNF,"non-EU(2004):BOP:EX:SA:Manufactures: SITC 5+6+7+8",SA,0,CURR,0,MRET
SGNM,"non-EU(2004):BOP:EX:price index:NSA:Manufactures: SITC 5+6+7+8",NSA,0,NONE,2011,MRET
SGNO,"non-EU(2004):BOP:EX:volume index:SA:Manufactures: SITC 5+6+7+8",SA,0,NONE,2011,MRET
SGNX,"non-EU(2004):BOP:IM:SA:Manufactures: SITC 5+6+7+8",SA,0,CURR,0,MRET
SGOE,"non-EU(2004):BOP:IM:price index:NSA:Manufactures: SITC 5+6+7+8",NSA,0,NONE,2011,MRET
SGOG,"non-EU(2004):BOP:IM:volume index:SA:Manufactures: SITC 5+6+7+8",SA,0,NONE,2011,MRET
SGOO,"EU(2004):BOP:Balance:SA:Unspecified goods: SITC 9",SA,0,CURR,0,MRET
SGPB,"EU(2004):BOP:EX:SA:Unspecified goods: SITC 9",SA,0,CURR,0,MRET
SGQM,"EU(2004):BOP:IM:SA:Unspecified goods: SITC 9",SA,0,CURR,0,MRET
SGRK,"non-EU(2004):BOP:Balance:SA:Unspecified goods: SITC 9",SA,0,CURR,0,MRET
SGRX,"non-EU(2004):BOP:EX:SA:Unspecified goods: SITC 9",SA,0,CURR,0,MRET
SGTK,"non-EU(2004):BOP:IM:SA:Unspecified goods: SITC 9",SA,0,CURR,0,MRET
SHBF,"EU:BOP:Balance:SA:Total trade in goods less oil and erratics",SA,0,CURR,0,MRET
SHBJ,"EU:BOP:EX:SA:Total trade in goods less oil and erratics",SA,0,CURR,0,MRET
SHBQ,"EU(2004):BOP:EX:price index:NSA:Total trade in goods less oil and erratics",NSA,0,NONE,2011,MRET
SHBS,"EU(2004):BOP:EX:volume index:SA:Total trade in goods less oil and erratics",SA,0,NONE,2011,MRET
SHCC,"EU:BOP:IM:SA:Total trade in goods less oil and erratics",SA,0,CURR,0,MRET
SHCM,"EU(2004):BOP:IM:price index:NSA:Total trade in goods less oil and erratics",NSA,0,NONE,2011,MRET
SHCO,"EU(2004):BOP:IM:volume index:SA:Total trade in goods less oil and erratics",SA,0,NONE,2011,MRET
SHCV,"non-EU:BOP:Balance:SA:Total trade in goods less oil and erratics",SA,0,CURR,0,MRET
SHDA,"non-EU:BOP:EX:SA:Total trade in goods less oil and erratics",SA,0,CURR,0,MRET
SHDH,"non-EU(2004):BOP:EX:price index:NSA:Total trade in goods less oil and erratics",NSA,0,NONE,2011,MRET
SHDJ,"non-EU(2004):BOP:EX:volume index:SA:Total trade in goods less oil and erratics",SA,0,NONE,2011,MRET
SHDU,"non-EU:BOP:IM:SA:Total trade in goods less oil and erratics",SA,0,CURR,0,MRET
SHEB,"non-EU(2004):BOP:IM:price index:NSA:Total trade in goods less oil and erratics",NSA,0,NONE,2011,MRET
SHED,"non-EU(2004):BOP:IM:volume index:SA:Total trade in goods less oil and erratics",SA,0,NONE,2011,MRET
SIHU,"EU(2004):BOP:Balance:SA:Oil: SITC 33",SA,0,CURR,0,MRET
SIHY,"EU(2004):BOP:EX:SA:Oil: SITC 33",SA,0,CURR,0,MRET
SIIQ,"EU(2004):BOP:IM:SA:Oil: SITC 33",SA,0,CURR,0,MRET
SIJG,"non-EU(2004):BOP:Balance:SA:Oil: SITC 33",SA,0,CURR,0,MRET
SIJK,"non-EU(2004):BOP:EX:SA:Oil: SITC 33",SA,0,CURR,0,MRET
SIKC,"non-EU(2004):BOP:IM:SA:Oil: SITC 33",SA,0,CURR,0,MRET
THAP,"Exchange rates for euro monthly average - sterling euro",NSA,0,CURR,0,MRET
WMCX,"BOP-consistent:Bal:Goods:SA:Bulgaria",SA,0,CURR,0,MRET
WMDB,"BOP-consistent:Ex:Goods:SA:Romania",SA,0,CURR,0,MRET
WMDC,"BOP-consistent:Im:Goods:SA:Romania",SA,0,CURR,0,MRET
WMDG,"BOP-consistent:Bal:Goods:SA:Romania",SA,0,CURR,0,MRET
WYUF,"BOP-consistent:Ex:Goods:SA:Bulgaria",SA,0,CURR,0,MRET